ISO-10303-21;
HEADER;
FILE_DESCRIPTION(('Open CASCADE Model'),'2;1');
FILE_NAME('Open CASCADE Shape Model','2026-06-07T01:59:46',('Author'),(
    'Open CASCADE'),'Open CASCADE STEP processor 7.8','build123d',
  'Unknown');
FILE_SCHEMA(('AUTOMOTIVE_DESIGN { 1 0 10303 214 1 1 1 1 }'));
ENDSEC;
DATA;
#1 = APPLICATION_PROTOCOL_DEFINITION('international standard',
  'automotive_design',2000,#2);
#2 = APPLICATION_CONTEXT(
  'core data for automotive mechanical design processes');
#3 = SHAPE_DEFINITION_REPRESENTATION(#4,#10);
#4 = PRODUCT_DEFINITION_SHAPE('','',#5);
#5 = PRODUCT_DEFINITION('design','',#6,#9);
#6 = PRODUCT_DEFINITION_FORMATION('','',#7);
#7 = PRODUCT('COMPOUND','COMPOUND','',(#8));
#8 = PRODUCT_CONTEXT('',#2,'mechanical');
#9 = PRODUCT_DEFINITION_CONTEXT('part definition',#2,'design');
#10 = ADVANCED_BREP_SHAPE_REPRESENTATION('',(#11,#15),#5889);
#11 = AXIS2_PLACEMENT_3D('',#12,#13,#14);
#12 = CARTESIAN_POINT('',(0.,0.,0.));
#13 = DIRECTION('',(0.,0.,1.));
#14 = DIRECTION('',(1.,0.,-0.));
#15 = MANIFOLD_SOLID_BREP('',#16);
#16 = CLOSED_SHELL('',(#17,#105,#140,#144,#199,#1513,#1589,#1638,#1687,
    #1736,#1892,#1941,#1990,#2017,#2072,#2127,#2182,#2237,#2292,#2347,
    #2655,#2756,#2805,#2874,#2909,#2944,#2979,#3017,#3052,#3090,#3161,
    #3210,#3237,#3286,#3335,#3384,#3433,#3482,#3509,#3763,#3843,#3898,
    #3953,#4008,#4527,#4582,#5101,#5177,#5209,#5263,#5317,#5371,#5425,
    #5457,#5533,#5537,#5541,#5545,#5549,#5553,#5557,#5628,#5655,#5704,
    #5753,#5802,#5851,#5878));
#17 = ADVANCED_FACE('',(#18),#32,.T.);
#18 = FACE_BOUND('',#19,.T.);
#19 = EDGE_LOOP('',(#20,#50,#77,#78));
#20 = ORIENTED_EDGE('',*,*,#21,.T.);
#21 = EDGE_CURVE('',#22,#24,#26,.T.);
#22 = VERTEX_POINT('',#23);
#23 = CARTESIAN_POINT('',(53.5,13.5,6.));
#24 = VERTEX_POINT('',#25);
#25 = CARTESIAN_POINT('',(53.5,13.5,19.5));
#26 = SEAM_CURVE('',#27,(#31,#43),.PCURVE_S1.);
#27 = LINE('',#28,#29);
#28 = CARTESIAN_POINT('',(53.5,13.5,3.));
#29 = VECTOR('',#30,1.);
#30 = DIRECTION('',(0.,0.,1.));
#31 = PCURVE('',#32,#37);
#32 = CYLINDRICAL_SURFACE('',#33,1.);
#33 = AXIS2_PLACEMENT_3D('',#34,#35,#36);
#34 = CARTESIAN_POINT('',(52.5,13.5,3.));
#35 = DIRECTION('',(0.,0.,1.));
#36 = DIRECTION('',(1.,0.,0.));
#37 = DEFINITIONAL_REPRESENTATION('',(#38),#42);
#38 = LINE('',#39,#40);
#39 = CARTESIAN_POINT('',(6.28318530718,-0.));
#40 = VECTOR('',#41,1.);
#41 = DIRECTION('',(0.,1.));
#42 = ( GEOMETRIC_REPRESENTATION_CONTEXT(2) 
PARAMETRIC_REPRESENTATION_CONTEXT() REPRESENTATION_CONTEXT('2D SPACE',''
  ) );
#43 = PCURVE('',#32,#44);
#44 = DEFINITIONAL_REPRESENTATION('',(#45),#49);
#45 = LINE('',#46,#47);
#46 = CARTESIAN_POINT('',(0.,-0.));
#47 = VECTOR('',#48,1.);
#48 = DIRECTION('',(0.,1.));
#49 = ( GEOMETRIC_REPRESENTATION_CONTEXT(2) 
PARAMETRIC_REPRESENTATION_CONTEXT() REPRESENTATION_CONTEXT('2D SPACE',''
  ) );
#50 = ORIENTED_EDGE('',*,*,#51,.F.);
#51 = EDGE_CURVE('',#24,#24,#52,.T.);
#52 = SURFACE_CURVE('',#53,(#58,#65),.PCURVE_S1.);
#53 = CIRCLE('',#54,1.);
#54 = AXIS2_PLACEMENT_3D('',#55,#56,#57);
#55 = CARTESIAN_POINT('',(52.5,13.5,19.5));
#56 = DIRECTION('',(0.,0.,1.));
#57 = DIRECTION('',(1.,0.,0.));
#58 = PCURVE('',#32,#59);
#59 = DEFINITIONAL_REPRESENTATION('',(#60),#64);
#60 = LINE('',#61,#62);
#61 = CARTESIAN_POINT('',(0.,16.5));
#62 = VECTOR('',#63,1.);
#63 = DIRECTION('',(1.,0.));
#64 = ( GEOMETRIC_REPRESENTATION_CONTEXT(2) 
PARAMETRIC_REPRESENTATION_CONTEXT() REPRESENTATION_CONTEXT('2D SPACE',''
  ) );
#65 = PCURVE('',#66,#71);
#66 = PLANE('',#67);
#67 = AXIS2_PLACEMENT_3D('',#68,#69,#70);
#68 = CARTESIAN_POINT('',(52.5,13.5,19.5));
#69 = DIRECTION('',(0.,0.,1.));
#70 = DIRECTION('',(1.,0.,0.));
#71 = DEFINITIONAL_REPRESENTATION('',(#72),#76);
#72 = CIRCLE('',#73,1.);
#73 = AXIS2_PLACEMENT_2D('',#74,#75);
#74 = CARTESIAN_POINT('',(0.,0.));
#75 = DIRECTION('',(1.,0.));
#76 = ( GEOMETRIC_REPRESENTATION_CONTEXT(2) 
PARAMETRIC_REPRESENTATION_CONTEXT() REPRESENTATION_CONTEXT('2D SPACE',''
  ) );
#77 = ORIENTED_EDGE('',*,*,#21,.F.);
#78 = ORIENTED_EDGE('',*,*,#79,.T.);
#79 = EDGE_CURVE('',#22,#22,#80,.T.);
#80 = SURFACE_CURVE('',#81,(#86,#93),.PCURVE_S1.);
#81 = CIRCLE('',#82,1.);
#82 = AXIS2_PLACEMENT_3D('',#83,#84,#85);
#83 = CARTESIAN_POINT('',(52.5,13.5,6.));
#84 = DIRECTION('',(0.,0.,1.));
#85 = DIRECTION('',(1.,0.,-0.));
#86 = PCURVE('',#32,#87);
#87 = DEFINITIONAL_REPRESENTATION('',(#88),#92);
#88 = LINE('',#89,#90);
#89 = CARTESIAN_POINT('',(0.,3.));
#90 = VECTOR('',#91,1.);
#91 = DIRECTION('',(1.,0.));
#92 = ( GEOMETRIC_REPRESENTATION_CONTEXT(2) 
PARAMETRIC_REPRESENTATION_CONTEXT() REPRESENTATION_CONTEXT('2D SPACE',''
  ) );
#93 = PCURVE('',#94,#99);
#94 = PLANE('',#95);
#95 = AXIS2_PLACEMENT_3D('',#96,#97,#98);
#96 = CARTESIAN_POINT('',(52.5,13.5,6.));
#97 = DIRECTION('',(0.,0.,1.));
#98 = DIRECTION('',(1.,0.,0.));
#99 = DEFINITIONAL_REPRESENTATION('',(#100),#104);
#100 = CIRCLE('',#101,1.);
#101 = AXIS2_PLACEMENT_2D('',#102,#103);
#102 = CARTESIAN_POINT('',(0.,0.));
#103 = DIRECTION('',(1.,0.));
#104 = ( GEOMETRIC_REPRESENTATION_CONTEXT(2) 
PARAMETRIC_REPRESENTATION_CONTEXT() REPRESENTATION_CONTEXT('2D SPACE',''
  ) );
#105 = ADVANCED_FACE('',(#106,#137),#94,.T.);
#106 = FACE_BOUND('',#107,.T.);
#107 = EDGE_LOOP('',(#108));
#108 = ORIENTED_EDGE('',*,*,#109,.T.);
#109 = EDGE_CURVE('',#110,#110,#112,.T.);
#110 = VERTEX_POINT('',#111);
#111 = CARTESIAN_POINT('',(55.,13.5,6.));
#112 = SURFACE_CURVE('',#113,(#118,#125),.PCURVE_S1.);
#113 = CIRCLE('',#114,2.5);
#114 = AXIS2_PLACEMENT_3D('',#115,#116,#117);
#115 = CARTESIAN_POINT('',(52.5,13.5,6.));
#116 = DIRECTION('',(0.,0.,1.));
#117 = DIRECTION('',(1.,0.,0.));
#118 = PCURVE('',#94,#119);
#119 = DEFINITIONAL_REPRESENTATION('',(#120),#124);
#120 = CIRCLE('',#121,2.5);
#121 = AXIS2_PLACEMENT_2D('',#122,#123);
#122 = CARTESIAN_POINT('',(0.,0.));
#123 = DIRECTION('',(1.,0.));
#124 = ( GEOMETRIC_REPRESENTATION_CONTEXT(2) 
PARAMETRIC_REPRESENTATION_CONTEXT() REPRESENTATION_CONTEXT('2D SPACE',''
  ) );
#125 = PCURVE('',#126,#131);
#126 = CYLINDRICAL_SURFACE('',#127,2.5);
#127 = AXIS2_PLACEMENT_3D('',#128,#129,#130);
#128 = CARTESIAN_POINT('',(52.5,13.5,3.));
#129 = DIRECTION('',(0.,0.,1.));
#130 = DIRECTION('',(1.,0.,0.));
#131 = DEFINITIONAL_REPRESENTATION('',(#132),#136);
#132 = LINE('',#133,#134);
#133 = CARTESIAN_POINT('',(0.,3.));
#134 = VECTOR('',#135,1.);
#135 = DIRECTION('',(1.,0.));
#136 = ( GEOMETRIC_REPRESENTATION_CONTEXT(2) 
PARAMETRIC_REPRESENTATION_CONTEXT() REPRESENTATION_CONTEXT('2D SPACE',''
  ) );
#137 = FACE_BOUND('',#138,.T.);
#138 = EDGE_LOOP('',(#139));
#139 = ORIENTED_EDGE('',*,*,#79,.F.);
#140 = ADVANCED_FACE('',(#141),#66,.T.);
#141 = FACE_BOUND('',#142,.T.);
#142 = EDGE_LOOP('',(#143));
#143 = ORIENTED_EDGE('',*,*,#51,.T.);
#144 = ADVANCED_FACE('',(#145),#126,.T.);
#145 = FACE_BOUND('',#146,.T.);
#146 = EDGE_LOOP('',(#147,#148,#171,#198));
#147 = ORIENTED_EDGE('',*,*,#109,.F.);
#148 = ORIENTED_EDGE('',*,*,#149,.F.);
#149 = EDGE_CURVE('',#150,#110,#152,.T.);
#150 = VERTEX_POINT('',#151);
#151 = CARTESIAN_POINT('',(55.,13.5,3.));
#152 = SEAM_CURVE('',#153,(#157,#164),.PCURVE_S1.);
#153 = LINE('',#154,#155);
#154 = CARTESIAN_POINT('',(55.,13.5,3.));
#155 = VECTOR('',#156,1.);
#156 = DIRECTION('',(0.,0.,1.));
#157 = PCURVE('',#126,#158);
#158 = DEFINITIONAL_REPRESENTATION('',(#159),#163);
#159 = LINE('',#160,#161);
#160 = CARTESIAN_POINT('',(6.28318530718,-0.));
#161 = VECTOR('',#162,1.);
#162 = DIRECTION('',(0.,1.));
#163 = ( GEOMETRIC_REPRESENTATION_CONTEXT(2) 
PARAMETRIC_REPRESENTATION_CONTEXT() REPRESENTATION_CONTEXT('2D SPACE',''
  ) );
#164 = PCURVE('',#126,#165);
#165 = DEFINITIONAL_REPRESENTATION('',(#166),#170);
#166 = LINE('',#167,#168);
#167 = CARTESIAN_POINT('',(0.,-0.));
#168 = VECTOR('',#169,1.);
#169 = DIRECTION('',(0.,1.));
#170 = ( GEOMETRIC_REPRESENTATION_CONTEXT(2) 
PARAMETRIC_REPRESENTATION_CONTEXT() REPRESENTATION_CONTEXT('2D SPACE',''
  ) );
#171 = ORIENTED_EDGE('',*,*,#172,.T.);
#172 = EDGE_CURVE('',#150,#150,#173,.T.);
#173 = SURFACE_CURVE('',#174,(#179,#186),.PCURVE_S1.);
#174 = CIRCLE('',#175,2.5);
#175 = AXIS2_PLACEMENT_3D('',#176,#177,#178);
#176 = CARTESIAN_POINT('',(52.5,13.5,3.));
#177 = DIRECTION('',(0.,0.,1.));
#178 = DIRECTION('',(1.,0.,0.));
#179 = PCURVE('',#126,#180);
#180 = DEFINITIONAL_REPRESENTATION('',(#181),#185);
#181 = LINE('',#182,#183);
#182 = CARTESIAN_POINT('',(0.,0.));
#183 = VECTOR('',#184,1.);
#184 = DIRECTION('',(1.,0.));
#185 = ( GEOMETRIC_REPRESENTATION_CONTEXT(2) 
PARAMETRIC_REPRESENTATION_CONTEXT() REPRESENTATION_CONTEXT('2D SPACE',''
  ) );
#186 = PCURVE('',#187,#192);
#187 = PLANE('',#188);
#188 = AXIS2_PLACEMENT_3D('',#189,#190,#191);
#189 = CARTESIAN_POINT('',(-1.568726706104E-19,-2.879505121058E-15,3.));
#190 = DIRECTION('',(0.,0.,1.));
#191 = DIRECTION('',(1.,0.,0.));
#192 = DEFINITIONAL_REPRESENTATION('',(#193),#197);
#193 = CIRCLE('',#194,2.5);
#194 = AXIS2_PLACEMENT_2D('',#195,#196);
#195 = CARTESIAN_POINT('',(52.5,13.5));
#196 = DIRECTION('',(1.,0.));
#197 = ( GEOMETRIC_REPRESENTATION_CONTEXT(2) 
PARAMETRIC_REPRESENTATION_CONTEXT() REPRESENTATION_CONTEXT('2D SPACE',''
  ) );
#198 = ORIENTED_EDGE('',*,*,#149,.T.);
#199 = ADVANCED_FACE('',(#200,#426,#457,#488,#519,#999,#1030,#1510),#187
  ,.T.);
#200 = FACE_BOUND('',#201,.T.);
#201 = EDGE_LOOP('',(#202,#232,#260,#288,#316,#344,#372,#400));
#202 = ORIENTED_EDGE('',*,*,#203,.F.);
#203 = EDGE_CURVE('',#204,#206,#208,.T.);
#204 = VERTEX_POINT('',#205);
#205 = CARTESIAN_POINT('',(-65.5,-15.67157287525,3.));
#206 = VERTEX_POINT('',#207);
#207 = CARTESIAN_POINT('',(-65.5,15.671572875254,3.));
#208 = SURFACE_CURVE('',#209,(#213,#220),.PCURVE_S1.);
#209 = LINE('',#210,#211);
#210 = CARTESIAN_POINT('',(-65.5,-2.879505121058E-15,3.));
#211 = VECTOR('',#212,1.);
#212 = DIRECTION('',(0.,1.,0.));
#213 = PCURVE('',#187,#214);
#214 = DEFINITIONAL_REPRESENTATION('',(#215),#219);
#215 = LINE('',#216,#217);
#216 = CARTESIAN_POINT('',(-65.5,0.));
#217 = VECTOR('',#218,1.);
#218 = DIRECTION('',(0.,1.));
#219 = ( GEOMETRIC_REPRESENTATION_CONTEXT(2) 
PARAMETRIC_REPRESENTATION_CONTEXT() REPRESENTATION_CONTEXT('2D SPACE',''
  ) );
#220 = PCURVE('',#221,#226);
#221 = PLANE('',#222);
#222 = AXIS2_PLACEMENT_3D('',#223,#224,#225);
#223 = CARTESIAN_POINT('',(-65.5,-15.67157287525,19.42));
#224 = DIRECTION('',(1.,0.,0.));
#225 = DIRECTION('',(-0.,1.,0.));
#226 = DEFINITIONAL_REPRESENTATION('',(#227),#231);
#227 = LINE('',#228,#229);
#228 = CARTESIAN_POINT('',(15.671572875254,-16.42));
#229 = VECTOR('',#230,1.);
#230 = DIRECTION('',(1.,0.));
#231 = ( GEOMETRIC_REPRESENTATION_CONTEXT(2) 
PARAMETRIC_REPRESENTATION_CONTEXT() REPRESENTATION_CONTEXT('2D SPACE',''
  ) );
#232 = ORIENTED_EDGE('',*,*,#233,.T.);
#233 = EDGE_CURVE('',#204,#234,#236,.T.);
#234 = VERTEX_POINT('',#235);
#235 = CARTESIAN_POINT('',(-56.67157287525,-24.5,3.));
#236 = SURFACE_CURVE('',#237,(#241,#248),.PCURVE_S1.);
#237 = LINE('',#238,#239);
#238 = CARTESIAN_POINT('',(-66.08578643762,-15.08578643762,3.));
#239 = VECTOR('',#240,1.);
#240 = DIRECTION('',(0.707106781187,-0.707106781187,0.));
#241 = PCURVE('',#187,#242);
#242 = DEFINITIONAL_REPRESENTATION('',(#243),#247);
#243 = LINE('',#244,#245);
#244 = CARTESIAN_POINT('',(-66.08578643762,-15.08578643762));
#245 = VECTOR('',#246,1.);
#246 = DIRECTION('',(0.707106781187,-0.707106781187));
#247 = ( GEOMETRIC_REPRESENTATION_CONTEXT(2) 
PARAMETRIC_REPRESENTATION_CONTEXT() REPRESENTATION_CONTEXT('2D SPACE',''
  ) );
#248 = PCURVE('',#249,#254);
#249 = PLANE('',#250);
#250 = AXIS2_PLACEMENT_3D('',#251,#252,#253);
#251 = CARTESIAN_POINT('',(-65.5,-15.67157287525,19.42));
#252 = DIRECTION('',(-0.707106781187,-0.707106781187,0.));
#253 = DIRECTION('',(0.707106781187,-0.707106781187,0.));
#254 = DEFINITIONAL_REPRESENTATION('',(#255),#259);
#255 = LINE('',#256,#257);
#256 = CARTESIAN_POINT('',(-0.828427124746,-16.42));
#257 = VECTOR('',#258,1.);
#258 = DIRECTION('',(1.,0.));
#259 = ( GEOMETRIC_REPRESENTATION_CONTEXT(2) 
PARAMETRIC_REPRESENTATION_CONTEXT() REPRESENTATION_CONTEXT('2D SPACE',''
  ) );
#260 = ORIENTED_EDGE('',*,*,#261,.T.);
#261 = EDGE_CURVE('',#234,#262,#264,.T.);
#262 = VERTEX_POINT('',#263);
#263 = CARTESIAN_POINT('',(56.671572875254,-24.5,3.));
#264 = SURFACE_CURVE('',#265,(#269,#276),.PCURVE_S1.);
#265 = LINE('',#266,#267);
#266 = CARTESIAN_POINT('',(-1.568726706104E-19,-24.5,3.));
#267 = VECTOR('',#268,1.);
#268 = DIRECTION('',(1.,0.,0.));
#269 = PCURVE('',#187,#270);
#270 = DEFINITIONAL_REPRESENTATION('',(#271),#275);
#271 = LINE('',#272,#273);
#272 = CARTESIAN_POINT('',(0.,-24.5));
#273 = VECTOR('',#274,1.);
#274 = DIRECTION('',(1.,0.));
#275 = ( GEOMETRIC_REPRESENTATION_CONTEXT(2) 
PARAMETRIC_REPRESENTATION_CONTEXT() REPRESENTATION_CONTEXT('2D SPACE',''
  ) );
#276 = PCURVE('',#277,#282);
#277 = PLANE('',#278);
#278 = AXIS2_PLACEMENT_3D('',#279,#280,#281);
#279 = CARTESIAN_POINT('',(-56.67157287525,-24.5,19.42));
#280 = DIRECTION('',(0.,-1.,0.));
#281 = DIRECTION('',(1.,0.,0.));
#282 = DEFINITIONAL_REPRESENTATION('',(#283),#287);
#283 = LINE('',#284,#285);
#284 = CARTESIAN_POINT('',(56.671572875254,-16.42));
#285 = VECTOR('',#286,1.);
#286 = DIRECTION('',(1.,0.));
#287 = ( GEOMETRIC_REPRESENTATION_CONTEXT(2) 
PARAMETRIC_REPRESENTATION_CONTEXT() REPRESENTATION_CONTEXT('2D SPACE',''
  ) );
#288 = ORIENTED_EDGE('',*,*,#289,.T.);
#289 = EDGE_CURVE('',#262,#290,#292,.T.);
#290 = VERTEX_POINT('',#291);
#291 = CARTESIAN_POINT('',(65.5,-15.67157287525,3.));
#292 = SURFACE_CURVE('',#293,(#297,#304),.PCURVE_S1.);
#293 = LINE('',#294,#295);
#294 = CARTESIAN_POINT('',(56.085786437627,-25.08578643762,3.));
#295 = VECTOR('',#296,1.);
#296 = DIRECTION('',(0.707106781187,0.707106781187,0.));
#297 = PCURVE('',#187,#298);
#298 = DEFINITIONAL_REPRESENTATION('',(#299),#303);
#299 = LINE('',#300,#301);
#300 = CARTESIAN_POINT('',(56.085786437627,-25.08578643762));
#301 = VECTOR('',#302,1.);
#302 = DIRECTION('',(0.707106781187,0.707106781187));
#303 = ( GEOMETRIC_REPRESENTATION_CONTEXT(2) 
PARAMETRIC_REPRESENTATION_CONTEXT() REPRESENTATION_CONTEXT('2D SPACE',''
  ) );
#304 = PCURVE('',#305,#310);
#305 = PLANE('',#306);
#306 = AXIS2_PLACEMENT_3D('',#307,#308,#309);
#307 = CARTESIAN_POINT('',(56.671572875254,-24.5,19.42));
#308 = DIRECTION('',(0.707106781187,-0.707106781187,0.));
#309 = DIRECTION('',(0.707106781187,0.707106781187,0.));
#310 = DEFINITIONAL_REPRESENTATION('',(#311),#315);
#311 = LINE('',#312,#313);
#312 = CARTESIAN_POINT('',(-0.828427124746,-16.42));
#313 = VECTOR('',#314,1.);
#314 = DIRECTION('',(1.,0.));
#315 = ( GEOMETRIC_REPRESENTATION_CONTEXT(2) 
PARAMETRIC_REPRESENTATION_CONTEXT() REPRESENTATION_CONTEXT('2D SPACE',''
  ) );
#316 = ORIENTED_EDGE('',*,*,#317,.T.);
#317 = EDGE_CURVE('',#290,#318,#320,.T.);
#318 = VERTEX_POINT('',#319);
#319 = CARTESIAN_POINT('',(65.5,15.671572875254,3.));
#320 = SURFACE_CURVE('',#321,(#325,#332),.PCURVE_S1.);
#321 = LINE('',#322,#323);
#322 = CARTESIAN_POINT('',(65.5,-2.879505121058E-15,3.));
#323 = VECTOR('',#324,1.);
#324 = DIRECTION('',(0.,1.,0.));
#325 = PCURVE('',#187,#326);
#326 = DEFINITIONAL_REPRESENTATION('',(#327),#331);
#327 = LINE('',#328,#329);
#328 = CARTESIAN_POINT('',(65.5,0.));
#329 = VECTOR('',#330,1.);
#330 = DIRECTION('',(0.,1.));
#331 = ( GEOMETRIC_REPRESENTATION_CONTEXT(2) 
PARAMETRIC_REPRESENTATION_CONTEXT() REPRESENTATION_CONTEXT('2D SPACE',''
  ) );
#332 = PCURVE('',#333,#338);
#333 = PLANE('',#334);
#334 = AXIS2_PLACEMENT_3D('',#335,#336,#337);
#335 = CARTESIAN_POINT('',(65.5,-15.67157287525,19.42));
#336 = DIRECTION('',(1.,0.,0.));
#337 = DIRECTION('',(-0.,1.,0.));
#338 = DEFINITIONAL_REPRESENTATION('',(#339),#343);
#339 = LINE('',#340,#341);
#340 = CARTESIAN_POINT('',(15.671572875254,-16.42));
#341 = VECTOR('',#342,1.);
#342 = DIRECTION('',(1.,0.));
#343 = ( GEOMETRIC_REPRESENTATION_CONTEXT(2) 
PARAMETRIC_REPRESENTATION_CONTEXT() REPRESENTATION_CONTEXT('2D SPACE',''
  ) );
#344 = ORIENTED_EDGE('',*,*,#345,.T.);
#345 = EDGE_CURVE('',#318,#346,#348,.T.);
#346 = VERTEX_POINT('',#347);
#347 = CARTESIAN_POINT('',(56.671572875254,24.5,3.));
#348 = SURFACE_CURVE('',#349,(#353,#360),.PCURVE_S1.);
#349 = LINE('',#350,#351);
#350 = CARTESIAN_POINT('',(66.085786437627,15.085786437627,3.));
#351 = VECTOR('',#352,1.);
#352 = DIRECTION('',(-0.707106781187,0.707106781187,0.));
#353 = PCURVE('',#187,#354);
#354 = DEFINITIONAL_REPRESENTATION('',(#355),#359);
#355 = LINE('',#356,#357);
#356 = CARTESIAN_POINT('',(66.085786437627,15.085786437627));
#357 = VECTOR('',#358,1.);
#358 = DIRECTION('',(-0.707106781187,0.707106781187));
#359 = ( GEOMETRIC_REPRESENTATION_CONTEXT(2) 
PARAMETRIC_REPRESENTATION_CONTEXT() REPRESENTATION_CONTEXT('2D SPACE',''
  ) );
#360 = PCURVE('',#361,#366);
#361 = PLANE('',#362);
#362 = AXIS2_PLACEMENT_3D('',#363,#364,#365);
#363 = CARTESIAN_POINT('',(65.5,15.671572875254,19.42));
#364 = DIRECTION('',(0.707106781187,0.707106781187,-0.));
#365 = DIRECTION('',(-0.707106781187,0.707106781187,0.));
#366 = DEFINITIONAL_REPRESENTATION('',(#367),#371);
#367 = LINE('',#368,#369);
#368 = CARTESIAN_POINT('',(-0.828427124746,-16.42));
#369 = VECTOR('',#370,1.);
#370 = DIRECTION('',(1.,0.));
#371 = ( GEOMETRIC_REPRESENTATION_CONTEXT(2) 
PARAMETRIC_REPRESENTATION_CONTEXT() REPRESENTATION_CONTEXT('2D SPACE',''
  ) );
#372 = ORIENTED_EDGE('',*,*,#373,.F.);
#373 = EDGE_CURVE('',#374,#346,#376,.T.);
#374 = VERTEX_POINT('',#375);
#375 = CARTESIAN_POINT('',(-56.67157287525,24.5,3.));
#376 = SURFACE_CURVE('',#377,(#381,#388),.PCURVE_S1.);
#377 = LINE('',#378,#379);
#378 = CARTESIAN_POINT('',(-1.568726706104E-19,24.5,3.));
#379 = VECTOR('',#380,1.);
#380 = DIRECTION('',(1.,0.,0.));
#381 = PCURVE('',#187,#382);
#382 = DEFINITIONAL_REPRESENTATION('',(#383),#387);
#383 = LINE('',#384,#385);
#384 = CARTESIAN_POINT('',(0.,24.5));
#385 = VECTOR('',#386,1.);
#386 = DIRECTION('',(1.,0.));
#387 = ( GEOMETRIC_REPRESENTATION_CONTEXT(2) 
PARAMETRIC_REPRESENTATION_CONTEXT() REPRESENTATION_CONTEXT('2D SPACE',''
  ) );
#388 = PCURVE('',#389,#394);
#389 = PLANE('',#390);
#390 = AXIS2_PLACEMENT_3D('',#391,#392,#393);
#391 = CARTESIAN_POINT('',(-56.67157287525,24.5,19.42));
#392 = DIRECTION('',(0.,-1.,0.));
#393 = DIRECTION('',(1.,0.,0.));
#394 = DEFINITIONAL_REPRESENTATION('',(#395),#399);
#395 = LINE('',#396,#397);
#396 = CARTESIAN_POINT('',(56.671572875254,-16.42));
#397 = VECTOR('',#398,1.);
#398 = DIRECTION('',(1.,0.));
#399 = ( GEOMETRIC_REPRESENTATION_CONTEXT(2) 
PARAMETRIC_REPRESENTATION_CONTEXT() REPRESENTATION_CONTEXT('2D SPACE',''
  ) );
#400 = ORIENTED_EDGE('',*,*,#401,.F.);
#401 = EDGE_CURVE('',#206,#374,#402,.T.);
#402 = SURFACE_CURVE('',#403,(#407,#414),.PCURVE_S1.);
#403 = LINE('',#404,#405);
#404 = CARTESIAN_POINT('',(-66.08578643762,15.085786437627,3.));
#405 = VECTOR('',#406,1.);
#406 = DIRECTION('',(0.707106781187,0.707106781187,0.));
#407 = PCURVE('',#187,#408);
#408 = DEFINITIONAL_REPRESENTATION('',(#409),#413);
#409 = LINE('',#410,#411);
#410 = CARTESIAN_POINT('',(-66.08578643762,15.085786437627));
#411 = VECTOR('',#412,1.);
#412 = DIRECTION('',(0.707106781187,0.707106781187));
#413 = ( GEOMETRIC_REPRESENTATION_CONTEXT(2) 
PARAMETRIC_REPRESENTATION_CONTEXT() REPRESENTATION_CONTEXT('2D SPACE',''
  ) );
#414 = PCURVE('',#415,#420);
#415 = PLANE('',#416);
#416 = AXIS2_PLACEMENT_3D('',#417,#418,#419);
#417 = CARTESIAN_POINT('',(-65.5,15.671572875254,19.42));
#418 = DIRECTION('',(0.707106781187,-0.707106781187,0.));
#419 = DIRECTION('',(0.707106781187,0.707106781187,0.));
#420 = DEFINITIONAL_REPRESENTATION('',(#421),#425);
#421 = LINE('',#422,#423);
#422 = CARTESIAN_POINT('',(-0.828427124746,-16.42));
#423 = VECTOR('',#424,1.);
#424 = DIRECTION('',(1.,0.));
#425 = ( GEOMETRIC_REPRESENTATION_CONTEXT(2) 
PARAMETRIC_REPRESENTATION_CONTEXT() REPRESENTATION_CONTEXT('2D SPACE',''
  ) );
#426 = FACE_BOUND('',#427,.T.);
#427 = EDGE_LOOP('',(#428));
#428 = ORIENTED_EDGE('',*,*,#429,.F.);
#429 = EDGE_CURVE('',#430,#430,#432,.T.);
#430 = VERTEX_POINT('',#431);
#431 = CARTESIAN_POINT('',(-50.,-11.5,3.));
#432 = SURFACE_CURVE('',#433,(#438,#445),.PCURVE_S1.);
#433 = CIRCLE('',#434,2.5);
#434 = AXIS2_PLACEMENT_3D('',#435,#436,#437);
#435 = CARTESIAN_POINT('',(-52.5,-11.5,3.));
#436 = DIRECTION('',(0.,0.,1.));
#437 = DIRECTION('',(1.,0.,0.));
#438 = PCURVE('',#187,#439);
#439 = DEFINITIONAL_REPRESENTATION('',(#440),#444);
#440 = CIRCLE('',#441,2.5);
#441 = AXIS2_PLACEMENT_2D('',#442,#443);
#442 = CARTESIAN_POINT('',(-52.5,-11.5));
#443 = DIRECTION('',(1.,0.));
#444 = ( GEOMETRIC_REPRESENTATION_CONTEXT(2) 
PARAMETRIC_REPRESENTATION_CONTEXT() REPRESENTATION_CONTEXT('2D SPACE',''
  ) );
#445 = PCURVE('',#446,#451);
#446 = CYLINDRICAL_SURFACE('',#447,2.5);
#447 = AXIS2_PLACEMENT_3D('',#448,#449,#450);
#448 = CARTESIAN_POINT('',(-52.5,-11.5,3.));
#449 = DIRECTION('',(0.,0.,1.));
#450 = DIRECTION('',(1.,0.,0.));
#451 = DEFINITIONAL_REPRESENTATION('',(#452),#456);
#452 = LINE('',#453,#454);
#453 = CARTESIAN_POINT('',(0.,0.));
#454 = VECTOR('',#455,1.);
#455 = DIRECTION('',(1.,0.));
#456 = ( GEOMETRIC_REPRESENTATION_CONTEXT(2) 
PARAMETRIC_REPRESENTATION_CONTEXT() REPRESENTATION_CONTEXT('2D SPACE',''
  ) );
#457 = FACE_BOUND('',#458,.T.);
#458 = EDGE_LOOP('',(#459));
#459 = ORIENTED_EDGE('',*,*,#460,.F.);
#460 = EDGE_CURVE('',#461,#461,#463,.T.);
#461 = VERTEX_POINT('',#462);
#462 = CARTESIAN_POINT('',(4.,-11.5,3.));
#463 = SURFACE_CURVE('',#464,(#469,#476),.PCURVE_S1.);
#464 = CIRCLE('',#465,4.);
#465 = AXIS2_PLACEMENT_3D('',#466,#467,#468);
#466 = CARTESIAN_POINT('',(0.,-11.5,3.));
#467 = DIRECTION('',(0.,0.,1.));
#468 = DIRECTION('',(1.,0.,0.));
#469 = PCURVE('',#187,#470);
#470 = DEFINITIONAL_REPRESENTATION('',(#471),#475);
#471 = CIRCLE('',#472,4.);
#472 = AXIS2_PLACEMENT_2D('',#473,#474);
#473 = CARTESIAN_POINT('',(1.568726706104E-19,-11.5));
#474 = DIRECTION('',(1.,0.));
#475 = ( GEOMETRIC_REPRESENTATION_CONTEXT(2) 
PARAMETRIC_REPRESENTATION_CONTEXT() REPRESENTATION_CONTEXT('2D SPACE',''
  ) );
#476 = PCURVE('',#477,#482);
#477 = CYLINDRICAL_SURFACE('',#478,4.);
#478 = AXIS2_PLACEMENT_3D('',#479,#480,#481);
#479 = CARTESIAN_POINT('',(0.,-11.5,3.));
#480 = DIRECTION('',(0.,0.,1.));
#481 = DIRECTION('',(1.,0.,0.));
#482 = DEFINITIONAL_REPRESENTATION('',(#483),#487);
#483 = LINE('',#484,#485);
#484 = CARTESIAN_POINT('',(0.,0.));
#485 = VECTOR('',#486,1.);
#486 = DIRECTION('',(1.,0.));
#487 = ( GEOMETRIC_REPRESENTATION_CONTEXT(2) 
PARAMETRIC_REPRESENTATION_CONTEXT() REPRESENTATION_CONTEXT('2D SPACE',''
  ) );
#488 = FACE_BOUND('',#489,.T.);
#489 = EDGE_LOOP('',(#490));
#490 = ORIENTED_EDGE('',*,*,#491,.F.);
#491 = EDGE_CURVE('',#492,#492,#494,.T.);
#492 = VERTEX_POINT('',#493);
#493 = CARTESIAN_POINT('',(55.,-11.5,3.));
#494 = SURFACE_CURVE('',#495,(#500,#507),.PCURVE_S1.);
#495 = CIRCLE('',#496,2.5);
#496 = AXIS2_PLACEMENT_3D('',#497,#498,#499);
#497 = CARTESIAN_POINT('',(52.5,-11.5,3.));
#498 = DIRECTION('',(0.,0.,1.));
#499 = DIRECTION('',(1.,0.,0.));
#500 = PCURVE('',#187,#501);
#501 = DEFINITIONAL_REPRESENTATION('',(#502),#506);
#502 = CIRCLE('',#503,2.5);
#503 = AXIS2_PLACEMENT_2D('',#504,#505);
#504 = CARTESIAN_POINT('',(52.5,-11.5));
#505 = DIRECTION('',(1.,0.));
#506 = ( GEOMETRIC_REPRESENTATION_CONTEXT(2) 
PARAMETRIC_REPRESENTATION_CONTEXT() REPRESENTATION_CONTEXT('2D SPACE',''
  ) );
#507 = PCURVE('',#508,#513);
#508 = CYLINDRICAL_SURFACE('',#509,2.5);
#509 = AXIS2_PLACEMENT_3D('',#510,#511,#512);
#510 = CARTESIAN_POINT('',(52.5,-11.5,3.));
#511 = DIRECTION('',(0.,0.,1.));
#512 = DIRECTION('',(1.,0.,0.));
#513 = DEFINITIONAL_REPRESENTATION('',(#514),#518);
#514 = LINE('',#515,#516);
#515 = CARTESIAN_POINT('',(0.,0.));
#516 = VECTOR('',#517,1.);
#517 = DIRECTION('',(1.,0.));
#518 = ( GEOMETRIC_REPRESENTATION_CONTEXT(2) 
PARAMETRIC_REPRESENTATION_CONTEXT() REPRESENTATION_CONTEXT('2D SPACE',''
  ) );
#519 = FACE_BOUND('',#520,.T.);
#520 = EDGE_LOOP('',(#521));
#521 = ORIENTED_EDGE('',*,*,#522,.T.);
#522 = EDGE_CURVE('',#523,#523,#525,.T.);
#523 = VERTEX_POINT('',#524);
#524 = CARTESIAN_POINT('',(-27.5,0.9,3.));
#525 = SURFACE_CURVE('',#526,(#679,#835),.PCURVE_S1.);
#526 = B_SPLINE_CURVE_WITH_KNOTS('',7,(#527,#528,#529,#530,#531,#532,
    #533,#534,#535,#536,#537,#538,#539,#540,#541,#542,#543,#544,#545,
    #546,#547,#548,#549,#550,#551,#552,#553,#554,#555,#556,#557,#558,
    #559,#560,#561,#562,#563,#564,#565,#566,#567,#568,#569,#570,#571,
    #572,#573,#574,#575,#576,#577,#578,#579,#580,#581,#582,#583,#584,
    #585,#586,#587,#588,#589,#590,#591,#592,#593,#594,#595,#596,#597,
    #598,#599,#600,#601,#602,#603,#604,#605,#606,#607,#608,#609,#610,
    #611,#612,#613,#614,#615,#616,#617,#618,#619,#620,#621,#622,#623,
    #624,#625,#626,#627,#628,#629,#630,#631,#632,#633,#634,#635,#636,
    #637,#638,#639,#640,#641,#642,#643,#644,#645,#646,#647,#648,#649,
    #650,#651,#652,#653,#654,#655,#656,#657,#658,#659,#660,#661,#662,
    #663,#664,#665,#666,#667,#668,#669,#670,#671,#672,#673,#674,#675,
    #676,#677,#678),.UNSPECIFIED.,.T.,.F.,(8,6,6,6,6,6,6,6,6,6,6,6,6,6,6
    ,6,6,6,6,6,6,6,6,6,6,8),(0.,6.622897711987E-02,0.104034450856,
    0.147356374743,0.177490226621,0.198616936904,0.249994685466,
    0.322501585644,0.352635396586,0.395957261621,0.433762684,
    0.455484829571,0.469480262321,0.500001358467,0.54451643644,
    0.566238554027,0.604043927702,0.647365736927,0.677499509048,
    0.698626163415,0.750003775993,0.822510484264,0.85264421545,
    0.895965965823,0.933771288141,1.),.UNSPECIFIED.);
#527 = CARTESIAN_POINT('',(-27.5,0.9,3.));
#528 = CARTESIAN_POINT('',(-27.49999993325,0.320072546227,3.));
#529 = CARTESIAN_POINT('',(-27.55086296801,-0.260158026986,3.));
#530 = CARTESIAN_POINT('',(-27.65268223687,-0.834780997955,3.));
#531 = CARTESIAN_POINT('',(-27.80400310516,-1.398638191612,3.));
#532 = CARTESIAN_POINT('',(-28.00245334402,-1.947189913658,3.));
#533 = CARTESIAN_POINT('',(-28.24490956757,-2.476477106662,3.));
#534 = CARTESIAN_POINT('',(-28.68895751634,-3.272302286802,3.));
#535 = CARTESIAN_POINT('',(-28.86347107855,-3.5541895448,3.));
#536 = CARTESIAN_POINT('',(-29.05047505817,-3.82818987051,3.));
#537 = CARTESIAN_POINT('',(-29.24928421765,-4.093819815607,3.));
#538 = CARTESIAN_POINT('',(-29.45920205546,-4.350677847075,3.));
#539 = CARTESIAN_POINT('',(-29.67953572456,-4.598433396229,3.));
#540 = CARTESIAN_POINT('',(-30.17325751405,-5.109982286878,3.));
#541 = CARTESIAN_POINT('',(-30.44969264112,-5.370837832795,3.));
#542 = CARTESIAN_POINT('',(-30.73790552177,-5.618985484648,3.));
#543 = CARTESIAN_POINT('',(-31.03691072343,-5.854123521787,3.));
#544 = CARTESIAN_POINT('',(-31.34576038584,-6.076030141975,3.));
#545 = CARTESIAN_POINT('',(-31.66355641569,-6.284548039607,3.));
#546 = CARTESIAN_POINT('',(-32.21615632065,-6.615221558678,3.));
#547 = CARTESIAN_POINT('',(-32.44677018098,-6.744341819361,3.));
#548 = CARTESIAN_POINT('',(-32.68102082199,-6.866892834973,3.));
#549 = CARTESIAN_POINT('',(-32.91863395919,-6.982846707477,3.));
#550 = CARTESIAN_POINT('',(-33.15934510956,-7.092183226834,3.));
#551 = CARTESIAN_POINT('',(-33.40290023731,-7.194888526041,3.));
#552 = CARTESIAN_POINT('',(-33.82163542287,-7.358304672573,3.));
#553 = CARTESIAN_POINT('',(-33.99549226925,-7.422391390368,3.));
#554 = CARTESIAN_POINT('',(-34.17054279758,-7.483210883103,3.));
#555 = CARTESIAN_POINT('',(-34.34670470918,-7.540760842282,3.));
#556 = CARTESIAN_POINT('',(-34.5238975478,-7.595039657354,3.));
#557 = CARTESIAN_POINT('',(-34.70204269967,-7.646046415719,3.));
#558 = CARTESIAN_POINT('',(-35.31642125729,-7.809865387038,3.));
#559 = CARTESIAN_POINT('',(-35.75694248945,-7.906593936613,3.));
#560 = CARTESIAN_POINT('',(-36.20154294195,-7.983965694094,3.));
#561 = CARTESIAN_POINT('',(-36.6491653739,-8.041985864326,3.));
#562 = CARTESIAN_POINT('',(-37.09877965414,-8.080661912782,3.));
#563 = CARTESIAN_POINT('',(-37.54938296401,-8.099999763997,3.));
#564 = CARTESIAN_POINT('',(-38.63593397748,-8.09999997258,3.));
#565 = CARTESIAN_POINT('',(-39.27178867053,-8.061484708812,3.));
#566 = CARTESIAN_POINT('',(-39.9048952477,-7.984470608333,3.));
#567 = CARTESIAN_POINT('',(-40.5324208689,-7.868908791139,3.));
#568 = CARTESIAN_POINT('',(-41.15138266718,-7.714775191088,3.));
#569 = CARTESIAN_POINT('',(-41.75865123291,-7.522102467684,3.));
#570 = CARTESIAN_POINT('',(-42.59709976268,-7.194888526042,3.));
#571 = CARTESIAN_POINT('',(-42.84065489043,-7.092183226834,3.));
#572 = CARTESIAN_POINT('',(-43.0813660408,-6.982846707478,3.));
#573 = CARTESIAN_POINT('',(-43.318979178,-6.866892834974,3.));
#574 = CARTESIAN_POINT('',(-43.55322981901,-6.744341819362,3.));
#575 = CARTESIAN_POINT('',(-43.78384367934,-6.615221558679,3.));
#576 = CARTESIAN_POINT('',(-44.3364435843,-6.284548039608,3.));
#577 = CARTESIAN_POINT('',(-44.65423961415,-6.076030141976,3.));
#578 = CARTESIAN_POINT('',(-44.96308927656,-5.854123521788,3.));
#579 = CARTESIAN_POINT('',(-45.26209447822,-5.618985484649,3.));
#580 = CARTESIAN_POINT('',(-45.55030735887,-5.370837832796,3.));
#581 = CARTESIAN_POINT('',(-45.82674248594,-5.109982286879,3.));
#582 = CARTESIAN_POINT('',(-46.32046427543,-4.59843339623,3.));
#583 = CARTESIAN_POINT('',(-46.54079794453,-4.350677847076,3.));
#584 = CARTESIAN_POINT('',(-46.75071578234,-4.093819815608,3.));
#585 = CARTESIAN_POINT('',(-46.94952494182,-3.828189870511,3.));
#586 = CARTESIAN_POINT('',(-47.13652892144,-3.554189544801,3.));
#587 = CARTESIAN_POINT('',(-47.31104248365,-3.272302286804,3.));
#588 = CARTESIAN_POINT('',(-47.56512289757,-2.81693777046,3.));
#589 = CARTESIAN_POINT('',(-47.65349890217,-2.648356527059,3.));
#590 = CARTESIAN_POINT('',(-47.73740992152,-2.477470124081,3.));
#591 = CARTESIAN_POINT('',(-47.81673530756,-2.304396596473,3.));
#592 = CARTESIAN_POINT('',(-47.89135968084,-2.129263130118,3.));
#593 = CARTESIAN_POINT('',(-47.96117418141,-1.952206620968,3.));
#594 = CARTESIAN_POINT('',(-48.06789460164,-1.658153739277,3.));
#595 = CARTESIAN_POINT('',(-48.10767311454,-1.542195731503,3.));
#596 = CARTESIAN_POINT('',(-48.1453861152,-1.425539398494,3.));
#597 = CARTESIAN_POINT('',(-48.18100815645,-1.308225325371,3.));
#598 = CARTESIAN_POINT('',(-48.21451548736,-1.190295494746,3.));
#599 = CARTESIAN_POINT('',(-48.24588605319,-1.071793286731,3.));
#600 = CARTESIAN_POINT('',(-48.33880804803,-0.693184444766,3.));
#601 = CARTESIAN_POINT('',(-48.39225960214,-0.431088799264,3.));
#602 = CARTESIAN_POINT('',(-48.43524228706,-0.166951281722,3.));
#603 = CARTESIAN_POINT('',(-48.46759238996,9.873858912352E-02,3.));
#604 = CARTESIAN_POINT('',(-48.4891975727,0.365476255928,3.));
#605 = CARTESIAN_POINT('',(-48.50000008875,0.632741863573,3.));
#606 = CARTESIAN_POINT('',(-48.50000003204,1.2897964997,3.));
#607 = CARTESIAN_POINT('',(-48.47702109213,1.679639944775,3.));
#608 = CARTESIAN_POINT('',(-48.43105395279,2.067825243148,3.));
#609 = CARTESIAN_POINT('',(-48.36237345049,2.452751100129,3.));
#610 = CARTESIAN_POINT('',(-48.27148275583,2.832911847113,3.));
#611 = CARTESIAN_POINT('',(-48.15908435177,3.206893526692,3.));
#612 = CARTESIAN_POINT('',(-47.96117418141,3.752206620966,3.));
#613 = CARTESIAN_POINT('',(-47.89135968084,3.929263130115,3.));
#614 = CARTESIAN_POINT('',(-47.81673530756,4.104396596471,3.));
#615 = CARTESIAN_POINT('',(-47.73740992152,4.277470124079,3.));
#616 = CARTESIAN_POINT('',(-47.65349890217,4.448356527057,3.));
#617 = CARTESIAN_POINT('',(-47.56512289757,4.616937770458,3.));
#618 = CARTESIAN_POINT('',(-47.31104248365,5.072302286802,3.));
#619 = CARTESIAN_POINT('',(-47.13652892144,5.354189544799,3.));
#620 = CARTESIAN_POINT('',(-46.94952494182,5.628189870509,3.));
#621 = CARTESIAN_POINT('',(-46.75071578234,5.893819815606,3.));
#622 = CARTESIAN_POINT('',(-46.54079794453,6.150677847074,3.));
#623 = CARTESIAN_POINT('',(-46.32046427543,6.398433396228,3.));
#624 = CARTESIAN_POINT('',(-45.82674248594,6.909982286877,3.));
#625 = CARTESIAN_POINT('',(-45.55030735887,7.170837832795,3.));
#626 = CARTESIAN_POINT('',(-45.26209447822,7.418985484648,3.));
#627 = CARTESIAN_POINT('',(-44.96308927656,7.654123521787,3.));
#628 = CARTESIAN_POINT('',(-44.65423961415,7.876030141975,3.));
#629 = CARTESIAN_POINT('',(-44.3364435843,8.084548039607,3.));
#630 = CARTESIAN_POINT('',(-43.78384367934,8.415221558678,3.));
#631 = CARTESIAN_POINT('',(-43.55322981901,8.544341819361,3.));
#632 = CARTESIAN_POINT('',(-43.318979178,8.666892834973,3.));
#633 = CARTESIAN_POINT('',(-43.08136604081,8.782846707476,3.));
#634 = CARTESIAN_POINT('',(-42.84065489043,8.892183226833,3.));
#635 = CARTESIAN_POINT('',(-42.59709976268,8.994888526041,3.));
#636 = CARTESIAN_POINT('',(-42.17836457712,9.158304672573,3.));
#637 = CARTESIAN_POINT('',(-42.00450773074,9.222391390367,3.));
#638 = CARTESIAN_POINT('',(-41.82945720241,9.283210883103,3.));
#639 = CARTESIAN_POINT('',(-41.65329529081,9.340760842282,3.));
#640 = CARTESIAN_POINT('',(-41.47610245219,9.395039657354,3.));
#641 = CARTESIAN_POINT('',(-41.29795730032,9.446046415719,3.));
#642 = CARTESIAN_POINT('',(-40.6835787427,9.609865387038,3.));
#643 = CARTESIAN_POINT('',(-40.24305751054,9.706593936613,3.));
#644 = CARTESIAN_POINT('',(-39.79845705804,9.783965694094,3.));
#645 = CARTESIAN_POINT('',(-39.35083462609,9.841985864326,3.));
#646 = CARTESIAN_POINT('',(-38.90122034585,9.880661912782,3.));
#647 = CARTESIAN_POINT('',(-38.45061703598,9.899999763997,3.));
#648 = CARTESIAN_POINT('',(-37.36406602251,9.89999997258,3.));
#649 = CARTESIAN_POINT('',(-36.72821132946,9.861484708812,3.));
#650 = CARTESIAN_POINT('',(-36.0951047523,9.784470608333,3.));
#651 = CARTESIAN_POINT('',(-35.46757913109,9.668908791139,3.));
#652 = CARTESIAN_POINT('',(-34.84861733281,9.514775191088,3.));
#653 = CARTESIAN_POINT('',(-34.24134876708,9.322102467684,3.));
#654 = CARTESIAN_POINT('',(-33.40290023732,8.994888526042,3.));
#655 = CARTESIAN_POINT('',(-33.15934510956,8.892183226835,3.));
#656 = CARTESIAN_POINT('',(-32.91863395919,8.782846707478,3.));
#657 = CARTESIAN_POINT('',(-32.68102082199,8.666892834974,3.));
#658 = CARTESIAN_POINT('',(-32.44677018098,8.544341819362,3.));
#659 = CARTESIAN_POINT('',(-32.21615632065,8.415221558679,3.));
#660 = CARTESIAN_POINT('',(-31.6635564157,8.084548039608,3.));
#661 = CARTESIAN_POINT('',(-31.34576038584,7.876030141977,3.));
#662 = CARTESIAN_POINT('',(-31.03691072343,7.654123521788,3.));
#663 = CARTESIAN_POINT('',(-30.73790552177,7.418985484649,3.));
#664 = CARTESIAN_POINT('',(-30.44969264112,7.170837832796,3.));
#665 = CARTESIAN_POINT('',(-30.17325751405,6.909982286879,3.));
#666 = CARTESIAN_POINT('',(-29.67953572456,6.39843339623,3.));
#667 = CARTESIAN_POINT('',(-29.45920205546,6.150677847076,3.));
#668 = CARTESIAN_POINT('',(-29.24928421765,5.893819815608,3.));
#669 = CARTESIAN_POINT('',(-29.05047505817,5.628189870511,3.));
#670 = CARTESIAN_POINT('',(-28.86347107855,5.354189544801,3.));
#671 = CARTESIAN_POINT('',(-28.68895751634,5.072302286803,3.));
#672 = CARTESIAN_POINT('',(-28.24490956757,4.276477106661,3.));
#673 = CARTESIAN_POINT('',(-28.00245334402,3.747189913668,3.));
#674 = CARTESIAN_POINT('',(-27.80400310515,3.198638191597,3.));
#675 = CARTESIAN_POINT('',(-27.65268223688,2.634780997971,3.));
#676 = CARTESIAN_POINT('',(-27.55086296801,2.060158026978,3.));
#677 = CARTESIAN_POINT('',(-27.49999993325,1.479927453775,3.));
#678 = CARTESIAN_POINT('',(-27.5,0.9,3.));
#679 = PCURVE('',#187,#680);
#680 = DEFINITIONAL_REPRESENTATION('',(#681),#834);
#681 = B_SPLINE_CURVE_WITH_KNOTS('',7,(#682,#683,#684,#685,#686,#687,
    #688,#689,#690,#691,#692,#693,#694,#695,#696,#697,#698,#699,#700,
    #701,#702,#703,#704,#705,#706,#707,#708,#709,#710,#711,#712,#713,
    #714,#715,#716,#717,#718,#719,#720,#721,#722,#723,#724,#725,#726,
    #727,#728,#729,#730,#731,#732,#733,#734,#735,#736,#737,#738,#739,
    #740,#741,#742,#743,#744,#745,#746,#747,#748,#749,#750,#751,#752,
    #753,#754,#755,#756,#757,#758,#759,#760,#761,#762,#763,#764,#765,
    #766,#767,#768,#769,#770,#771,#772,#773,#774,#775,#776,#777,#778,
    #779,#780,#781,#782,#783,#784,#785,#786,#787,#788,#789,#790,#791,
    #792,#793,#794,#795,#796,#797,#798,#799,#800,#801,#802,#803,#804,
    #805,#806,#807,#808,#809,#810,#811,#812,#813,#814,#815,#816,#817,
    #818,#819,#820,#821,#822,#823,#824,#825,#826,#827,#828,#829,#830,
    #831,#832,#833),.UNSPECIFIED.,.F.,.F.,(8,6,6,6,6,6,6,6,6,6,6,6,6,6,6
    ,6,6,6,6,6,6,6,6,6,6,8),(0.,6.622897711987E-02,0.104034450856,
    0.147356374743,0.177490226621,0.198616936904,0.249994685466,
    0.322501585644,0.352635396586,0.395957261621,0.433762684,
    0.455484829571,0.469480262321,0.500001358467,0.54451643644,
    0.566238554027,0.604043927702,0.647365736927,0.677499509048,
    0.698626163415,0.750003775993,0.822510484264,0.85264421545,
    0.895965965823,0.933771288141,1.),.UNSPECIFIED.);
#682 = CARTESIAN_POINT('',(-27.5,0.9));
#683 = CARTESIAN_POINT('',(-27.49999993325,0.320072546227));
#684 = CARTESIAN_POINT('',(-27.55086296801,-0.260158026986));
#685 = CARTESIAN_POINT('',(-27.65268223687,-0.834780997955));
#686 = CARTESIAN_POINT('',(-27.80400310516,-1.398638191612));
#687 = CARTESIAN_POINT('',(-28.00245334402,-1.947189913658));
#688 = CARTESIAN_POINT('',(-28.24490956757,-2.476477106662));
#689 = CARTESIAN_POINT('',(-28.68895751634,-3.272302286802));
#690 = CARTESIAN_POINT('',(-28.86347107855,-3.5541895448));
#691 = CARTESIAN_POINT('',(-29.05047505817,-3.82818987051));
#692 = CARTESIAN_POINT('',(-29.24928421765,-4.093819815607));
#693 = CARTESIAN_POINT('',(-29.45920205546,-4.350677847075));
#694 = CARTESIAN_POINT('',(-29.67953572456,-4.598433396229));
#695 = CARTESIAN_POINT('',(-30.17325751405,-5.109982286878));
#696 = CARTESIAN_POINT('',(-30.44969264112,-5.370837832795));
#697 = CARTESIAN_POINT('',(-30.73790552177,-5.618985484648));
#698 = CARTESIAN_POINT('',(-31.03691072343,-5.854123521787));
#699 = CARTESIAN_POINT('',(-31.34576038584,-6.076030141975));
#700 = CARTESIAN_POINT('',(-31.66355641569,-6.284548039607));
#701 = CARTESIAN_POINT('',(-32.21615632065,-6.615221558678));
#702 = CARTESIAN_POINT('',(-32.44677018098,-6.744341819361));
#703 = CARTESIAN_POINT('',(-32.68102082199,-6.866892834973));
#704 = CARTESIAN_POINT('',(-32.91863395919,-6.982846707477));
#705 = CARTESIAN_POINT('',(-33.15934510956,-7.092183226834));
#706 = CARTESIAN_POINT('',(-33.40290023731,-7.194888526041));
#707 = CARTESIAN_POINT('',(-33.82163542287,-7.358304672573));
#708 = CARTESIAN_POINT('',(-33.99549226925,-7.422391390368));
#709 = CARTESIAN_POINT('',(-34.17054279758,-7.483210883103));
#710 = CARTESIAN_POINT('',(-34.34670470918,-7.540760842282));
#711 = CARTESIAN_POINT('',(-34.5238975478,-7.595039657354));
#712 = CARTESIAN_POINT('',(-34.70204269967,-7.646046415719));
#713 = CARTESIAN_POINT('',(-35.31642125729,-7.809865387038));
#714 = CARTESIAN_POINT('',(-35.75694248945,-7.906593936613));
#715 = CARTESIAN_POINT('',(-36.20154294195,-7.983965694094));
#716 = CARTESIAN_POINT('',(-36.6491653739,-8.041985864326));
#717 = CARTESIAN_POINT('',(-37.09877965414,-8.080661912782));
#718 = CARTESIAN_POINT('',(-37.54938296401,-8.099999763997));
#719 = CARTESIAN_POINT('',(-38.63593397748,-8.09999997258));
#720 = CARTESIAN_POINT('',(-39.27178867053,-8.061484708812));
#721 = CARTESIAN_POINT('',(-39.9048952477,-7.984470608333));
#722 = CARTESIAN_POINT('',(-40.5324208689,-7.868908791139));
#723 = CARTESIAN_POINT('',(-41.15138266718,-7.714775191088));
#724 = CARTESIAN_POINT('',(-41.75865123291,-7.522102467684));
#725 = CARTESIAN_POINT('',(-42.59709976268,-7.194888526042));
#726 = CARTESIAN_POINT('',(-42.84065489043,-7.092183226834));
#727 = CARTESIAN_POINT('',(-43.0813660408,-6.982846707478));
#728 = CARTESIAN_POINT('',(-43.318979178,-6.866892834974));
#729 = CARTESIAN_POINT('',(-43.55322981901,-6.744341819362));
#730 = CARTESIAN_POINT('',(-43.78384367934,-6.615221558679));
#731 = CARTESIAN_POINT('',(-44.3364435843,-6.284548039608));
#732 = CARTESIAN_POINT('',(-44.65423961415,-6.076030141976));
#733 = CARTESIAN_POINT('',(-44.96308927656,-5.854123521788));
#734 = CARTESIAN_POINT('',(-45.26209447822,-5.618985484649));
#735 = CARTESIAN_POINT('',(-45.55030735887,-5.370837832796));
#736 = CARTESIAN_POINT('',(-45.82674248594,-5.109982286879));
#737 = CARTESIAN_POINT('',(-46.32046427543,-4.59843339623));
#738 = CARTESIAN_POINT('',(-46.54079794453,-4.350677847076));
#739 = CARTESIAN_POINT('',(-46.75071578234,-4.093819815608));
#740 = CARTESIAN_POINT('',(-46.94952494182,-3.828189870511));
#741 = CARTESIAN_POINT('',(-47.13652892144,-3.554189544801));
#742 = CARTESIAN_POINT('',(-47.31104248365,-3.272302286804));
#743 = CARTESIAN_POINT('',(-47.56512289757,-2.81693777046));
#744 = CARTESIAN_POINT('',(-47.65349890217,-2.648356527059));
#745 = CARTESIAN_POINT('',(-47.73740992152,-2.477470124081));
#746 = CARTESIAN_POINT('',(-47.81673530756,-2.304396596473));
#747 = CARTESIAN_POINT('',(-47.89135968084,-2.129263130118));
#748 = CARTESIAN_POINT('',(-47.96117418141,-1.952206620968));
#749 = CARTESIAN_POINT('',(-48.06789460164,-1.658153739277));
#750 = CARTESIAN_POINT('',(-48.10767311454,-1.542195731503));
#751 = CARTESIAN_POINT('',(-48.1453861152,-1.425539398494));
#752 = CARTESIAN_POINT('',(-48.18100815645,-1.308225325371));
#753 = CARTESIAN_POINT('',(-48.21451548736,-1.190295494746));
#754 = CARTESIAN_POINT('',(-48.24588605319,-1.071793286731));
#755 = CARTESIAN_POINT('',(-48.33880804803,-0.693184444766));
#756 = CARTESIAN_POINT('',(-48.39225960214,-0.431088799264));
#757 = CARTESIAN_POINT('',(-48.43524228706,-0.166951281722));
#758 = CARTESIAN_POINT('',(-48.46759238996,9.873858912353E-02));
#759 = CARTESIAN_POINT('',(-48.4891975727,0.365476255928));
#760 = CARTESIAN_POINT('',(-48.50000008875,0.632741863573));
#761 = CARTESIAN_POINT('',(-48.50000003204,1.2897964997));
#762 = CARTESIAN_POINT('',(-48.47702109213,1.679639944775));
#763 = CARTESIAN_POINT('',(-48.43105395279,2.067825243148));
#764 = CARTESIAN_POINT('',(-48.36237345049,2.452751100129));
#765 = CARTESIAN_POINT('',(-48.27148275583,2.832911847113));
#766 = CARTESIAN_POINT('',(-48.15908435177,3.206893526692));
#767 = CARTESIAN_POINT('',(-47.96117418141,3.752206620966));
#768 = CARTESIAN_POINT('',(-47.89135968084,3.929263130115));
#769 = CARTESIAN_POINT('',(-47.81673530756,4.104396596471));
#770 = CARTESIAN_POINT('',(-47.73740992152,4.277470124079));
#771 = CARTESIAN_POINT('',(-47.65349890217,4.448356527057));
#772 = CARTESIAN_POINT('',(-47.56512289757,4.616937770458));
#773 = CARTESIAN_POINT('',(-47.31104248365,5.072302286802));
#774 = CARTESIAN_POINT('',(-47.13652892144,5.354189544799));
#775 = CARTESIAN_POINT('',(-46.94952494182,5.628189870509));
#776 = CARTESIAN_POINT('',(-46.75071578234,5.893819815606));
#777 = CARTESIAN_POINT('',(-46.54079794453,6.150677847074));
#778 = CARTESIAN_POINT('',(-46.32046427543,6.398433396228));
#779 = CARTESIAN_POINT('',(-45.82674248594,6.909982286877));
#780 = CARTESIAN_POINT('',(-45.55030735887,7.170837832795));
#781 = CARTESIAN_POINT('',(-45.26209447822,7.418985484648));
#782 = CARTESIAN_POINT('',(-44.96308927656,7.654123521787));
#783 = CARTESIAN_POINT('',(-44.65423961415,7.876030141975));
#784 = CARTESIAN_POINT('',(-44.3364435843,8.084548039607));
#785 = CARTESIAN_POINT('',(-43.78384367934,8.415221558678));
#786 = CARTESIAN_POINT('',(-43.55322981901,8.544341819361));
#787 = CARTESIAN_POINT('',(-43.318979178,8.666892834973));
#788 = CARTESIAN_POINT('',(-43.08136604081,8.782846707476));
#789 = CARTESIAN_POINT('',(-42.84065489043,8.892183226833));
#790 = CARTESIAN_POINT('',(-42.59709976268,8.994888526041));
#791 = CARTESIAN_POINT('',(-42.17836457712,9.158304672573));
#792 = CARTESIAN_POINT('',(-42.00450773074,9.222391390367));
#793 = CARTESIAN_POINT('',(-41.82945720241,9.283210883103));
#794 = CARTESIAN_POINT('',(-41.65329529081,9.340760842282));
#795 = CARTESIAN_POINT('',(-41.47610245219,9.395039657354));
#796 = CARTESIAN_POINT('',(-41.29795730032,9.446046415719));
#797 = CARTESIAN_POINT('',(-40.6835787427,9.609865387038));
#798 = CARTESIAN_POINT('',(-40.24305751054,9.706593936613));
#799 = CARTESIAN_POINT('',(-39.79845705804,9.783965694094));
#800 = CARTESIAN_POINT('',(-39.35083462609,9.841985864326));
#801 = CARTESIAN_POINT('',(-38.90122034585,9.880661912782));
#802 = CARTESIAN_POINT('',(-38.45061703598,9.899999763997));
#803 = CARTESIAN_POINT('',(-37.36406602251,9.89999997258));
#804 = CARTESIAN_POINT('',(-36.72821132946,9.861484708812));
#805 = CARTESIAN_POINT('',(-36.0951047523,9.784470608333));
#806 = CARTESIAN_POINT('',(-35.46757913109,9.668908791139));
#807 = CARTESIAN_POINT('',(-34.84861733281,9.514775191088));
#808 = CARTESIAN_POINT('',(-34.24134876708,9.322102467684));
#809 = CARTESIAN_POINT('',(-33.40290023732,8.994888526042));
#810 = CARTESIAN_POINT('',(-33.15934510956,8.892183226835));
#811 = CARTESIAN_POINT('',(-32.91863395919,8.782846707478));
#812 = CARTESIAN_POINT('',(-32.68102082199,8.666892834974));
#813 = CARTESIAN_POINT('',(-32.44677018098,8.544341819362));
#814 = CARTESIAN_POINT('',(-32.21615632065,8.415221558679));
#815 = CARTESIAN_POINT('',(-31.6635564157,8.084548039608));
#816 = CARTESIAN_POINT('',(-31.34576038584,7.876030141977));
#817 = CARTESIAN_POINT('',(-31.03691072343,7.654123521788));
#818 = CARTESIAN_POINT('',(-30.73790552177,7.418985484649));
#819 = CARTESIAN_POINT('',(-30.44969264112,7.170837832796));
#820 = CARTESIAN_POINT('',(-30.17325751405,6.909982286879));
#821 = CARTESIAN_POINT('',(-29.67953572456,6.39843339623));
#822 = CARTESIAN_POINT('',(-29.45920205546,6.150677847076));
#823 = CARTESIAN_POINT('',(-29.24928421765,5.893819815608));
#824 = CARTESIAN_POINT('',(-29.05047505817,5.628189870511));
#825 = CARTESIAN_POINT('',(-28.86347107855,5.354189544801));
#826 = CARTESIAN_POINT('',(-28.68895751634,5.072302286803));
#827 = CARTESIAN_POINT('',(-28.24490956757,4.276477106661));
#828 = CARTESIAN_POINT('',(-28.00245334402,3.747189913668));
#829 = CARTESIAN_POINT('',(-27.80400310515,3.198638191597));
#830 = CARTESIAN_POINT('',(-27.65268223688,2.634780997971));
#831 = CARTESIAN_POINT('',(-27.55086296801,2.060158026978));
#832 = CARTESIAN_POINT('',(-27.49999993325,1.479927453775));
#833 = CARTESIAN_POINT('',(-27.5,0.9));
#834 = ( GEOMETRIC_REPRESENTATION_CONTEXT(2) 
PARAMETRIC_REPRESENTATION_CONTEXT() REPRESENTATION_CONTEXT('2D SPACE',''
  ) );
#835 = PCURVE('',#836,#844);
#836 = SURFACE_OF_LINEAR_EXTRUSION('',#837,#842);
#837 = ELLIPSE('',#838,10.5,9.);
#838 = AXIS2_PLACEMENT_3D('',#839,#840,#841);
#839 = CARTESIAN_POINT('',(-38.,0.9,0.));
#840 = DIRECTION('',(0.,0.,1.));
#841 = DIRECTION('',(1.,0.,0.));
#842 = VECTOR('',#843,1.);
#843 = DIRECTION('',(-0.,-0.,-1.));
#844 = DEFINITIONAL_REPRESENTATION('',(#845),#998);
#845 = B_SPLINE_CURVE_WITH_KNOTS('',7,(#846,#847,#848,#849,#850,#851,
    #852,#853,#854,#855,#856,#857,#858,#859,#860,#861,#862,#863,#864,
    #865,#866,#867,#868,#869,#870,#871,#872,#873,#874,#875,#876,#877,
    #878,#879,#880,#881,#882,#883,#884,#885,#886,#887,#888,#889,#890,
    #891,#892,#893,#894,#895,#896,#897,#898,#899,#900,#901,#902,#903,
    #904,#905,#906,#907,#908,#909,#910,#911,#912,#913,#914,#915,#916,
    #917,#918,#919,#920,#921,#922,#923,#924,#925,#926,#927,#928,#929,
    #930,#931,#932,#933,#934,#935,#936,#937,#938,#939,#940,#941,#942,
    #943,#944,#945,#946,#947,#948,#949,#950,#951,#952,#953,#954,#955,
    #956,#957,#958,#959,#960,#961,#962,#963,#964,#965,#966,#967,#968,
    #969,#970,#971,#972,#973,#974,#975,#976,#977,#978,#979,#980,#981,
    #982,#983,#984,#985,#986,#987,#988,#989,#990,#991,#992,#993,#994,
    #995,#996,#997),.UNSPECIFIED.,.F.,.F.,(8,6,6,6,6,6,6,6,6,6,6,6,6,6,6
    ,6,6,6,6,6,6,6,6,6,6,8),(0.,6.622897711987E-02,0.104034450856,
    0.147356374743,0.177490226621,0.198616936904,0.249994685466,
    0.322501585644,0.352635396586,0.395957261621,0.433762684,
    0.455484829571,0.469480262321,0.500001358467,0.54451643644,
    0.566238554027,0.604043927702,0.647365736927,0.677499509048,
    0.698626163415,0.750003775993,0.822510484264,0.85264421545,
    0.895965965823,0.933771288141,1.),.UNSPECIFIED.);
#846 = CARTESIAN_POINT('',(6.28318530718,-3.));
#847 = CARTESIAN_POINT('',(6.218748919065,-3.));
#848 = CARTESIAN_POINT('',(6.154278885423,-3.));
#849 = CARTESIAN_POINT('',(6.089994792042,-3.));
#850 = CARTESIAN_POINT('',(6.026031275705,-3.));
#851 = CARTESIAN_POINT('',(5.96249481428,-3.));
#852 = CARTESIAN_POINT('',(5.899477776508,-3.));
#853 = CARTESIAN_POINT('',(5.801460155117,-3.));
#854 = CARTESIAN_POINT('',(5.766033703363,-3.));
#855 = CARTESIAN_POINT('',(5.730810633769,-3.));
#856 = CARTESIAN_POINT('',(5.695797549583,-3.));
#857 = CARTESIAN_POINT('',(5.660997495433,-3.));
#858 = CARTESIAN_POINT('',(5.626410634116,-3.));
#859 = CARTESIAN_POINT('',(5.55264322223,-3.));
#860 = CARTESIAN_POINT('',(5.513529205104,-3.));
#861 = CARTESIAN_POINT('',(5.474688184905,-3.));
#862 = CARTESIAN_POINT('',(5.436112518592,-3.));
#863 = CARTESIAN_POINT('',(5.397791658694,-3.));
#864 = CARTESIAN_POINT('',(5.359712204824,-3.));
#865 = CARTESIAN_POINT('',(5.295527306647,-3.));
#866 = CARTESIAN_POINT('',(5.269306007226,-3.));
#867 = CARTESIAN_POINT('',(5.243188714609,-3.));
#868 = CARTESIAN_POINT('',(5.217169927643,-3.));
#869 = CARTESIAN_POINT('',(5.191243908939,-3.));
#870 = CARTESIAN_POINT('',(5.165404607489,-3.));
#871 = CARTESIAN_POINT('',(5.121586041913,-3.));
#872 = CARTESIAN_POINT('',(5.103566020962,-3.));
#873 = CARTESIAN_POINT('',(5.085583354146,-3.));
#874 = CARTESIAN_POINT('',(5.067635846689,-3.));
#875 = CARTESIAN_POINT('',(5.04972127331,-3.));
#876 = CARTESIAN_POINT('',(5.031837378221,-3.));
#877 = CARTESIAN_POINT('',(4.97055932917,-3.));
#878 = CARTESIAN_POINT('',(4.927306077432,-3.));
#879 = CARTESIAN_POINT('',(4.884186990588,-3.));
#880 = CARTESIAN_POINT('',(4.841168987567,-3.));
#881 = CARTESIAN_POINT('',(4.798219492024,-3.));
#882 = CARTESIAN_POINT('',(4.7553048888,-3.));
#883 = CARTESIAN_POINT('',(4.651823860764,-3.));
#884 = CARTESIAN_POINT('',(4.591266167935,-3.));
#885 = CARTESIAN_POINT('',(4.530607670333,-3.));
#886 = CARTESIAN_POINT('',(4.469754838494,-3.));
#887 = CARTESIAN_POINT('',(4.408619989983,-3.));
#888 = CARTESIAN_POINT('',(4.347112828837,-3.));
#889 = CARTESIAN_POINT('',(4.259373353281,-3.));
#890 = CARTESIAN_POINT('',(4.233534051831,-3.));
#891 = CARTESIAN_POINT('',(4.207608033127,-3.));
#892 = CARTESIAN_POINT('',(4.18158924616,-3.));
#893 = CARTESIAN_POINT('',(4.155471953544,-3.));
#894 = CARTESIAN_POINT('',(4.129250654123,-3.));
#895 = CARTESIAN_POINT('',(4.065065755945,-3.));
#896 = CARTESIAN_POINT('',(4.026986302075,-3.));
#897 = CARTESIAN_POINT('',(3.988665442178,-3.));
#898 = CARTESIAN_POINT('',(3.950089775865,-3.));
#899 = CARTESIAN_POINT('',(3.911248755666,-3.));
#900 = CARTESIAN_POINT('',(3.87213473854,-3.));
#901 = CARTESIAN_POINT('',(3.798367326653,-3.));
#902 = CARTESIAN_POINT('',(3.763780465336,-3.));
#903 = CARTESIAN_POINT('',(3.728980411186,-3.));
#904 = CARTESIAN_POINT('',(3.693967327001,-3.));
#905 = CARTESIAN_POINT('',(3.658744257407,-3.));
#906 = CARTESIAN_POINT('',(3.623317805653,-3.));
#907 = CARTESIAN_POINT('',(3.567232936689,-3.));
#908 = CARTESIAN_POINT('',(3.54670337481,-3.));
#909 = CARTESIAN_POINT('',(3.526112225947,-3.));
#910 = CARTESIAN_POINT('',(3.505461877359,-3.));
#911 = CARTESIAN_POINT('',(3.484755085781,-3.));
#912 = CARTESIAN_POINT('',(3.463995060816,-3.));
#913 = CARTESIAN_POINT('',(3.429778118965,-3.));
#914 = CARTESIAN_POINT('',(3.416350115484,-3.));
#915 = CARTESIAN_POINT('',(3.402902512728,-3.));
#916 = CARTESIAN_POINT('',(3.389436347335,-3.));
#917 = CARTESIAN_POINT('',(3.375952717744,-3.));
#918 = CARTESIAN_POINT('',(3.362452784195,-3.));
#919 = CARTESIAN_POINT('',(3.31946436166,-3.));
#920 = CARTESIAN_POINT('',(3.289918404853,-3.));
#921 = CARTESIAN_POINT('',(3.260313887259,-3.));
#922 = CARTESIAN_POINT('',(3.230664474534,-3.));
#923 = CARTESIAN_POINT('',(3.200984174797,-3.));
#924 = CARTESIAN_POINT('',(3.171288004381,-3.));
#925 = CARTESIAN_POINT('',(3.09828192682,-3.));
#926 = CARTESIAN_POINT('',(3.054966011169,-3.));
#927 = CARTESIAN_POINT('',(3.011701562389,-3.));
#928 = CARTESIAN_POINT('',(2.968533859762,-3.));
#929 = CARTESIAN_POINT('',(2.925502310133,-3.));
#930 = CARTESIAN_POINT('',(2.882644637596,-3.));
#931 = CARTESIAN_POINT('',(2.819190246363,-3.));
#932 = CARTESIAN_POINT('',(2.798430221399,-3.));
#933 = CARTESIAN_POINT('',(2.777723429821,-3.));
#934 = CARTESIAN_POINT('',(2.757073081233,-3.));
#935 = CARTESIAN_POINT('',(2.73648193237,-3.));
#936 = CARTESIAN_POINT('',(2.715952370491,-3.));
#937 = CARTESIAN_POINT('',(2.659867501527,-3.));
#938 = CARTESIAN_POINT('',(2.624441049773,-3.));
#939 = CARTESIAN_POINT('',(2.589217980179,-3.));
#940 = CARTESIAN_POINT('',(2.554204895994,-3.));
#941 = CARTESIAN_POINT('',(2.519404841844,-3.));
#942 = CARTESIAN_POINT('',(2.484817980527,-3.));
#943 = CARTESIAN_POINT('',(2.41105056864,-3.));
#944 = CARTESIAN_POINT('',(2.371936551514,-3.));
#945 = CARTESIAN_POINT('',(2.333095531315,-3.));
#946 = CARTESIAN_POINT('',(2.294519865002,-3.));
#947 = CARTESIAN_POINT('',(2.256199005105,-3.));
#948 = CARTESIAN_POINT('',(2.218119551235,-3.));
#949 = CARTESIAN_POINT('',(2.153934653057,-3.));
#950 = CARTESIAN_POINT('',(2.127713353636,-3.));
#951 = CARTESIAN_POINT('',(2.101596061019,-3.));
#952 = CARTESIAN_POINT('',(2.075577274053,-3.));
#953 = CARTESIAN_POINT('',(2.049651255349,-3.));
#954 = CARTESIAN_POINT('',(2.023811953899,-3.));
#955 = CARTESIAN_POINT('',(1.979993388323,-3.));
#956 = CARTESIAN_POINT('',(1.961973367372,-3.));
#957 = CARTESIAN_POINT('',(1.943990700556,-3.));
#958 = CARTESIAN_POINT('',(1.9260431931,-3.));
#959 = CARTESIAN_POINT('',(1.90812861972,-3.));
#960 = CARTESIAN_POINT('',(1.890244724631,-3.));
#961 = CARTESIAN_POINT('',(1.82896667558,-3.));
#962 = CARTESIAN_POINT('',(1.785713423842,-3.));
#963 = CARTESIAN_POINT('',(1.742594336998,-3.));
#964 = CARTESIAN_POINT('',(1.699576333977,-3.));
#965 = CARTESIAN_POINT('',(1.656626838434,-3.));
#966 = CARTESIAN_POINT('',(1.61371223521,-3.));
#967 = CARTESIAN_POINT('',(1.510231207175,-3.));
#968 = CARTESIAN_POINT('',(1.449673514345,-3.));
#969 = CARTESIAN_POINT('',(1.389015016744,-3.));
#970 = CARTESIAN_POINT('',(1.328162184904,-3.));
#971 = CARTESIAN_POINT('',(1.267027336392,-3.));
#972 = CARTESIAN_POINT('',(1.205520175247,-3.));
#973 = CARTESIAN_POINT('',(1.117780699691,-3.));
#974 = CARTESIAN_POINT('',(1.091941398241,-3.));
#975 = CARTESIAN_POINT('',(1.066015379537,-3.));
#976 = CARTESIAN_POINT('',(1.039996592571,-3.));
#977 = CARTESIAN_POINT('',(1.013879299954,-3.));
#978 = CARTESIAN_POINT('',(0.987658000533,-3.));
#979 = CARTESIAN_POINT('',(0.923473102355,-3.));
#980 = CARTESIAN_POINT('',(0.885393648485,-3.));
#981 = CARTESIAN_POINT('',(0.847072788588,-3.));
#982 = CARTESIAN_POINT('',(0.808497122275,-3.));
#983 = CARTESIAN_POINT('',(0.769656102076,-3.));
#984 = CARTESIAN_POINT('',(0.73054208495,-3.));
#985 = CARTESIAN_POINT('',(0.656774673064,-3.));
#986 = CARTESIAN_POINT('',(0.622187811746,-3.));
#987 = CARTESIAN_POINT('',(0.587387757596,-3.));
#988 = CARTESIAN_POINT('',(0.552374673411,-3.));
#989 = CARTESIAN_POINT('',(0.517151603817,-3.));
#990 = CARTESIAN_POINT('',(0.481725152063,-3.));
#991 = CARTESIAN_POINT('',(0.383707530671,-3.));
#992 = CARTESIAN_POINT('',(0.320690492901,-3.));
#993 = CARTESIAN_POINT('',(0.257154031472,-3.));
#994 = CARTESIAN_POINT('',(0.193190515142,-3.));
#995 = CARTESIAN_POINT('',(0.128906421754,-3.));
#996 = CARTESIAN_POINT('',(6.443638811509E-02,-3.));
#997 = CARTESIAN_POINT('',(0.,-3.));
#998 = ( GEOMETRIC_REPRESENTATION_CONTEXT(2) 
PARAMETRIC_REPRESENTATION_CONTEXT() REPRESENTATION_CONTEXT('2D SPACE',''
  ) );
#999 = FACE_BOUND('',#1000,.T.);
#1000 = EDGE_LOOP('',(#1001));
#1001 = ORIENTED_EDGE('',*,*,#1002,.F.);
#1002 = EDGE_CURVE('',#1003,#1003,#1005,.T.);
#1003 = VERTEX_POINT('',#1004);
#1004 = CARTESIAN_POINT('',(-50.,13.5,3.));
#1005 = SURFACE_CURVE('',#1006,(#1011,#1018),.PCURVE_S1.);
#1006 = CIRCLE('',#1007,2.5);
#1007 = AXIS2_PLACEMENT_3D('',#1008,#1009,#1010);
#1008 = CARTESIAN_POINT('',(-52.5,13.5,3.));
#1009 = DIRECTION('',(0.,0.,1.));
#1010 = DIRECTION('',(1.,0.,0.));
#1011 = PCURVE('',#187,#1012);
#1012 = DEFINITIONAL_REPRESENTATION('',(#1013),#1017);
#1013 = CIRCLE('',#1014,2.5);
#1014 = AXIS2_PLACEMENT_2D('',#1015,#1016);
#1015 = CARTESIAN_POINT('',(-52.5,13.5));
#1016 = DIRECTION('',(1.,0.));
#1017 = ( GEOMETRIC_REPRESENTATION_CONTEXT(2) 
PARAMETRIC_REPRESENTATION_CONTEXT() REPRESENTATION_CONTEXT('2D SPACE',''
  ) );
#1018 = PCURVE('',#1019,#1024);
#1019 = CYLINDRICAL_SURFACE('',#1020,2.5);
#1020 = AXIS2_PLACEMENT_3D('',#1021,#1022,#1023);
#1021 = CARTESIAN_POINT('',(-52.5,13.5,3.));
#1022 = DIRECTION('',(0.,0.,1.));
#1023 = DIRECTION('',(1.,0.,0.));
#1024 = DEFINITIONAL_REPRESENTATION('',(#1025),#1029);
#1025 = LINE('',#1026,#1027);
#1026 = CARTESIAN_POINT('',(0.,0.));
#1027 = VECTOR('',#1028,1.);
#1028 = DIRECTION('',(1.,0.));
#1029 = ( GEOMETRIC_REPRESENTATION_CONTEXT(2) 
PARAMETRIC_REPRESENTATION_CONTEXT() REPRESENTATION_CONTEXT('2D SPACE',''
  ) );
#1030 = FACE_BOUND('',#1031,.T.);
#1031 = EDGE_LOOP('',(#1032));
#1032 = ORIENTED_EDGE('',*,*,#1033,.T.);
#1033 = EDGE_CURVE('',#1034,#1034,#1036,.T.);
#1034 = VERTEX_POINT('',#1035);
#1035 = CARTESIAN_POINT('',(48.5,0.9,3.));
#1036 = SURFACE_CURVE('',#1037,(#1190,#1346),.PCURVE_S1.);
#1037 = B_SPLINE_CURVE_WITH_KNOTS('',7,(#1038,#1039,#1040,#1041,#1042,
    #1043,#1044,#1045,#1046,#1047,#1048,#1049,#1050,#1051,#1052,#1053,
    #1054,#1055,#1056,#1057,#1058,#1059,#1060,#1061,#1062,#1063,#1064,
    #1065,#1066,#1067,#1068,#1069,#1070,#1071,#1072,#1073,#1074,#1075,
    #1076,#1077,#1078,#1079,#1080,#1081,#1082,#1083,#1084,#1085,#1086,
    #1087,#1088,#1089,#1090,#1091,#1092,#1093,#1094,#1095,#1096,#1097,
    #1098,#1099,#1100,#1101,#1102,#1103,#1104,#1105,#1106,#1107,#1108,
    #1109,#1110,#1111,#1112,#1113,#1114,#1115,#1116,#1117,#1118,#1119,
    #1120,#1121,#1122,#1123,#1124,#1125,#1126,#1127,#1128,#1129,#1130,
    #1131,#1132,#1133,#1134,#1135,#1136,#1137,#1138,#1139,#1140,#1141,
    #1142,#1143,#1144,#1145,#1146,#1147,#1148,#1149,#1150,#1151,#1152,
    #1153,#1154,#1155,#1156,#1157,#1158,#1159,#1160,#1161,#1162,#1163,
    #1164,#1165,#1166,#1167,#1168,#1169,#1170,#1171,#1172,#1173,#1174,
    #1175,#1176,#1177,#1178,#1179,#1180,#1181,#1182,#1183,#1184,#1185,
    #1186,#1187,#1188,#1189),.UNSPECIFIED.,.T.,.F.,(8,6,6,6,6,6,6,6,6,6,
    6,6,6,6,6,6,6,6,6,6,6,6,6,6,6,8),(0.,6.622897712094E-02,
    0.104034450857,0.147356374744,0.177490226622,0.198616936905,
    0.249994685467,0.322501585645,0.352635396587,0.395957261622,
    0.433762684001,0.455484829571,0.469480262321,0.500001358467,
    0.54451643644,0.566238554027,0.604043927702,0.647365736927,
    0.677499509048,0.698626163415,0.750003775994,0.822510484264,
    0.85264421545,0.895965965823,0.933771288141,1.),.UNSPECIFIED.);
#1038 = CARTESIAN_POINT('',(48.5,0.9,3.));
#1039 = CARTESIAN_POINT('',(48.500000066744,0.320072546226,3.));
#1040 = CARTESIAN_POINT('',(48.449137031982,-0.260158026983,3.));
#1041 = CARTESIAN_POINT('',(48.347317763133,-0.83478099796,3.));
#1042 = CARTESIAN_POINT('',(48.195996894832,-1.398638191605,3.));
#1043 = CARTESIAN_POINT('',(47.99754665598,-1.947189913662,3.));
#1044 = CARTESIAN_POINT('',(47.755090432427,-2.476477106661,3.));
#1045 = CARTESIAN_POINT('',(47.311042483653,-3.272302286802,3.));
#1046 = CARTESIAN_POINT('',(47.136528921446,-3.5541895448,3.));
#1047 = CARTESIAN_POINT('',(46.949524941827,-3.82818987051,3.));
#1048 = CARTESIAN_POINT('',(46.750715782344,-4.093819815607,3.));
#1049 = CARTESIAN_POINT('',(46.540797944532,-4.350677847075,3.));
#1050 = CARTESIAN_POINT('',(46.320464275439,-4.598433396229,3.));
#1051 = CARTESIAN_POINT('',(45.826742485943,-5.109982286878,3.));
#1052 = CARTESIAN_POINT('',(45.550307358874,-5.370837832795,3.));
#1053 = CARTESIAN_POINT('',(45.262094478223,-5.618985484648,3.));
#1054 = CARTESIAN_POINT('',(44.963089276567,-5.854123521787,3.));
#1055 = CARTESIAN_POINT('',(44.654239614157,-6.076030141975,3.));
#1056 = CARTESIAN_POINT('',(44.336443584302,-6.284548039607,3.));
#1057 = CARTESIAN_POINT('',(43.783843679346,-6.615221558678,3.));
#1058 = CARTESIAN_POINT('',(43.553229819016,-6.744341819361,3.));
#1059 = CARTESIAN_POINT('',(43.318979178006,-6.866892834973,3.));
#1060 = CARTESIAN_POINT('',(43.08136604081,-6.982846707477,3.));
#1061 = CARTESIAN_POINT('',(42.840654890435,-7.092183226834,3.));
#1062 = CARTESIAN_POINT('',(42.597099762682,-7.194888526041,3.));
#1063 = CARTESIAN_POINT('',(42.178364577127,-7.358304672573,3.));
#1064 = CARTESIAN_POINT('',(42.004507730743,-7.422391390368,3.));
#1065 = CARTESIAN_POINT('',(41.829457202411,-7.483210883103,3.));
#1066 = CARTESIAN_POINT('',(41.653295290815,-7.540760842282,3.));
#1067 = CARTESIAN_POINT('',(41.476102452191,-7.595039657354,3.));
#1068 = CARTESIAN_POINT('',(41.297957300327,-7.646046415719,3.));
#1069 = CARTESIAN_POINT('',(40.683578742705,-7.809865387038,3.));
#1070 = CARTESIAN_POINT('',(40.243057510544,-7.906593936613,3.));
#1071 = CARTESIAN_POINT('',(39.798457058042,-7.983965694094,3.));
#1072 = CARTESIAN_POINT('',(39.350834626098,-8.041985864326,3.));
#1073 = CARTESIAN_POINT('',(38.901220345853,-8.080661912782,3.));
#1074 = CARTESIAN_POINT('',(38.450617035981,-8.099999763997,3.));
#1075 = CARTESIAN_POINT('',(37.364066022516,-8.09999997258,3.));
#1076 = CARTESIAN_POINT('',(36.728211329467,-8.061484708812,3.));
#1077 = CARTESIAN_POINT('',(36.095104752299,-7.984470608333,3.));
#1078 = CARTESIAN_POINT('',(35.467579131096,-7.868908791139,3.));
#1079 = CARTESIAN_POINT('',(34.848617332816,-7.714775191088,3.));
#1080 = CARTESIAN_POINT('',(34.241348767085,-7.522102467684,3.));
#1081 = CARTESIAN_POINT('',(33.40290023732,-7.194888526042,3.));
#1082 = CARTESIAN_POINT('',(33.159345109567,-7.092183226834,3.));
#1083 = CARTESIAN_POINT('',(32.918633959191,-6.982846707478,3.));
#1084 = CARTESIAN_POINT('',(32.681020821995,-6.866892834974,3.));
#1085 = CARTESIAN_POINT('',(32.446770180986,-6.744341819362,3.));
#1086 = CARTESIAN_POINT('',(32.216156320655,-6.615221558679,3.));
#1087 = CARTESIAN_POINT('',(31.6635564157,-6.284548039608,3.));
#1088 = CARTESIAN_POINT('',(31.345760385844,-6.076030141976,3.));
#1089 = CARTESIAN_POINT('',(31.036910723435,-5.854123521788,3.));
#1090 = CARTESIAN_POINT('',(30.737905521778,-5.618985484649,3.));
#1091 = CARTESIAN_POINT('',(30.449692641127,-5.370837832796,3.));
#1092 = CARTESIAN_POINT('',(30.173257514058,-5.109982286879,3.));
#1093 = CARTESIAN_POINT('',(29.679535724562,-4.59843339623,3.));
#1094 = CARTESIAN_POINT('',(29.45920205547,-4.350677847076,3.));
#1095 = CARTESIAN_POINT('',(29.249284217657,-4.093819815608,3.));
#1096 = CARTESIAN_POINT('',(29.050475058174,-3.828189870511,3.));
#1097 = CARTESIAN_POINT('',(28.863471078555,-3.554189544801,3.));
#1098 = CARTESIAN_POINT('',(28.688957516348,-3.272302286804,3.));
#1099 = CARTESIAN_POINT('',(28.434877102427,-2.81693777046,3.));
#1100 = CARTESIAN_POINT('',(28.346501097823,-2.648356527059,3.));
#1101 = CARTESIAN_POINT('',(28.26259007848,-2.477470124081,3.));
#1102 = CARTESIAN_POINT('',(28.183264692437,-2.304396596474,3.));
#1103 = CARTESIAN_POINT('',(28.10864031916,-2.129263130118,3.));
#1104 = CARTESIAN_POINT('',(28.038825818586,-1.952206620968,3.));
#1105 = CARTESIAN_POINT('',(27.932105398358,-1.658153739277,3.));
#1106 = CARTESIAN_POINT('',(27.892326885451,-1.542195731503,3.));
#1107 = CARTESIAN_POINT('',(27.854613884797,-1.425539398494,3.));
#1108 = CARTESIAN_POINT('',(27.818991843545,-1.308225325371,3.));
#1109 = CARTESIAN_POINT('',(27.785484512637,-1.190295494746,3.));
#1110 = CARTESIAN_POINT('',(27.754113946808,-1.071793286731,3.));
#1111 = CARTESIAN_POINT('',(27.661191951963,-0.693184444766,3.));
#1112 = CARTESIAN_POINT('',(27.607740397856,-0.431088799264,3.));
#1113 = CARTESIAN_POINT('',(27.564757712936,-0.166951281722,3.));
#1114 = CARTESIAN_POINT('',(27.532407610039,9.873858912356E-02,3.));
#1115 = CARTESIAN_POINT('',(27.510802427294,0.365476255928,3.));
#1116 = CARTESIAN_POINT('',(27.499999911249,0.632741863573,3.));
#1117 = CARTESIAN_POINT('',(27.499999967959,1.2897964997,3.));
#1118 = CARTESIAN_POINT('',(27.522978907862,1.679639944775,3.));
#1119 = CARTESIAN_POINT('',(27.568946047203,2.067825243148,3.));
#1120 = CARTESIAN_POINT('',(27.637626549504,2.452751100129,3.));
#1121 = CARTESIAN_POINT('',(27.728517244161,2.832911847113,3.));
#1122 = CARTESIAN_POINT('',(27.840915648229,3.206893526692,3.));
#1123 = CARTESIAN_POINT('',(28.038825818585,3.752206620966,3.));
#1124 = CARTESIAN_POINT('',(28.108640319159,3.929263130115,3.));
#1125 = CARTESIAN_POINT('',(28.183264692436,4.104396596471,3.));
#1126 = CARTESIAN_POINT('',(28.262590078479,4.277470124079,3.));
#1127 = CARTESIAN_POINT('',(28.346501097822,4.448356527057,3.));
#1128 = CARTESIAN_POINT('',(28.434877102426,4.616937770457,3.));
#1129 = CARTESIAN_POINT('',(28.688957516347,5.072302286802,3.));
#1130 = CARTESIAN_POINT('',(28.863471078553,5.354189544799,3.));
#1131 = CARTESIAN_POINT('',(29.050475058172,5.628189870509,3.));
#1132 = CARTESIAN_POINT('',(29.249284217656,5.893819815606,3.));
#1133 = CARTESIAN_POINT('',(29.459202055468,6.150677847074,3.));
#1134 = CARTESIAN_POINT('',(29.679535724561,6.398433396228,3.));
#1135 = CARTESIAN_POINT('',(30.173257514057,6.909982286877,3.));
#1136 = CARTESIAN_POINT('',(30.449692641125,7.170837832795,3.));
#1137 = CARTESIAN_POINT('',(30.737905521776,7.418985484648,3.));
#1138 = CARTESIAN_POINT('',(31.036910723433,7.654123521787,3.));
#1139 = CARTESIAN_POINT('',(31.345760385842,7.876030141975,3.));
#1140 = CARTESIAN_POINT('',(31.663556415698,8.084548039607,3.));
#1141 = CARTESIAN_POINT('',(32.216156320653,8.415221558678,3.));
#1142 = CARTESIAN_POINT('',(32.446770180984,8.544341819361,3.));
#1143 = CARTESIAN_POINT('',(32.681020821993,8.666892834973,3.));
#1144 = CARTESIAN_POINT('',(32.918633959189,8.782846707476,3.));
#1145 = CARTESIAN_POINT('',(33.159345109565,8.892183226833,3.));
#1146 = CARTESIAN_POINT('',(33.402900237317,8.994888526041,3.));
#1147 = CARTESIAN_POINT('',(33.821635422872,9.158304672573,3.));
#1148 = CARTESIAN_POINT('',(33.995492269256,9.222391390367,3.));
#1149 = CARTESIAN_POINT('',(34.170542797588,9.283210883103,3.));
#1150 = CARTESIAN_POINT('',(34.346704709184,9.340760842282,3.));
#1151 = CARTESIAN_POINT('',(34.523897547808,9.395039657354,3.));
#1152 = CARTESIAN_POINT('',(34.702042699673,9.446046415719,3.));
#1153 = CARTESIAN_POINT('',(35.316421257294,9.609865387038,3.));
#1154 = CARTESIAN_POINT('',(35.756942489455,9.706593936613,3.));
#1155 = CARTESIAN_POINT('',(36.201542941958,9.783965694094,3.));
#1156 = CARTESIAN_POINT('',(36.649165373901,9.841985864326,3.));
#1157 = CARTESIAN_POINT('',(37.098779654147,9.880661912782,3.));
#1158 = CARTESIAN_POINT('',(37.549382964018,9.899999763997,3.));
#1159 = CARTESIAN_POINT('',(38.635933977483,9.89999997258,3.));
#1160 = CARTESIAN_POINT('',(39.271788670534,9.861484708812,3.));
#1161 = CARTESIAN_POINT('',(39.9048952477,9.784470608333,3.));
#1162 = CARTESIAN_POINT('',(40.532420868903,9.668908791139,3.));
#1163 = CARTESIAN_POINT('',(41.151382667185,9.514775191088,3.));
#1164 = CARTESIAN_POINT('',(41.758651232914,9.322102467684,3.));
#1165 = CARTESIAN_POINT('',(42.59709976268,8.994888526041,3.));
#1166 = CARTESIAN_POINT('',(42.840654890433,8.892183226835,3.));
#1167 = CARTESIAN_POINT('',(43.081366040809,8.782846707478,3.));
#1168 = CARTESIAN_POINT('',(43.318979178005,8.666892834974,3.));
#1169 = CARTESIAN_POINT('',(43.553229819014,8.544341819362,3.));
#1170 = CARTESIAN_POINT('',(43.783843679345,8.415221558679,3.));
#1171 = CARTESIAN_POINT('',(44.3364435843,8.084548039608,3.));
#1172 = CARTESIAN_POINT('',(44.654239614156,7.876030141976,3.));
#1173 = CARTESIAN_POINT('',(44.963089276566,7.654123521788,3.));
#1174 = CARTESIAN_POINT('',(45.262094478222,7.418985484649,3.));
#1175 = CARTESIAN_POINT('',(45.550307358873,7.170837832796,3.));
#1176 = CARTESIAN_POINT('',(45.826742485942,6.909982286879,3.));
#1177 = CARTESIAN_POINT('',(46.320464275438,6.39843339623,3.));
#1178 = CARTESIAN_POINT('',(46.54079794453,6.150677847076,3.));
#1179 = CARTESIAN_POINT('',(46.750715782343,5.893819815608,3.));
#1180 = CARTESIAN_POINT('',(46.949524941827,5.628189870511,3.));
#1181 = CARTESIAN_POINT('',(47.136528921446,5.354189544801,3.));
#1182 = CARTESIAN_POINT('',(47.311042483652,5.072302286804,3.));
#1183 = CARTESIAN_POINT('',(47.755090432432,4.276477106663,3.));
#1184 = CARTESIAN_POINT('',(47.997546655959,3.747189913661,3.));
#1185 = CARTESIAN_POINT('',(48.195996894868,3.198638191609,3.));
#1186 = CARTESIAN_POINT('',(48.347317763097,2.634780997959,3.));
#1187 = CARTESIAN_POINT('',(48.449137032001,2.060158026984,3.));
#1188 = CARTESIAN_POINT('',(48.500000066739,1.479927453774,3.));
#1189 = CARTESIAN_POINT('',(48.5,0.9,3.));
#1190 = PCURVE('',#187,#1191);
#1191 = DEFINITIONAL_REPRESENTATION('',(#1192),#1345);
#1192 = B_SPLINE_CURVE_WITH_KNOTS('',7,(#1193,#1194,#1195,#1196,#1197,
    #1198,#1199,#1200,#1201,#1202,#1203,#1204,#1205,#1206,#1207,#1208,
    #1209,#1210,#1211,#1212,#1213,#1214,#1215,#1216,#1217,#1218,#1219,
    #1220,#1221,#1222,#1223,#1224,#1225,#1226,#1227,#1228,#1229,#1230,
    #1231,#1232,#1233,#1234,#1235,#1236,#1237,#1238,#1239,#1240,#1241,
    #1242,#1243,#1244,#1245,#1246,#1247,#1248,#1249,#1250,#1251,#1252,
    #1253,#1254,#1255,#1256,#1257,#1258,#1259,#1260,#1261,#1262,#1263,
    #1264,#1265,#1266,#1267,#1268,#1269,#1270,#1271,#1272,#1273,#1274,
    #1275,#1276,#1277,#1278,#1279,#1280,#1281,#1282,#1283,#1284,#1285,
    #1286,#1287,#1288,#1289,#1290,#1291,#1292,#1293,#1294,#1295,#1296,
    #1297,#1298,#1299,#1300,#1301,#1302,#1303,#1304,#1305,#1306,#1307,
    #1308,#1309,#1310,#1311,#1312,#1313,#1314,#1315,#1316,#1317,#1318,
    #1319,#1320,#1321,#1322,#1323,#1324,#1325,#1326,#1327,#1328,#1329,
    #1330,#1331,#1332,#1333,#1334,#1335,#1336,#1337,#1338,#1339,#1340,
    #1341,#1342,#1343,#1344),.UNSPECIFIED.,.F.,.F.,(8,6,6,6,6,6,6,6,6,6,
    6,6,6,6,6,6,6,6,6,6,6,6,6,6,6,8),(0.,6.622897712094E-02,
    0.104034450857,0.147356374744,0.177490226622,0.198616936905,
    0.249994685467,0.322501585645,0.352635396587,0.395957261622,
    0.433762684001,0.455484829571,0.469480262321,0.500001358467,
    0.54451643644,0.566238554027,0.604043927702,0.647365736927,
    0.677499509048,0.698626163415,0.750003775994,0.822510484264,
    0.85264421545,0.895965965823,0.933771288141,1.),.UNSPECIFIED.);
#1193 = CARTESIAN_POINT('',(48.5,0.9));
#1194 = CARTESIAN_POINT('',(48.500000066744,0.320072546226));
#1195 = CARTESIAN_POINT('',(48.449137031982,-0.260158026983));
#1196 = CARTESIAN_POINT('',(48.347317763133,-0.83478099796));
#1197 = CARTESIAN_POINT('',(48.195996894832,-1.398638191605));
#1198 = CARTESIAN_POINT('',(47.99754665598,-1.947189913662));
#1199 = CARTESIAN_POINT('',(47.755090432427,-2.476477106661));
#1200 = CARTESIAN_POINT('',(47.311042483653,-3.272302286802));
#1201 = CARTESIAN_POINT('',(47.136528921446,-3.5541895448));
#1202 = CARTESIAN_POINT('',(46.949524941827,-3.82818987051));
#1203 = CARTESIAN_POINT('',(46.750715782344,-4.093819815607));
#1204 = CARTESIAN_POINT('',(46.540797944532,-4.350677847075));
#1205 = CARTESIAN_POINT('',(46.320464275439,-4.598433396229));
#1206 = CARTESIAN_POINT('',(45.826742485943,-5.109982286878));
#1207 = CARTESIAN_POINT('',(45.550307358874,-5.370837832795));
#1208 = CARTESIAN_POINT('',(45.262094478223,-5.618985484648));
#1209 = CARTESIAN_POINT('',(44.963089276567,-5.854123521787));
#1210 = CARTESIAN_POINT('',(44.654239614157,-6.076030141975));
#1211 = CARTESIAN_POINT('',(44.336443584302,-6.284548039607));
#1212 = CARTESIAN_POINT('',(43.783843679346,-6.615221558678));
#1213 = CARTESIAN_POINT('',(43.553229819016,-6.744341819361));
#1214 = CARTESIAN_POINT('',(43.318979178006,-6.866892834973));
#1215 = CARTESIAN_POINT('',(43.08136604081,-6.982846707477));
#1216 = CARTESIAN_POINT('',(42.840654890435,-7.092183226834));
#1217 = CARTESIAN_POINT('',(42.597099762682,-7.194888526041));
#1218 = CARTESIAN_POINT('',(42.178364577127,-7.358304672573));
#1219 = CARTESIAN_POINT('',(42.004507730743,-7.422391390368));
#1220 = CARTESIAN_POINT('',(41.829457202411,-7.483210883103));
#1221 = CARTESIAN_POINT('',(41.653295290815,-7.540760842282));
#1222 = CARTESIAN_POINT('',(41.476102452191,-7.595039657354));
#1223 = CARTESIAN_POINT('',(41.297957300327,-7.646046415719));
#1224 = CARTESIAN_POINT('',(40.683578742705,-7.809865387038));
#1225 = CARTESIAN_POINT('',(40.243057510544,-7.906593936613));
#1226 = CARTESIAN_POINT('',(39.798457058042,-7.983965694094));
#1227 = CARTESIAN_POINT('',(39.350834626098,-8.041985864326));
#1228 = CARTESIAN_POINT('',(38.901220345853,-8.080661912782));
#1229 = CARTESIAN_POINT('',(38.450617035981,-8.099999763997));
#1230 = CARTESIAN_POINT('',(37.364066022516,-8.09999997258));
#1231 = CARTESIAN_POINT('',(36.728211329467,-8.061484708812));
#1232 = CARTESIAN_POINT('',(36.095104752299,-7.984470608333));
#1233 = CARTESIAN_POINT('',(35.467579131096,-7.868908791139));
#1234 = CARTESIAN_POINT('',(34.848617332816,-7.714775191088));
#1235 = CARTESIAN_POINT('',(34.241348767085,-7.522102467684));
#1236 = CARTESIAN_POINT('',(33.40290023732,-7.194888526042));
#1237 = CARTESIAN_POINT('',(33.159345109567,-7.092183226834));
#1238 = CARTESIAN_POINT('',(32.918633959191,-6.982846707478));
#1239 = CARTESIAN_POINT('',(32.681020821995,-6.866892834974));
#1240 = CARTESIAN_POINT('',(32.446770180986,-6.744341819362));
#1241 = CARTESIAN_POINT('',(32.216156320655,-6.615221558679));
#1242 = CARTESIAN_POINT('',(31.6635564157,-6.284548039608));
#1243 = CARTESIAN_POINT('',(31.345760385844,-6.076030141976));
#1244 = CARTESIAN_POINT('',(31.036910723435,-5.854123521788));
#1245 = CARTESIAN_POINT('',(30.737905521778,-5.618985484649));
#1246 = CARTESIAN_POINT('',(30.449692641127,-5.370837832796));
#1247 = CARTESIAN_POINT('',(30.173257514058,-5.109982286879));
#1248 = CARTESIAN_POINT('',(29.679535724562,-4.59843339623));
#1249 = CARTESIAN_POINT('',(29.45920205547,-4.350677847076));
#1250 = CARTESIAN_POINT('',(29.249284217657,-4.093819815608));
#1251 = CARTESIAN_POINT('',(29.050475058174,-3.828189870511));
#1252 = CARTESIAN_POINT('',(28.863471078555,-3.554189544801));
#1253 = CARTESIAN_POINT('',(28.688957516348,-3.272302286804));
#1254 = CARTESIAN_POINT('',(28.434877102427,-2.81693777046));
#1255 = CARTESIAN_POINT('',(28.346501097823,-2.648356527059));
#1256 = CARTESIAN_POINT('',(28.26259007848,-2.477470124081));
#1257 = CARTESIAN_POINT('',(28.183264692437,-2.304396596474));
#1258 = CARTESIAN_POINT('',(28.10864031916,-2.129263130118));
#1259 = CARTESIAN_POINT('',(28.038825818586,-1.952206620968));
#1260 = CARTESIAN_POINT('',(27.932105398358,-1.658153739277));
#1261 = CARTESIAN_POINT('',(27.892326885451,-1.542195731503));
#1262 = CARTESIAN_POINT('',(27.854613884797,-1.425539398494));
#1263 = CARTESIAN_POINT('',(27.818991843545,-1.308225325371));
#1264 = CARTESIAN_POINT('',(27.785484512637,-1.190295494746));
#1265 = CARTESIAN_POINT('',(27.754113946808,-1.071793286731));
#1266 = CARTESIAN_POINT('',(27.661191951963,-0.693184444766));
#1267 = CARTESIAN_POINT('',(27.607740397856,-0.431088799264));
#1268 = CARTESIAN_POINT('',(27.564757712936,-0.166951281722));
#1269 = CARTESIAN_POINT('',(27.532407610039,9.873858912356E-02));
#1270 = CARTESIAN_POINT('',(27.510802427294,0.365476255928));
#1271 = CARTESIAN_POINT('',(27.499999911249,0.632741863573));
#1272 = CARTESIAN_POINT('',(27.499999967959,1.2897964997));
#1273 = CARTESIAN_POINT('',(27.522978907862,1.679639944775));
#1274 = CARTESIAN_POINT('',(27.568946047203,2.067825243148));
#1275 = CARTESIAN_POINT('',(27.637626549504,2.452751100129));
#1276 = CARTESIAN_POINT('',(27.728517244161,2.832911847113));
#1277 = CARTESIAN_POINT('',(27.840915648229,3.206893526692));
#1278 = CARTESIAN_POINT('',(28.038825818585,3.752206620966));
#1279 = CARTESIAN_POINT('',(28.108640319159,3.929263130115));
#1280 = CARTESIAN_POINT('',(28.183264692436,4.104396596471));
#1281 = CARTESIAN_POINT('',(28.262590078479,4.277470124079));
#1282 = CARTESIAN_POINT('',(28.346501097822,4.448356527057));
#1283 = CARTESIAN_POINT('',(28.434877102426,4.616937770457));
#1284 = CARTESIAN_POINT('',(28.688957516347,5.072302286802));
#1285 = CARTESIAN_POINT('',(28.863471078553,5.354189544799));
#1286 = CARTESIAN_POINT('',(29.050475058172,5.628189870509));
#1287 = CARTESIAN_POINT('',(29.249284217656,5.893819815606));
#1288 = CARTESIAN_POINT('',(29.459202055468,6.150677847074));
#1289 = CARTESIAN_POINT('',(29.679535724561,6.398433396228));
#1290 = CARTESIAN_POINT('',(30.173257514057,6.909982286877));
#1291 = CARTESIAN_POINT('',(30.449692641125,7.170837832795));
#1292 = CARTESIAN_POINT('',(30.737905521776,7.418985484648));
#1293 = CARTESIAN_POINT('',(31.036910723433,7.654123521787));
#1294 = CARTESIAN_POINT('',(31.345760385842,7.876030141975));
#1295 = CARTESIAN_POINT('',(31.663556415698,8.084548039607));
#1296 = CARTESIAN_POINT('',(32.216156320653,8.415221558678));
#1297 = CARTESIAN_POINT('',(32.446770180984,8.544341819361));
#1298 = CARTESIAN_POINT('',(32.681020821993,8.666892834973));
#1299 = CARTESIAN_POINT('',(32.918633959189,8.782846707476));
#1300 = CARTESIAN_POINT('',(33.159345109565,8.892183226833));
#1301 = CARTESIAN_POINT('',(33.402900237317,8.994888526041));
#1302 = CARTESIAN_POINT('',(33.821635422872,9.158304672573));
#1303 = CARTESIAN_POINT('',(33.995492269256,9.222391390367));
#1304 = CARTESIAN_POINT('',(34.170542797588,9.283210883103));
#1305 = CARTESIAN_POINT('',(34.346704709184,9.340760842282));
#1306 = CARTESIAN_POINT('',(34.523897547808,9.395039657354));
#1307 = CARTESIAN_POINT('',(34.702042699673,9.446046415719));
#1308 = CARTESIAN_POINT('',(35.316421257294,9.609865387038));
#1309 = CARTESIAN_POINT('',(35.756942489455,9.706593936613));
#1310 = CARTESIAN_POINT('',(36.201542941958,9.783965694094));
#1311 = CARTESIAN_POINT('',(36.649165373901,9.841985864326));
#1312 = CARTESIAN_POINT('',(37.098779654147,9.880661912782));
#1313 = CARTESIAN_POINT('',(37.549382964018,9.899999763997));
#1314 = CARTESIAN_POINT('',(38.635933977483,9.89999997258));
#1315 = CARTESIAN_POINT('',(39.271788670534,9.861484708812));
#1316 = CARTESIAN_POINT('',(39.9048952477,9.784470608333));
#1317 = CARTESIAN_POINT('',(40.532420868903,9.668908791139));
#1318 = CARTESIAN_POINT('',(41.151382667185,9.514775191088));
#1319 = CARTESIAN_POINT('',(41.758651232914,9.322102467684));
#1320 = CARTESIAN_POINT('',(42.59709976268,8.994888526041));
#1321 = CARTESIAN_POINT('',(42.840654890433,8.892183226835));
#1322 = CARTESIAN_POINT('',(43.081366040809,8.782846707478));
#1323 = CARTESIAN_POINT('',(43.318979178005,8.666892834974));
#1324 = CARTESIAN_POINT('',(43.553229819014,8.544341819362));
#1325 = CARTESIAN_POINT('',(43.783843679345,8.415221558679));
#1326 = CARTESIAN_POINT('',(44.3364435843,8.084548039608));
#1327 = CARTESIAN_POINT('',(44.654239614156,7.876030141976));
#1328 = CARTESIAN_POINT('',(44.963089276566,7.654123521788));
#1329 = CARTESIAN_POINT('',(45.262094478222,7.418985484649));
#1330 = CARTESIAN_POINT('',(45.550307358873,7.170837832796));
#1331 = CARTESIAN_POINT('',(45.826742485942,6.909982286879));
#1332 = CARTESIAN_POINT('',(46.320464275438,6.39843339623));
#1333 = CARTESIAN_POINT('',(46.54079794453,6.150677847076));
#1334 = CARTESIAN_POINT('',(46.750715782343,5.893819815608));
#1335 = CARTESIAN_POINT('',(46.949524941827,5.628189870511));
#1336 = CARTESIAN_POINT('',(47.136528921446,5.354189544801));
#1337 = CARTESIAN_POINT('',(47.311042483652,5.072302286804));
#1338 = CARTESIAN_POINT('',(47.755090432432,4.276477106663));
#1339 = CARTESIAN_POINT('',(47.997546655959,3.747189913661));
#1340 = CARTESIAN_POINT('',(48.195996894868,3.198638191609));
#1341 = CARTESIAN_POINT('',(48.347317763097,2.634780997959));
#1342 = CARTESIAN_POINT('',(48.449137032001,2.060158026984));
#1343 = CARTESIAN_POINT('',(48.500000066739,1.479927453774));
#1344 = CARTESIAN_POINT('',(48.5,0.9));
#1345 = ( GEOMETRIC_REPRESENTATION_CONTEXT(2) 
PARAMETRIC_REPRESENTATION_CONTEXT() REPRESENTATION_CONTEXT('2D SPACE',''
  ) );
#1346 = PCURVE('',#1347,#1355);
#1347 = SURFACE_OF_LINEAR_EXTRUSION('',#1348,#1353);
#1348 = ELLIPSE('',#1349,10.5,9.);
#1349 = AXIS2_PLACEMENT_3D('',#1350,#1351,#1352);
#1350 = CARTESIAN_POINT('',(38.,0.9,0.));
#1351 = DIRECTION('',(0.,0.,1.));
#1352 = DIRECTION('',(1.,0.,0.));
#1353 = VECTOR('',#1354,1.);
#1354 = DIRECTION('',(-0.,-0.,-1.));
#1355 = DEFINITIONAL_REPRESENTATION('',(#1356),#1509);
#1356 = B_SPLINE_CURVE_WITH_KNOTS('',7,(#1357,#1358,#1359,#1360,#1361,
    #1362,#1363,#1364,#1365,#1366,#1367,#1368,#1369,#1370,#1371,#1372,
    #1373,#1374,#1375,#1376,#1377,#1378,#1379,#1380,#1381,#1382,#1383,
    #1384,#1385,#1386,#1387,#1388,#1389,#1390,#1391,#1392,#1393,#1394,
    #1395,#1396,#1397,#1398,#1399,#1400,#1401,#1402,#1403,#1404,#1405,
    #1406,#1407,#1408,#1409,#1410,#1411,#1412,#1413,#1414,#1415,#1416,
    #1417,#1418,#1419,#1420,#1421,#1422,#1423,#1424,#1425,#1426,#1427,
    #1428,#1429,#1430,#1431,#1432,#1433,#1434,#1435,#1436,#1437,#1438,
    #1439,#1440,#1441,#1442,#1443,#1444,#1445,#1446,#1447,#1448,#1449,
    #1450,#1451,#1452,#1453,#1454,#1455,#1456,#1457,#1458,#1459,#1460,
    #1461,#1462,#1463,#1464,#1465,#1466,#1467,#1468,#1469,#1470,#1471,
    #1472,#1473,#1474,#1475,#1476,#1477,#1478,#1479,#1480,#1481,#1482,
    #1483,#1484,#1485,#1486,#1487,#1488,#1489,#1490,#1491,#1492,#1493,
    #1494,#1495,#1496,#1497,#1498,#1499,#1500,#1501,#1502,#1503,#1504,
    #1505,#1506,#1507,#1508),.UNSPECIFIED.,.F.,.F.,(8,6,6,6,6,6,6,6,6,6,
    6,6,6,6,6,6,6,6,6,6,6,6,6,6,6,8),(0.,6.622897712094E-02,
    0.104034450857,0.147356374744,0.177490226622,0.198616936905,
    0.249994685467,0.322501585645,0.352635396587,0.395957261622,
    0.433762684001,0.455484829571,0.469480262321,0.500001358467,
    0.54451643644,0.566238554027,0.604043927702,0.647365736927,
    0.677499509048,0.698626163415,0.750003775994,0.822510484264,
    0.85264421545,0.895965965823,0.933771288141,1.),.UNSPECIFIED.);
#1357 = CARTESIAN_POINT('',(6.28318530718,-3.));
#1358 = CARTESIAN_POINT('',(6.218748919064,-3.));
#1359 = CARTESIAN_POINT('',(6.154278885427,-3.));
#1360 = CARTESIAN_POINT('',(6.089994792035,-3.));
#1361 = CARTESIAN_POINT('',(6.026031275712,-3.));
#1362 = CARTESIAN_POINT('',(5.962494814276,-3.));
#1363 = CARTESIAN_POINT('',(5.899477776509,-3.));
#1364 = CARTESIAN_POINT('',(5.801460155116,-3.));
#1365 = CARTESIAN_POINT('',(5.766033703363,-3.));
#1366 = CARTESIAN_POINT('',(5.730810633769,-3.));
#1367 = CARTESIAN_POINT('',(5.695797549583,-3.));
#1368 = CARTESIAN_POINT('',(5.660997495433,-3.));
#1369 = CARTESIAN_POINT('',(5.626410634116,-3.));
#1370 = CARTESIAN_POINT('',(5.55264322223,-3.));
#1371 = CARTESIAN_POINT('',(5.513529205104,-3.));
#1372 = CARTESIAN_POINT('',(5.474688184905,-3.));
#1373 = CARTESIAN_POINT('',(5.436112518591,-3.));
#1374 = CARTESIAN_POINT('',(5.397791658694,-3.));
#1375 = CARTESIAN_POINT('',(5.359712204824,-3.));
#1376 = CARTESIAN_POINT('',(5.295527306647,-3.));
#1377 = CARTESIAN_POINT('',(5.269306007226,-3.));
#1378 = CARTESIAN_POINT('',(5.243188714609,-3.));
#1379 = CARTESIAN_POINT('',(5.217169927643,-3.));
#1380 = CARTESIAN_POINT('',(5.191243908939,-3.));
#1381 = CARTESIAN_POINT('',(5.165404607489,-3.));
#1382 = CARTESIAN_POINT('',(5.121586041913,-3.));
#1383 = CARTESIAN_POINT('',(5.103566020962,-3.));
#1384 = CARTESIAN_POINT('',(5.085583354146,-3.));
#1385 = CARTESIAN_POINT('',(5.067635846689,-3.));
#1386 = CARTESIAN_POINT('',(5.04972127331,-3.));
#1387 = CARTESIAN_POINT('',(5.031837378221,-3.));
#1388 = CARTESIAN_POINT('',(4.97055932917,-3.));
#1389 = CARTESIAN_POINT('',(4.927306077432,-3.));
#1390 = CARTESIAN_POINT('',(4.884186990588,-3.));
#1391 = CARTESIAN_POINT('',(4.841168987567,-3.));
#1392 = CARTESIAN_POINT('',(4.798219492024,-3.));
#1393 = CARTESIAN_POINT('',(4.7553048888,-3.));
#1394 = CARTESIAN_POINT('',(4.651823860764,-3.));
#1395 = CARTESIAN_POINT('',(4.591266167935,-3.));
#1396 = CARTESIAN_POINT('',(4.530607670333,-3.));
#1397 = CARTESIAN_POINT('',(4.469754838494,-3.));
#1398 = CARTESIAN_POINT('',(4.408619989983,-3.));
#1399 = CARTESIAN_POINT('',(4.347112828837,-3.));
#1400 = CARTESIAN_POINT('',(4.259373353281,-3.));
#1401 = CARTESIAN_POINT('',(4.233534051831,-3.));
#1402 = CARTESIAN_POINT('',(4.207608033127,-3.));
#1403 = CARTESIAN_POINT('',(4.18158924616,-3.));
#1404 = CARTESIAN_POINT('',(4.155471953544,-3.));
#1405 = CARTESIAN_POINT('',(4.129250654123,-3.));
#1406 = CARTESIAN_POINT('',(4.065065755945,-3.));
#1407 = CARTESIAN_POINT('',(4.026986302075,-3.));
#1408 = CARTESIAN_POINT('',(3.988665442178,-3.));
#1409 = CARTESIAN_POINT('',(3.950089775865,-3.));
#1410 = CARTESIAN_POINT('',(3.911248755666,-3.));
#1411 = CARTESIAN_POINT('',(3.87213473854,-3.));
#1412 = CARTESIAN_POINT('',(3.798367326653,-3.));
#1413 = CARTESIAN_POINT('',(3.763780465336,-3.));
#1414 = CARTESIAN_POINT('',(3.728980411186,-3.));
#1415 = CARTESIAN_POINT('',(3.693967327001,-3.));
#1416 = CARTESIAN_POINT('',(3.658744257407,-3.));
#1417 = CARTESIAN_POINT('',(3.623317805653,-3.));
#1418 = CARTESIAN_POINT('',(3.567232936689,-3.));
#1419 = CARTESIAN_POINT('',(3.54670337481,-3.));
#1420 = CARTESIAN_POINT('',(3.526112225947,-3.));
#1421 = CARTESIAN_POINT('',(3.505461877359,-3.));
#1422 = CARTESIAN_POINT('',(3.484755085781,-3.));
#1423 = CARTESIAN_POINT('',(3.463995060816,-3.));
#1424 = CARTESIAN_POINT('',(3.429778118965,-3.));
#1425 = CARTESIAN_POINT('',(3.416350115484,-3.));
#1426 = CARTESIAN_POINT('',(3.402902512728,-3.));
#1427 = CARTESIAN_POINT('',(3.389436347335,-3.));
#1428 = CARTESIAN_POINT('',(3.375952717744,-3.));
#1429 = CARTESIAN_POINT('',(3.362452784195,-3.));
#1430 = CARTESIAN_POINT('',(3.31946436166,-3.));
#1431 = CARTESIAN_POINT('',(3.289918404853,-3.));
#1432 = CARTESIAN_POINT('',(3.260313887259,-3.));
#1433 = CARTESIAN_POINT('',(3.230664474534,-3.));
#1434 = CARTESIAN_POINT('',(3.200984174797,-3.));
#1435 = CARTESIAN_POINT('',(3.171288004381,-3.));
#1436 = CARTESIAN_POINT('',(3.09828192682,-3.));
#1437 = CARTESIAN_POINT('',(3.054966011169,-3.));
#1438 = CARTESIAN_POINT('',(3.011701562389,-3.));
#1439 = CARTESIAN_POINT('',(2.968533859762,-3.));
#1440 = CARTESIAN_POINT('',(2.925502310133,-3.));
#1441 = CARTESIAN_POINT('',(2.882644637596,-3.));
#1442 = CARTESIAN_POINT('',(2.819190246364,-3.));
#1443 = CARTESIAN_POINT('',(2.798430221399,-3.));
#1444 = CARTESIAN_POINT('',(2.777723429821,-3.));
#1445 = CARTESIAN_POINT('',(2.757073081233,-3.));
#1446 = CARTESIAN_POINT('',(2.73648193237,-3.));
#1447 = CARTESIAN_POINT('',(2.715952370491,-3.));
#1448 = CARTESIAN_POINT('',(2.659867501527,-3.));
#1449 = CARTESIAN_POINT('',(2.624441049773,-3.));
#1450 = CARTESIAN_POINT('',(2.589217980179,-3.));
#1451 = CARTESIAN_POINT('',(2.554204895994,-3.));
#1452 = CARTESIAN_POINT('',(2.519404841844,-3.));
#1453 = CARTESIAN_POINT('',(2.484817980526,-3.));
#1454 = CARTESIAN_POINT('',(2.41105056864,-3.));
#1455 = CARTESIAN_POINT('',(2.371936551514,-3.));
#1456 = CARTESIAN_POINT('',(2.333095531315,-3.));
#1457 = CARTESIAN_POINT('',(2.294519865002,-3.));
#1458 = CARTESIAN_POINT('',(2.256199005105,-3.));
#1459 = CARTESIAN_POINT('',(2.218119551235,-3.));
#1460 = CARTESIAN_POINT('',(2.153934653057,-3.));
#1461 = CARTESIAN_POINT('',(2.127713353636,-3.));
#1462 = CARTESIAN_POINT('',(2.101596061019,-3.));
#1463 = CARTESIAN_POINT('',(2.075577274053,-3.));
#1464 = CARTESIAN_POINT('',(2.049651255349,-3.));
#1465 = CARTESIAN_POINT('',(2.023811953899,-3.));
#1466 = CARTESIAN_POINT('',(1.979993388323,-3.));
#1467 = CARTESIAN_POINT('',(1.961973367372,-3.));
#1468 = CARTESIAN_POINT('',(1.943990700556,-3.));
#1469 = CARTESIAN_POINT('',(1.9260431931,-3.));
#1470 = CARTESIAN_POINT('',(1.90812861972,-3.));
#1471 = CARTESIAN_POINT('',(1.890244724631,-3.));
#1472 = CARTESIAN_POINT('',(1.82896667558,-3.));
#1473 = CARTESIAN_POINT('',(1.785713423842,-3.));
#1474 = CARTESIAN_POINT('',(1.742594336998,-3.));
#1475 = CARTESIAN_POINT('',(1.699576333977,-3.));
#1476 = CARTESIAN_POINT('',(1.656626838434,-3.));
#1477 = CARTESIAN_POINT('',(1.61371223521,-3.));
#1478 = CARTESIAN_POINT('',(1.510231207175,-3.));
#1479 = CARTESIAN_POINT('',(1.449673514345,-3.));
#1480 = CARTESIAN_POINT('',(1.389015016744,-3.));
#1481 = CARTESIAN_POINT('',(1.328162184904,-3.));
#1482 = CARTESIAN_POINT('',(1.267027336392,-3.));
#1483 = CARTESIAN_POINT('',(1.205520175247,-3.));
#1484 = CARTESIAN_POINT('',(1.117780699691,-3.));
#1485 = CARTESIAN_POINT('',(1.091941398241,-3.));
#1486 = CARTESIAN_POINT('',(1.066015379537,-3.));
#1487 = CARTESIAN_POINT('',(1.039996592571,-3.));
#1488 = CARTESIAN_POINT('',(1.013879299954,-3.));
#1489 = CARTESIAN_POINT('',(0.987658000533,-3.));
#1490 = CARTESIAN_POINT('',(0.923473102355,-3.));
#1491 = CARTESIAN_POINT('',(0.885393648485,-3.));
#1492 = CARTESIAN_POINT('',(0.847072788588,-3.));
#1493 = CARTESIAN_POINT('',(0.808497122275,-3.));
#1494 = CARTESIAN_POINT('',(0.769656102076,-3.));
#1495 = CARTESIAN_POINT('',(0.73054208495,-3.));
#1496 = CARTESIAN_POINT('',(0.656774673064,-3.));
#1497 = CARTESIAN_POINT('',(0.622187811746,-3.));
#1498 = CARTESIAN_POINT('',(0.587387757596,-3.));
#1499 = CARTESIAN_POINT('',(0.552374673411,-3.));
#1500 = CARTESIAN_POINT('',(0.517151603817,-3.));
#1501 = CARTESIAN_POINT('',(0.481725152063,-3.));
#1502 = CARTESIAN_POINT('',(0.383707530671,-3.));
#1503 = CARTESIAN_POINT('',(0.3206904929,-3.));
#1504 = CARTESIAN_POINT('',(0.257154031473,-3.));
#1505 = CARTESIAN_POINT('',(0.19319051514,-3.));
#1506 = CARTESIAN_POINT('',(0.128906421755,-3.));
#1507 = CARTESIAN_POINT('',(6.44363881149E-02,-3.));
#1508 = CARTESIAN_POINT('',(0.,-3.));
#1509 = ( GEOMETRIC_REPRESENTATION_CONTEXT(2) 
PARAMETRIC_REPRESENTATION_CONTEXT() REPRESENTATION_CONTEXT('2D SPACE',''
  ) );
#1510 = FACE_BOUND('',#1511,.T.);
#1511 = EDGE_LOOP('',(#1512));
#1512 = ORIENTED_EDGE('',*,*,#172,.F.);
#1513 = ADVANCED_FACE('',(#1514),#221,.T.);
#1514 = FACE_BOUND('',#1515,.T.);
#1515 = EDGE_LOOP('',(#1516,#1539,#1540,#1563));
#1516 = ORIENTED_EDGE('',*,*,#1517,.T.);
#1517 = EDGE_CURVE('',#1518,#204,#1520,.T.);
#1518 = VERTEX_POINT('',#1519);
#1519 = CARTESIAN_POINT('',(-65.5,-15.67157287525,19.42));
#1520 = SURFACE_CURVE('',#1521,(#1525,#1532),.PCURVE_S1.);
#1521 = LINE('',#1522,#1523);
#1522 = CARTESIAN_POINT('',(-65.5,-15.67157287525,19.42));
#1523 = VECTOR('',#1524,1.);
#1524 = DIRECTION('',(-0.,-0.,-1.));
#1525 = PCURVE('',#221,#1526);
#1526 = DEFINITIONAL_REPRESENTATION('',(#1527),#1531);
#1527 = LINE('',#1528,#1529);
#1528 = CARTESIAN_POINT('',(0.,0.));
#1529 = VECTOR('',#1530,1.);
#1530 = DIRECTION('',(0.,-1.));
#1531 = ( GEOMETRIC_REPRESENTATION_CONTEXT(2) 
PARAMETRIC_REPRESENTATION_CONTEXT() REPRESENTATION_CONTEXT('2D SPACE',''
  ) );
#1532 = PCURVE('',#249,#1533);
#1533 = DEFINITIONAL_REPRESENTATION('',(#1534),#1538);
#1534 = LINE('',#1535,#1536);
#1535 = CARTESIAN_POINT('',(-3.768221900841E-15,0.));
#1536 = VECTOR('',#1537,1.);
#1537 = DIRECTION('',(0.,-1.));
#1538 = ( GEOMETRIC_REPRESENTATION_CONTEXT(2) 
PARAMETRIC_REPRESENTATION_CONTEXT() REPRESENTATION_CONTEXT('2D SPACE',''
  ) );
#1539 = ORIENTED_EDGE('',*,*,#203,.T.);
#1540 = ORIENTED_EDGE('',*,*,#1541,.F.);
#1541 = EDGE_CURVE('',#1542,#206,#1544,.T.);
#1542 = VERTEX_POINT('',#1543);
#1543 = CARTESIAN_POINT('',(-65.5,15.671572875254,19.42));
#1544 = SURFACE_CURVE('',#1545,(#1549,#1556),.PCURVE_S1.);
#1545 = LINE('',#1546,#1547);
#1546 = CARTESIAN_POINT('',(-65.5,15.671572875254,19.42));
#1547 = VECTOR('',#1548,1.);
#1548 = DIRECTION('',(-0.,-0.,-1.));
#1549 = PCURVE('',#221,#1550);
#1550 = DEFINITIONAL_REPRESENTATION('',(#1551),#1555);
#1551 = LINE('',#1552,#1553);
#1552 = CARTESIAN_POINT('',(31.343145750508,0.));
#1553 = VECTOR('',#1554,1.);
#1554 = DIRECTION('',(0.,-1.));
#1555 = ( GEOMETRIC_REPRESENTATION_CONTEXT(2) 
PARAMETRIC_REPRESENTATION_CONTEXT() REPRESENTATION_CONTEXT('2D SPACE',''
  ) );
#1556 = PCURVE('',#415,#1557);
#1557 = DEFINITIONAL_REPRESENTATION('',(#1558),#1562);
#1558 = LINE('',#1559,#1560);
#1559 = CARTESIAN_POINT('',(-3.768221900841E-15,0.));
#1560 = VECTOR('',#1561,1.);
#1561 = DIRECTION('',(0.,-1.));
#1562 = ( GEOMETRIC_REPRESENTATION_CONTEXT(2) 
PARAMETRIC_REPRESENTATION_CONTEXT() REPRESENTATION_CONTEXT('2D SPACE',''
  ) );
#1563 = ORIENTED_EDGE('',*,*,#1564,.F.);
#1564 = EDGE_CURVE('',#1518,#1542,#1565,.T.);
#1565 = SURFACE_CURVE('',#1566,(#1570,#1577),.PCURVE_S1.);
#1566 = LINE('',#1567,#1568);
#1567 = CARTESIAN_POINT('',(-65.5,-2.879505121058E-15,19.42));
#1568 = VECTOR('',#1569,1.);
#1569 = DIRECTION('',(0.,1.,0.));
#1570 = PCURVE('',#221,#1571);
#1571 = DEFINITIONAL_REPRESENTATION('',(#1572),#1576);
#1572 = LINE('',#1573,#1574);
#1573 = CARTESIAN_POINT('',(15.671572875254,0.));
#1574 = VECTOR('',#1575,1.);
#1575 = DIRECTION('',(1.,0.));
#1576 = ( GEOMETRIC_REPRESENTATION_CONTEXT(2) 
PARAMETRIC_REPRESENTATION_CONTEXT() REPRESENTATION_CONTEXT('2D SPACE',''
  ) );
#1577 = PCURVE('',#1578,#1583);
#1578 = PLANE('',#1579);
#1579 = AXIS2_PLACEMENT_3D('',#1580,#1581,#1582);
#1580 = CARTESIAN_POINT('',(1.307684689824E-16,0.,19.42));
#1581 = DIRECTION('',(0.,0.,1.));
#1582 = DIRECTION('',(1.,0.,0.));
#1583 = DEFINITIONAL_REPRESENTATION('',(#1584),#1588);
#1584 = LINE('',#1585,#1586);
#1585 = CARTESIAN_POINT('',(-65.5,-2.879505121058E-15));
#1586 = VECTOR('',#1587,1.);
#1587 = DIRECTION('',(0.,1.));
#1588 = ( GEOMETRIC_REPRESENTATION_CONTEXT(2) 
PARAMETRIC_REPRESENTATION_CONTEXT() REPRESENTATION_CONTEXT('2D SPACE',''
  ) );
#1589 = ADVANCED_FACE('',(#1590),#249,.F.);
#1590 = FACE_BOUND('',#1591,.F.);
#1591 = EDGE_LOOP('',(#1592,#1593,#1594,#1617));
#1592 = ORIENTED_EDGE('',*,*,#1517,.T.);
#1593 = ORIENTED_EDGE('',*,*,#233,.T.);
#1594 = ORIENTED_EDGE('',*,*,#1595,.F.);
#1595 = EDGE_CURVE('',#1596,#234,#1598,.T.);
#1596 = VERTEX_POINT('',#1597);
#1597 = CARTESIAN_POINT('',(-56.67157287525,-24.5,19.42));
#1598 = SURFACE_CURVE('',#1599,(#1603,#1610),.PCURVE_S1.);
#1599 = LINE('',#1600,#1601);
#1600 = CARTESIAN_POINT('',(-56.67157287525,-24.5,19.42));
#1601 = VECTOR('',#1602,1.);
#1602 = DIRECTION('',(-0.,-0.,-1.));
#1603 = PCURVE('',#249,#1604);
#1604 = DEFINITIONAL_REPRESENTATION('',(#1605),#1609);
#1605 = LINE('',#1606,#1607);
#1606 = CARTESIAN_POINT('',(12.485281374239,0.));
#1607 = VECTOR('',#1608,1.);
#1608 = DIRECTION('',(0.,-1.));
#1609 = ( GEOMETRIC_REPRESENTATION_CONTEXT(2) 
PARAMETRIC_REPRESENTATION_CONTEXT() REPRESENTATION_CONTEXT('2D SPACE',''
  ) );
#1610 = PCURVE('',#277,#1611);
#1611 = DEFINITIONAL_REPRESENTATION('',(#1612),#1616);
#1612 = LINE('',#1613,#1614);
#1613 = CARTESIAN_POINT('',(0.,0.));
#1614 = VECTOR('',#1615,1.);
#1615 = DIRECTION('',(0.,-1.));
#1616 = ( GEOMETRIC_REPRESENTATION_CONTEXT(2) 
PARAMETRIC_REPRESENTATION_CONTEXT() REPRESENTATION_CONTEXT('2D SPACE',''
  ) );
#1617 = ORIENTED_EDGE('',*,*,#1618,.F.);
#1618 = EDGE_CURVE('',#1518,#1596,#1619,.T.);
#1619 = SURFACE_CURVE('',#1620,(#1624,#1631),.PCURVE_S1.);
#1620 = LINE('',#1621,#1622);
#1621 = CARTESIAN_POINT('',(-66.08578643762,-15.08578643762,19.42));
#1622 = VECTOR('',#1623,1.);
#1623 = DIRECTION('',(0.707106781187,-0.707106781187,0.));
#1624 = PCURVE('',#249,#1625);
#1625 = DEFINITIONAL_REPRESENTATION('',(#1626),#1630);
#1626 = LINE('',#1627,#1628);
#1627 = CARTESIAN_POINT('',(-0.828427124746,0.));
#1628 = VECTOR('',#1629,1.);
#1629 = DIRECTION('',(1.,0.));
#1630 = ( GEOMETRIC_REPRESENTATION_CONTEXT(2) 
PARAMETRIC_REPRESENTATION_CONTEXT() REPRESENTATION_CONTEXT('2D SPACE',''
  ) );
#1631 = PCURVE('',#1578,#1632);
#1632 = DEFINITIONAL_REPRESENTATION('',(#1633),#1637);
#1633 = LINE('',#1634,#1635);
#1634 = CARTESIAN_POINT('',(-66.08578643762,-15.08578643762));
#1635 = VECTOR('',#1636,1.);
#1636 = DIRECTION('',(0.707106781187,-0.707106781187));
#1637 = ( GEOMETRIC_REPRESENTATION_CONTEXT(2) 
PARAMETRIC_REPRESENTATION_CONTEXT() REPRESENTATION_CONTEXT('2D SPACE',''
  ) );
#1638 = ADVANCED_FACE('',(#1639),#415,.T.);
#1639 = FACE_BOUND('',#1640,.T.);
#1640 = EDGE_LOOP('',(#1641,#1642,#1643,#1666));
#1641 = ORIENTED_EDGE('',*,*,#1541,.T.);
#1642 = ORIENTED_EDGE('',*,*,#401,.T.);
#1643 = ORIENTED_EDGE('',*,*,#1644,.F.);
#1644 = EDGE_CURVE('',#1645,#374,#1647,.T.);
#1645 = VERTEX_POINT('',#1646);
#1646 = CARTESIAN_POINT('',(-56.67157287525,24.5,19.42));
#1647 = SURFACE_CURVE('',#1648,(#1652,#1659),.PCURVE_S1.);
#1648 = LINE('',#1649,#1650);
#1649 = CARTESIAN_POINT('',(-56.67157287525,24.5,19.42));
#1650 = VECTOR('',#1651,1.);
#1651 = DIRECTION('',(-0.,-0.,-1.));
#1652 = PCURVE('',#415,#1653);
#1653 = DEFINITIONAL_REPRESENTATION('',(#1654),#1658);
#1654 = LINE('',#1655,#1656);
#1655 = CARTESIAN_POINT('',(12.485281374239,0.));
#1656 = VECTOR('',#1657,1.);
#1657 = DIRECTION('',(0.,-1.));
#1658 = ( GEOMETRIC_REPRESENTATION_CONTEXT(2) 
PARAMETRIC_REPRESENTATION_CONTEXT() REPRESENTATION_CONTEXT('2D SPACE',''
  ) );
#1659 = PCURVE('',#389,#1660);
#1660 = DEFINITIONAL_REPRESENTATION('',(#1661),#1665);
#1661 = LINE('',#1662,#1663);
#1662 = CARTESIAN_POINT('',(7.105427357601E-15,0.));
#1663 = VECTOR('',#1664,1.);
#1664 = DIRECTION('',(0.,-1.));
#1665 = ( GEOMETRIC_REPRESENTATION_CONTEXT(2) 
PARAMETRIC_REPRESENTATION_CONTEXT() REPRESENTATION_CONTEXT('2D SPACE',''
  ) );
#1666 = ORIENTED_EDGE('',*,*,#1667,.F.);
#1667 = EDGE_CURVE('',#1542,#1645,#1668,.T.);
#1668 = SURFACE_CURVE('',#1669,(#1673,#1680),.PCURVE_S1.);
#1669 = LINE('',#1670,#1671);
#1670 = CARTESIAN_POINT('',(-66.08578643762,15.085786437627,19.42));
#1671 = VECTOR('',#1672,1.);
#1672 = DIRECTION('',(0.707106781187,0.707106781187,0.));
#1673 = PCURVE('',#415,#1674);
#1674 = DEFINITIONAL_REPRESENTATION('',(#1675),#1679);
#1675 = LINE('',#1676,#1677);
#1676 = CARTESIAN_POINT('',(-0.828427124746,0.));
#1677 = VECTOR('',#1678,1.);
#1678 = DIRECTION('',(1.,0.));
#1679 = ( GEOMETRIC_REPRESENTATION_CONTEXT(2) 
PARAMETRIC_REPRESENTATION_CONTEXT() REPRESENTATION_CONTEXT('2D SPACE',''
  ) );
#1680 = PCURVE('',#1578,#1681);
#1681 = DEFINITIONAL_REPRESENTATION('',(#1682),#1686);
#1682 = LINE('',#1683,#1684);
#1683 = CARTESIAN_POINT('',(-66.08578643762,15.085786437627));
#1684 = VECTOR('',#1685,1.);
#1685 = DIRECTION('',(0.707106781187,0.707106781187));
#1686 = ( GEOMETRIC_REPRESENTATION_CONTEXT(2) 
PARAMETRIC_REPRESENTATION_CONTEXT() REPRESENTATION_CONTEXT('2D SPACE',''
  ) );
#1687 = ADVANCED_FACE('',(#1688),#277,.F.);
#1688 = FACE_BOUND('',#1689,.F.);
#1689 = EDGE_LOOP('',(#1690,#1691,#1692,#1715));
#1690 = ORIENTED_EDGE('',*,*,#1595,.T.);
#1691 = ORIENTED_EDGE('',*,*,#261,.T.);
#1692 = ORIENTED_EDGE('',*,*,#1693,.F.);
#1693 = EDGE_CURVE('',#1694,#262,#1696,.T.);
#1694 = VERTEX_POINT('',#1695);
#1695 = CARTESIAN_POINT('',(56.671572875254,-24.5,19.42));
#1696 = SURFACE_CURVE('',#1697,(#1701,#1708),.PCURVE_S1.);
#1697 = LINE('',#1698,#1699);
#1698 = CARTESIAN_POINT('',(56.671572875254,-24.5,19.42));
#1699 = VECTOR('',#1700,1.);
#1700 = DIRECTION('',(-0.,-0.,-1.));
#1701 = PCURVE('',#277,#1702);
#1702 = DEFINITIONAL_REPRESENTATION('',(#1703),#1707);
#1703 = LINE('',#1704,#1705);
#1704 = CARTESIAN_POINT('',(113.3431457505,0.));
#1705 = VECTOR('',#1706,1.);
#1706 = DIRECTION('',(0.,-1.));
#1707 = ( GEOMETRIC_REPRESENTATION_CONTEXT(2) 
PARAMETRIC_REPRESENTATION_CONTEXT() REPRESENTATION_CONTEXT('2D SPACE',''
  ) );
#1708 = PCURVE('',#305,#1709);
#1709 = DEFINITIONAL_REPRESENTATION('',(#1710),#1714);
#1710 = LINE('',#1711,#1712);
#1711 = CARTESIAN_POINT('',(0.,0.));
#1712 = VECTOR('',#1713,1.);
#1713 = DIRECTION('',(0.,-1.));
#1714 = ( GEOMETRIC_REPRESENTATION_CONTEXT(2) 
PARAMETRIC_REPRESENTATION_CONTEXT() REPRESENTATION_CONTEXT('2D SPACE',''
  ) );
#1715 = ORIENTED_EDGE('',*,*,#1716,.F.);
#1716 = EDGE_CURVE('',#1596,#1694,#1717,.T.);
#1717 = SURFACE_CURVE('',#1718,(#1722,#1729),.PCURVE_S1.);
#1718 = LINE('',#1719,#1720);
#1719 = CARTESIAN_POINT('',(-1.568726706104E-19,-24.5,19.42));
#1720 = VECTOR('',#1721,1.);
#1721 = DIRECTION('',(1.,0.,0.));
#1722 = PCURVE('',#277,#1723);
#1723 = DEFINITIONAL_REPRESENTATION('',(#1724),#1728);
#1724 = LINE('',#1725,#1726);
#1725 = CARTESIAN_POINT('',(56.671572875254,0.));
#1726 = VECTOR('',#1727,1.);
#1727 = DIRECTION('',(1.,0.));
#1728 = ( GEOMETRIC_REPRESENTATION_CONTEXT(2) 
PARAMETRIC_REPRESENTATION_CONTEXT() REPRESENTATION_CONTEXT('2D SPACE',''
  ) );
#1729 = PCURVE('',#1578,#1730);
#1730 = DEFINITIONAL_REPRESENTATION('',(#1731),#1735);
#1731 = LINE('',#1732,#1733);
#1732 = CARTESIAN_POINT('',(-1.309253416531E-16,-24.5));
#1733 = VECTOR('',#1734,1.);
#1734 = DIRECTION('',(1.,0.));
#1735 = ( GEOMETRIC_REPRESENTATION_CONTEXT(2) 
PARAMETRIC_REPRESENTATION_CONTEXT() REPRESENTATION_CONTEXT('2D SPACE',''
  ) );
#1736 = ADVANCED_FACE('',(#1737),#389,.T.);
#1737 = FACE_BOUND('',#1738,.T.);
#1738 = EDGE_LOOP('',(#1739,#1762,#1763,#1764,#1787,#1810,#1838,#1866));
#1739 = ORIENTED_EDGE('',*,*,#1740,.F.);
#1740 = EDGE_CURVE('',#1645,#1741,#1743,.T.);
#1741 = VERTEX_POINT('',#1742);
#1742 = CARTESIAN_POINT('',(-18.5,24.5,19.42));
#1743 = SURFACE_CURVE('',#1744,(#1748,#1755),.PCURVE_S1.);
#1744 = LINE('',#1745,#1746);
#1745 = CARTESIAN_POINT('',(-1.568726706104E-19,24.5,19.42));
#1746 = VECTOR('',#1747,1.);
#1747 = DIRECTION('',(1.,0.,0.));
#1748 = PCURVE('',#389,#1749);
#1749 = DEFINITIONAL_REPRESENTATION('',(#1750),#1754);
#1750 = LINE('',#1751,#1752);
#1751 = CARTESIAN_POINT('',(56.671572875254,0.));
#1752 = VECTOR('',#1753,1.);
#1753 = DIRECTION('',(1.,0.));
#1754 = ( GEOMETRIC_REPRESENTATION_CONTEXT(2) 
PARAMETRIC_REPRESENTATION_CONTEXT() REPRESENTATION_CONTEXT('2D SPACE',''
  ) );
#1755 = PCURVE('',#1578,#1756);
#1756 = DEFINITIONAL_REPRESENTATION('',(#1757),#1761);
#1757 = LINE('',#1758,#1759);
#1758 = CARTESIAN_POINT('',(-1.309253416531E-16,24.5));
#1759 = VECTOR('',#1760,1.);
#1760 = DIRECTION('',(1.,0.));
#1761 = ( GEOMETRIC_REPRESENTATION_CONTEXT(2) 
PARAMETRIC_REPRESENTATION_CONTEXT() REPRESENTATION_CONTEXT('2D SPACE',''
  ) );
#1762 = ORIENTED_EDGE('',*,*,#1644,.T.);
#1763 = ORIENTED_EDGE('',*,*,#373,.T.);
#1764 = ORIENTED_EDGE('',*,*,#1765,.F.);
#1765 = EDGE_CURVE('',#1766,#346,#1768,.T.);
#1766 = VERTEX_POINT('',#1767);
#1767 = CARTESIAN_POINT('',(56.671572875254,24.5,19.42));
#1768 = SURFACE_CURVE('',#1769,(#1773,#1780),.PCURVE_S1.);
#1769 = LINE('',#1770,#1771);
#1770 = CARTESIAN_POINT('',(56.671572875254,24.5,19.42));
#1771 = VECTOR('',#1772,1.);
#1772 = DIRECTION('',(-0.,-0.,-1.));
#1773 = PCURVE('',#389,#1774);
#1774 = DEFINITIONAL_REPRESENTATION('',(#1775),#1779);
#1775 = LINE('',#1776,#1777);
#1776 = CARTESIAN_POINT('',(113.3431457505,0.));
#1777 = VECTOR('',#1778,1.);
#1778 = DIRECTION('',(0.,-1.));
#1779 = ( GEOMETRIC_REPRESENTATION_CONTEXT(2) 
PARAMETRIC_REPRESENTATION_CONTEXT() REPRESENTATION_CONTEXT('2D SPACE',''
  ) );
#1780 = PCURVE('',#361,#1781);
#1781 = DEFINITIONAL_REPRESENTATION('',(#1782),#1786);
#1782 = LINE('',#1783,#1784);
#1783 = CARTESIAN_POINT('',(12.485281374239,0.));
#1784 = VECTOR('',#1785,1.);
#1785 = DIRECTION('',(0.,-1.));
#1786 = ( GEOMETRIC_REPRESENTATION_CONTEXT(2) 
PARAMETRIC_REPRESENTATION_CONTEXT() REPRESENTATION_CONTEXT('2D SPACE',''
  ) );
#1787 = ORIENTED_EDGE('',*,*,#1788,.F.);
#1788 = EDGE_CURVE('',#1789,#1766,#1791,.T.);
#1789 = VERTEX_POINT('',#1790);
#1790 = CARTESIAN_POINT('',(18.5,24.5,19.42));
#1791 = SURFACE_CURVE('',#1792,(#1796,#1803),.PCURVE_S1.);
#1792 = LINE('',#1793,#1794);
#1793 = CARTESIAN_POINT('',(-1.568726706104E-19,24.5,19.42));
#1794 = VECTOR('',#1795,1.);
#1795 = DIRECTION('',(1.,0.,0.));
#1796 = PCURVE('',#389,#1797);
#1797 = DEFINITIONAL_REPRESENTATION('',(#1798),#1802);
#1798 = LINE('',#1799,#1800);
#1799 = CARTESIAN_POINT('',(56.671572875254,0.));
#1800 = VECTOR('',#1801,1.);
#1801 = DIRECTION('',(1.,0.));
#1802 = ( GEOMETRIC_REPRESENTATION_CONTEXT(2) 
PARAMETRIC_REPRESENTATION_CONTEXT() REPRESENTATION_CONTEXT('2D SPACE',''
  ) );
#1803 = PCURVE('',#1578,#1804);
#1804 = DEFINITIONAL_REPRESENTATION('',(#1805),#1809);
#1805 = LINE('',#1806,#1807);
#1806 = CARTESIAN_POINT('',(-1.309253416531E-16,24.5));
#1807 = VECTOR('',#1808,1.);
#1808 = DIRECTION('',(1.,0.));
#1809 = ( GEOMETRIC_REPRESENTATION_CONTEXT(2) 
PARAMETRIC_REPRESENTATION_CONTEXT() REPRESENTATION_CONTEXT('2D SPACE',''
  ) );
#1810 = ORIENTED_EDGE('',*,*,#1811,.F.);
#1811 = EDGE_CURVE('',#1812,#1789,#1814,.T.);
#1812 = VERTEX_POINT('',#1813);
#1813 = CARTESIAN_POINT('',(18.5,24.5,4.42));
#1814 = SURFACE_CURVE('',#1815,(#1819,#1826),.PCURVE_S1.);
#1815 = LINE('',#1816,#1817);
#1816 = CARTESIAN_POINT('',(18.5,24.5,4.42));
#1817 = VECTOR('',#1818,1.);
#1818 = DIRECTION('',(0.,0.,1.));
#1819 = PCURVE('',#389,#1820);
#1820 = DEFINITIONAL_REPRESENTATION('',(#1821),#1825);
#1821 = LINE('',#1822,#1823);
#1822 = CARTESIAN_POINT('',(75.171572875254,-15.));
#1823 = VECTOR('',#1824,1.);
#1824 = DIRECTION('',(0.,1.));
#1825 = ( GEOMETRIC_REPRESENTATION_CONTEXT(2) 
PARAMETRIC_REPRESENTATION_CONTEXT() REPRESENTATION_CONTEXT('2D SPACE',''
  ) );
#1826 = PCURVE('',#1827,#1832);
#1827 = PLANE('',#1828);
#1828 = AXIS2_PLACEMENT_3D('',#1829,#1830,#1831);
#1829 = CARTESIAN_POINT('',(18.5,24.5,4.42));
#1830 = DIRECTION('',(1.,0.,0.));
#1831 = DIRECTION('',(0.,0.,1.));
#1832 = DEFINITIONAL_REPRESENTATION('',(#1833),#1837);
#1833 = LINE('',#1834,#1835);
#1834 = CARTESIAN_POINT('',(0.,0.));
#1835 = VECTOR('',#1836,1.);
#1836 = DIRECTION('',(1.,0.));
#1837 = ( GEOMETRIC_REPRESENTATION_CONTEXT(2) 
PARAMETRIC_REPRESENTATION_CONTEXT() REPRESENTATION_CONTEXT('2D SPACE',''
  ) );
#1838 = ORIENTED_EDGE('',*,*,#1839,.F.);
#1839 = EDGE_CURVE('',#1840,#1812,#1842,.T.);
#1840 = VERTEX_POINT('',#1841);
#1841 = CARTESIAN_POINT('',(-18.5,24.5,4.42));
#1842 = SURFACE_CURVE('',#1843,(#1847,#1854),.PCURVE_S1.);
#1843 = LINE('',#1844,#1845);
#1844 = CARTESIAN_POINT('',(-18.5,24.5,4.42));
#1845 = VECTOR('',#1846,1.);
#1846 = DIRECTION('',(1.,0.,0.));
#1847 = PCURVE('',#389,#1848);
#1848 = DEFINITIONAL_REPRESENTATION('',(#1849),#1853);
#1849 = LINE('',#1850,#1851);
#1850 = CARTESIAN_POINT('',(38.171572875254,-15.));
#1851 = VECTOR('',#1852,1.);
#1852 = DIRECTION('',(1.,0.));
#1853 = ( GEOMETRIC_REPRESENTATION_CONTEXT(2) 
PARAMETRIC_REPRESENTATION_CONTEXT() REPRESENTATION_CONTEXT('2D SPACE',''
  ) );
#1854 = PCURVE('',#1855,#1860);
#1855 = PLANE('',#1856);
#1856 = AXIS2_PLACEMENT_3D('',#1857,#1858,#1859);
#1857 = CARTESIAN_POINT('',(-18.5,24.5,4.42));
#1858 = DIRECTION('',(0.,0.,1.));
#1859 = DIRECTION('',(1.,0.,0.));
#1860 = DEFINITIONAL_REPRESENTATION('',(#1861),#1865);
#1861 = LINE('',#1862,#1863);
#1862 = CARTESIAN_POINT('',(0.,0.));
#1863 = VECTOR('',#1864,1.);
#1864 = DIRECTION('',(1.,0.));
#1865 = ( GEOMETRIC_REPRESENTATION_CONTEXT(2) 
PARAMETRIC_REPRESENTATION_CONTEXT() REPRESENTATION_CONTEXT('2D SPACE',''
  ) );
#1866 = ORIENTED_EDGE('',*,*,#1867,.T.);
#1867 = EDGE_CURVE('',#1840,#1741,#1868,.T.);
#1868 = SURFACE_CURVE('',#1869,(#1873,#1880),.PCURVE_S1.);
#1869 = LINE('',#1870,#1871);
#1870 = CARTESIAN_POINT('',(-18.5,24.5,4.42));
#1871 = VECTOR('',#1872,1.);
#1872 = DIRECTION('',(0.,0.,1.));
#1873 = PCURVE('',#389,#1874);
#1874 = DEFINITIONAL_REPRESENTATION('',(#1875),#1879);
#1875 = LINE('',#1876,#1877);
#1876 = CARTESIAN_POINT('',(38.171572875254,-15.));
#1877 = VECTOR('',#1878,1.);
#1878 = DIRECTION('',(0.,1.));
#1879 = ( GEOMETRIC_REPRESENTATION_CONTEXT(2) 
PARAMETRIC_REPRESENTATION_CONTEXT() REPRESENTATION_CONTEXT('2D SPACE',''
  ) );
#1880 = PCURVE('',#1881,#1886);
#1881 = PLANE('',#1882);
#1882 = AXIS2_PLACEMENT_3D('',#1883,#1884,#1885);
#1883 = CARTESIAN_POINT('',(-18.5,24.5,4.42));
#1884 = DIRECTION('',(1.,0.,0.));
#1885 = DIRECTION('',(0.,0.,1.));
#1886 = DEFINITIONAL_REPRESENTATION('',(#1887),#1891);
#1887 = LINE('',#1888,#1889);
#1888 = CARTESIAN_POINT('',(0.,0.));
#1889 = VECTOR('',#1890,1.);
#1890 = DIRECTION('',(1.,0.));
#1891 = ( GEOMETRIC_REPRESENTATION_CONTEXT(2) 
PARAMETRIC_REPRESENTATION_CONTEXT() REPRESENTATION_CONTEXT('2D SPACE',''
  ) );
#1892 = ADVANCED_FACE('',(#1893),#305,.F.);
#1893 = FACE_BOUND('',#1894,.F.);
#1894 = EDGE_LOOP('',(#1895,#1896,#1897,#1920));
#1895 = ORIENTED_EDGE('',*,*,#1693,.T.);
#1896 = ORIENTED_EDGE('',*,*,#289,.T.);
#1897 = ORIENTED_EDGE('',*,*,#1898,.F.);
#1898 = EDGE_CURVE('',#1899,#290,#1901,.T.);
#1899 = VERTEX_POINT('',#1900);
#1900 = CARTESIAN_POINT('',(65.5,-15.67157287525,19.42));
#1901 = SURFACE_CURVE('',#1902,(#1906,#1913),.PCURVE_S1.);
#1902 = LINE('',#1903,#1904);
#1903 = CARTESIAN_POINT('',(65.5,-15.67157287525,19.42));
#1904 = VECTOR('',#1905,1.);
#1905 = DIRECTION('',(-0.,-0.,-1.));
#1906 = PCURVE('',#305,#1907);
#1907 = DEFINITIONAL_REPRESENTATION('',(#1908),#1912);
#1908 = LINE('',#1909,#1910);
#1909 = CARTESIAN_POINT('',(12.485281374239,0.));
#1910 = VECTOR('',#1911,1.);
#1911 = DIRECTION('',(0.,-1.));
#1912 = ( GEOMETRIC_REPRESENTATION_CONTEXT(2) 
PARAMETRIC_REPRESENTATION_CONTEXT() REPRESENTATION_CONTEXT('2D SPACE',''
  ) );
#1913 = PCURVE('',#333,#1914);
#1914 = DEFINITIONAL_REPRESENTATION('',(#1915),#1919);
#1915 = LINE('',#1916,#1917);
#1916 = CARTESIAN_POINT('',(0.,0.));
#1917 = VECTOR('',#1918,1.);
#1918 = DIRECTION('',(0.,-1.));
#1919 = ( GEOMETRIC_REPRESENTATION_CONTEXT(2) 
PARAMETRIC_REPRESENTATION_CONTEXT() REPRESENTATION_CONTEXT('2D SPACE',''
  ) );
#1920 = ORIENTED_EDGE('',*,*,#1921,.F.);
#1921 = EDGE_CURVE('',#1694,#1899,#1922,.T.);
#1922 = SURFACE_CURVE('',#1923,(#1927,#1934),.PCURVE_S1.);
#1923 = LINE('',#1924,#1925);
#1924 = CARTESIAN_POINT('',(56.085786437627,-25.08578643762,19.42));
#1925 = VECTOR('',#1926,1.);
#1926 = DIRECTION('',(0.707106781187,0.707106781187,0.));
#1927 = PCURVE('',#305,#1928);
#1928 = DEFINITIONAL_REPRESENTATION('',(#1929),#1933);
#1929 = LINE('',#1930,#1931);
#1930 = CARTESIAN_POINT('',(-0.828427124746,0.));
#1931 = VECTOR('',#1932,1.);
#1932 = DIRECTION('',(1.,0.));
#1933 = ( GEOMETRIC_REPRESENTATION_CONTEXT(2) 
PARAMETRIC_REPRESENTATION_CONTEXT() REPRESENTATION_CONTEXT('2D SPACE',''
  ) );
#1934 = PCURVE('',#1578,#1935);
#1935 = DEFINITIONAL_REPRESENTATION('',(#1936),#1940);
#1936 = LINE('',#1937,#1938);
#1937 = CARTESIAN_POINT('',(56.085786437627,-25.08578643762));
#1938 = VECTOR('',#1939,1.);
#1939 = DIRECTION('',(0.707106781187,0.707106781187));
#1940 = ( GEOMETRIC_REPRESENTATION_CONTEXT(2) 
PARAMETRIC_REPRESENTATION_CONTEXT() REPRESENTATION_CONTEXT('2D SPACE',''
  ) );
#1941 = ADVANCED_FACE('',(#1942),#361,.F.);
#1942 = FACE_BOUND('',#1943,.F.);
#1943 = EDGE_LOOP('',(#1944,#1967,#1968,#1969));
#1944 = ORIENTED_EDGE('',*,*,#1945,.T.);
#1945 = EDGE_CURVE('',#1946,#318,#1948,.T.);
#1946 = VERTEX_POINT('',#1947);
#1947 = CARTESIAN_POINT('',(65.5,15.671572875254,19.42));
#1948 = SURFACE_CURVE('',#1949,(#1953,#1960),.PCURVE_S1.);
#1949 = LINE('',#1950,#1951);
#1950 = CARTESIAN_POINT('',(65.5,15.671572875254,19.42));
#1951 = VECTOR('',#1952,1.);
#1952 = DIRECTION('',(-0.,-0.,-1.));
#1953 = PCURVE('',#361,#1954);
#1954 = DEFINITIONAL_REPRESENTATION('',(#1955),#1959);
#1955 = LINE('',#1956,#1957);
#1956 = CARTESIAN_POINT('',(0.,0.));
#1957 = VECTOR('',#1958,1.);
#1958 = DIRECTION('',(0.,-1.));
#1959 = ( GEOMETRIC_REPRESENTATION_CONTEXT(2) 
PARAMETRIC_REPRESENTATION_CONTEXT() REPRESENTATION_CONTEXT('2D SPACE',''
  ) );
#1960 = PCURVE('',#333,#1961);
#1961 = DEFINITIONAL_REPRESENTATION('',(#1962),#1966);
#1962 = LINE('',#1963,#1964);
#1963 = CARTESIAN_POINT('',(31.343145750508,0.));
#1964 = VECTOR('',#1965,1.);
#1965 = DIRECTION('',(0.,-1.));
#1966 = ( GEOMETRIC_REPRESENTATION_CONTEXT(2) 
PARAMETRIC_REPRESENTATION_CONTEXT() REPRESENTATION_CONTEXT('2D SPACE',''
  ) );
#1967 = ORIENTED_EDGE('',*,*,#345,.T.);
#1968 = ORIENTED_EDGE('',*,*,#1765,.F.);
#1969 = ORIENTED_EDGE('',*,*,#1970,.F.);
#1970 = EDGE_CURVE('',#1946,#1766,#1971,.T.);
#1971 = SURFACE_CURVE('',#1972,(#1976,#1983),.PCURVE_S1.);
#1972 = LINE('',#1973,#1974);
#1973 = CARTESIAN_POINT('',(66.085786437627,15.085786437627,19.42));
#1974 = VECTOR('',#1975,1.);
#1975 = DIRECTION('',(-0.707106781187,0.707106781187,0.));
#1976 = PCURVE('',#361,#1977);
#1977 = DEFINITIONAL_REPRESENTATION('',(#1978),#1982);
#1978 = LINE('',#1979,#1980);
#1979 = CARTESIAN_POINT('',(-0.828427124746,0.));
#1980 = VECTOR('',#1981,1.);
#1981 = DIRECTION('',(1.,0.));
#1982 = ( GEOMETRIC_REPRESENTATION_CONTEXT(2) 
PARAMETRIC_REPRESENTATION_CONTEXT() REPRESENTATION_CONTEXT('2D SPACE',''
  ) );
#1983 = PCURVE('',#1578,#1984);
#1984 = DEFINITIONAL_REPRESENTATION('',(#1985),#1989);
#1985 = LINE('',#1986,#1987);
#1986 = CARTESIAN_POINT('',(66.085786437627,15.085786437627));
#1987 = VECTOR('',#1988,1.);
#1988 = DIRECTION('',(-0.707106781187,0.707106781187));
#1989 = ( GEOMETRIC_REPRESENTATION_CONTEXT(2) 
PARAMETRIC_REPRESENTATION_CONTEXT() REPRESENTATION_CONTEXT('2D SPACE',''
  ) );
#1990 = ADVANCED_FACE('',(#1991),#333,.F.);
#1991 = FACE_BOUND('',#1992,.F.);
#1992 = EDGE_LOOP('',(#1993,#1994,#1995,#1996));
#1993 = ORIENTED_EDGE('',*,*,#1898,.T.);
#1994 = ORIENTED_EDGE('',*,*,#317,.T.);
#1995 = ORIENTED_EDGE('',*,*,#1945,.F.);
#1996 = ORIENTED_EDGE('',*,*,#1997,.F.);
#1997 = EDGE_CURVE('',#1899,#1946,#1998,.T.);
#1998 = SURFACE_CURVE('',#1999,(#2003,#2010),.PCURVE_S1.);
#1999 = LINE('',#2000,#2001);
#2000 = CARTESIAN_POINT('',(65.5,-2.879505121058E-15,19.42));
#2001 = VECTOR('',#2002,1.);
#2002 = DIRECTION('',(0.,1.,0.));
#2003 = PCURVE('',#333,#2004);
#2004 = DEFINITIONAL_REPRESENTATION('',(#2005),#2009);
#2005 = LINE('',#2006,#2007);
#2006 = CARTESIAN_POINT('',(15.671572875254,0.));
#2007 = VECTOR('',#2008,1.);
#2008 = DIRECTION('',(1.,0.));
#2009 = ( GEOMETRIC_REPRESENTATION_CONTEXT(2) 
PARAMETRIC_REPRESENTATION_CONTEXT() REPRESENTATION_CONTEXT('2D SPACE',''
  ) );
#2010 = PCURVE('',#1578,#2011);
#2011 = DEFINITIONAL_REPRESENTATION('',(#2012),#2016);
#2012 = LINE('',#2013,#2014);
#2013 = CARTESIAN_POINT('',(65.5,-2.879505121058E-15));
#2014 = VECTOR('',#2015,1.);
#2015 = DIRECTION('',(0.,1.));
#2016 = ( GEOMETRIC_REPRESENTATION_CONTEXT(2) 
PARAMETRIC_REPRESENTATION_CONTEXT() REPRESENTATION_CONTEXT('2D SPACE',''
  ) );
#2017 = ADVANCED_FACE('',(#2018),#446,.T.);
#2018 = FACE_BOUND('',#2019,.T.);
#2019 = EDGE_LOOP('',(#2020,#2049,#2070,#2071));
#2020 = ORIENTED_EDGE('',*,*,#2021,.F.);
#2021 = EDGE_CURVE('',#2022,#2022,#2024,.T.);
#2022 = VERTEX_POINT('',#2023);
#2023 = CARTESIAN_POINT('',(-50.,-11.5,6.));
#2024 = SURFACE_CURVE('',#2025,(#2030,#2037),.PCURVE_S1.);
#2025 = CIRCLE('',#2026,2.5);
#2026 = AXIS2_PLACEMENT_3D('',#2027,#2028,#2029);
#2027 = CARTESIAN_POINT('',(-52.5,-11.5,6.));
#2028 = DIRECTION('',(0.,0.,1.));
#2029 = DIRECTION('',(1.,0.,0.));
#2030 = PCURVE('',#446,#2031);
#2031 = DEFINITIONAL_REPRESENTATION('',(#2032),#2036);
#2032 = LINE('',#2033,#2034);
#2033 = CARTESIAN_POINT('',(0.,3.));
#2034 = VECTOR('',#2035,1.);
#2035 = DIRECTION('',(1.,0.));
#2036 = ( GEOMETRIC_REPRESENTATION_CONTEXT(2) 
PARAMETRIC_REPRESENTATION_CONTEXT() REPRESENTATION_CONTEXT('2D SPACE',''
  ) );
#2037 = PCURVE('',#2038,#2043);
#2038 = PLANE('',#2039);
#2039 = AXIS2_PLACEMENT_3D('',#2040,#2041,#2042);
#2040 = CARTESIAN_POINT('',(-52.5,-11.5,6.));
#2041 = DIRECTION('',(0.,0.,1.));
#2042 = DIRECTION('',(1.,0.,0.));
#2043 = DEFINITIONAL_REPRESENTATION('',(#2044),#2048);
#2044 = CIRCLE('',#2045,2.5);
#2045 = AXIS2_PLACEMENT_2D('',#2046,#2047);
#2046 = CARTESIAN_POINT('',(0.,0.));
#2047 = DIRECTION('',(1.,0.));
#2048 = ( GEOMETRIC_REPRESENTATION_CONTEXT(2) 
PARAMETRIC_REPRESENTATION_CONTEXT() REPRESENTATION_CONTEXT('2D SPACE',''
  ) );
#2049 = ORIENTED_EDGE('',*,*,#2050,.F.);
#2050 = EDGE_CURVE('',#430,#2022,#2051,.T.);
#2051 = SEAM_CURVE('',#2052,(#2056,#2063),.PCURVE_S1.);
#2052 = LINE('',#2053,#2054);
#2053 = CARTESIAN_POINT('',(-50.,-11.5,3.));
#2054 = VECTOR('',#2055,1.);
#2055 = DIRECTION('',(0.,0.,1.));
#2056 = PCURVE('',#446,#2057);
#2057 = DEFINITIONAL_REPRESENTATION('',(#2058),#2062);
#2058 = LINE('',#2059,#2060);
#2059 = CARTESIAN_POINT('',(6.28318530718,-0.));
#2060 = VECTOR('',#2061,1.);
#2061 = DIRECTION('',(0.,1.));
#2062 = ( GEOMETRIC_REPRESENTATION_CONTEXT(2) 
PARAMETRIC_REPRESENTATION_CONTEXT() REPRESENTATION_CONTEXT('2D SPACE',''
  ) );
#2063 = PCURVE('',#446,#2064);
#2064 = DEFINITIONAL_REPRESENTATION('',(#2065),#2069);
#2065 = LINE('',#2066,#2067);
#2066 = CARTESIAN_POINT('',(0.,-0.));
#2067 = VECTOR('',#2068,1.);
#2068 = DIRECTION('',(0.,1.));
#2069 = ( GEOMETRIC_REPRESENTATION_CONTEXT(2) 
PARAMETRIC_REPRESENTATION_CONTEXT() REPRESENTATION_CONTEXT('2D SPACE',''
  ) );
#2070 = ORIENTED_EDGE('',*,*,#429,.T.);
#2071 = ORIENTED_EDGE('',*,*,#2050,.T.);
#2072 = ADVANCED_FACE('',(#2073),#477,.T.);
#2073 = FACE_BOUND('',#2074,.T.);
#2074 = EDGE_LOOP('',(#2075,#2104,#2125,#2126));
#2075 = ORIENTED_EDGE('',*,*,#2076,.F.);
#2076 = EDGE_CURVE('',#2077,#2077,#2079,.T.);
#2077 = VERTEX_POINT('',#2078);
#2078 = CARTESIAN_POINT('',(4.,-11.5,6.));
#2079 = SURFACE_CURVE('',#2080,(#2085,#2092),.PCURVE_S1.);
#2080 = CIRCLE('',#2081,4.);
#2081 = AXIS2_PLACEMENT_3D('',#2082,#2083,#2084);
#2082 = CARTESIAN_POINT('',(0.,-11.5,6.));
#2083 = DIRECTION('',(0.,0.,1.));
#2084 = DIRECTION('',(1.,0.,0.));
#2085 = PCURVE('',#477,#2086);
#2086 = DEFINITIONAL_REPRESENTATION('',(#2087),#2091);
#2087 = LINE('',#2088,#2089);
#2088 = CARTESIAN_POINT('',(0.,3.));
#2089 = VECTOR('',#2090,1.);
#2090 = DIRECTION('',(1.,0.));
#2091 = ( GEOMETRIC_REPRESENTATION_CONTEXT(2) 
PARAMETRIC_REPRESENTATION_CONTEXT() REPRESENTATION_CONTEXT('2D SPACE',''
  ) );
#2092 = PCURVE('',#2093,#2098);
#2093 = PLANE('',#2094);
#2094 = AXIS2_PLACEMENT_3D('',#2095,#2096,#2097);
#2095 = CARTESIAN_POINT('',(0.,-11.5,6.));
#2096 = DIRECTION('',(0.,0.,1.));
#2097 = DIRECTION('',(1.,0.,0.));
#2098 = DEFINITIONAL_REPRESENTATION('',(#2099),#2103);
#2099 = CIRCLE('',#2100,4.);
#2100 = AXIS2_PLACEMENT_2D('',#2101,#2102);
#2101 = CARTESIAN_POINT('',(0.,0.));
#2102 = DIRECTION('',(1.,0.));
#2103 = ( GEOMETRIC_REPRESENTATION_CONTEXT(2) 
PARAMETRIC_REPRESENTATION_CONTEXT() REPRESENTATION_CONTEXT('2D SPACE',''
  ) );
#2104 = ORIENTED_EDGE('',*,*,#2105,.F.);
#2105 = EDGE_CURVE('',#461,#2077,#2106,.T.);
#2106 = SEAM_CURVE('',#2107,(#2111,#2118),.PCURVE_S1.);
#2107 = LINE('',#2108,#2109);
#2108 = CARTESIAN_POINT('',(4.,-11.5,3.));
#2109 = VECTOR('',#2110,1.);
#2110 = DIRECTION('',(0.,0.,1.));
#2111 = PCURVE('',#477,#2112);
#2112 = DEFINITIONAL_REPRESENTATION('',(#2113),#2117);
#2113 = LINE('',#2114,#2115);
#2114 = CARTESIAN_POINT('',(6.28318530718,-0.));
#2115 = VECTOR('',#2116,1.);
#2116 = DIRECTION('',(0.,1.));
#2117 = ( GEOMETRIC_REPRESENTATION_CONTEXT(2) 
PARAMETRIC_REPRESENTATION_CONTEXT() REPRESENTATION_CONTEXT('2D SPACE',''
  ) );
#2118 = PCURVE('',#477,#2119);
#2119 = DEFINITIONAL_REPRESENTATION('',(#2120),#2124);
#2120 = LINE('',#2121,#2122);
#2121 = CARTESIAN_POINT('',(0.,-0.));
#2122 = VECTOR('',#2123,1.);
#2123 = DIRECTION('',(0.,1.));
#2124 = ( GEOMETRIC_REPRESENTATION_CONTEXT(2) 
PARAMETRIC_REPRESENTATION_CONTEXT() REPRESENTATION_CONTEXT('2D SPACE',''
  ) );
#2125 = ORIENTED_EDGE('',*,*,#460,.T.);
#2126 = ORIENTED_EDGE('',*,*,#2105,.T.);
#2127 = ADVANCED_FACE('',(#2128),#508,.T.);
#2128 = FACE_BOUND('',#2129,.T.);
#2129 = EDGE_LOOP('',(#2130,#2159,#2180,#2181));
#2130 = ORIENTED_EDGE('',*,*,#2131,.F.);
#2131 = EDGE_CURVE('',#2132,#2132,#2134,.T.);
#2132 = VERTEX_POINT('',#2133);
#2133 = CARTESIAN_POINT('',(55.,-11.5,6.));
#2134 = SURFACE_CURVE('',#2135,(#2140,#2147),.PCURVE_S1.);
#2135 = CIRCLE('',#2136,2.5);
#2136 = AXIS2_PLACEMENT_3D('',#2137,#2138,#2139);
#2137 = CARTESIAN_POINT('',(52.5,-11.5,6.));
#2138 = DIRECTION('',(0.,0.,1.));
#2139 = DIRECTION('',(1.,0.,0.));
#2140 = PCURVE('',#508,#2141);
#2141 = DEFINITIONAL_REPRESENTATION('',(#2142),#2146);
#2142 = LINE('',#2143,#2144);
#2143 = CARTESIAN_POINT('',(0.,3.));
#2144 = VECTOR('',#2145,1.);
#2145 = DIRECTION('',(1.,0.));
#2146 = ( GEOMETRIC_REPRESENTATION_CONTEXT(2) 
PARAMETRIC_REPRESENTATION_CONTEXT() REPRESENTATION_CONTEXT('2D SPACE',''
  ) );
#2147 = PCURVE('',#2148,#2153);
#2148 = PLANE('',#2149);
#2149 = AXIS2_PLACEMENT_3D('',#2150,#2151,#2152);
#2150 = CARTESIAN_POINT('',(52.5,-11.5,6.));
#2151 = DIRECTION('',(0.,0.,1.));
#2152 = DIRECTION('',(1.,0.,0.));
#2153 = DEFINITIONAL_REPRESENTATION('',(#2154),#2158);
#2154 = CIRCLE('',#2155,2.5);
#2155 = AXIS2_PLACEMENT_2D('',#2156,#2157);
#2156 = CARTESIAN_POINT('',(0.,0.));
#2157 = DIRECTION('',(1.,0.));
#2158 = ( GEOMETRIC_REPRESENTATION_CONTEXT(2) 
PARAMETRIC_REPRESENTATION_CONTEXT() REPRESENTATION_CONTEXT('2D SPACE',''
  ) );
#2159 = ORIENTED_EDGE('',*,*,#2160,.F.);
#2160 = EDGE_CURVE('',#492,#2132,#2161,.T.);
#2161 = SEAM_CURVE('',#2162,(#2166,#2173),.PCURVE_S1.);
#2162 = LINE('',#2163,#2164);
#2163 = CARTESIAN_POINT('',(55.,-11.5,3.));
#2164 = VECTOR('',#2165,1.);
#2165 = DIRECTION('',(0.,0.,1.));
#2166 = PCURVE('',#508,#2167);
#2167 = DEFINITIONAL_REPRESENTATION('',(#2168),#2172);
#2168 = LINE('',#2169,#2170);
#2169 = CARTESIAN_POINT('',(6.28318530718,-0.));
#2170 = VECTOR('',#2171,1.);
#2171 = DIRECTION('',(0.,1.));
#2172 = ( GEOMETRIC_REPRESENTATION_CONTEXT(2) 
PARAMETRIC_REPRESENTATION_CONTEXT() REPRESENTATION_CONTEXT('2D SPACE',''
  ) );
#2173 = PCURVE('',#508,#2174);
#2174 = DEFINITIONAL_REPRESENTATION('',(#2175),#2179);
#2175 = LINE('',#2176,#2177);
#2176 = CARTESIAN_POINT('',(0.,-0.));
#2177 = VECTOR('',#2178,1.);
#2178 = DIRECTION('',(0.,1.));
#2179 = ( GEOMETRIC_REPRESENTATION_CONTEXT(2) 
PARAMETRIC_REPRESENTATION_CONTEXT() REPRESENTATION_CONTEXT('2D SPACE',''
  ) );
#2180 = ORIENTED_EDGE('',*,*,#491,.T.);
#2181 = ORIENTED_EDGE('',*,*,#2160,.T.);
#2182 = ADVANCED_FACE('',(#2183),#836,.F.);
#2183 = FACE_BOUND('',#2184,.F.);
#2184 = EDGE_LOOP('',(#2185,#2186,#2209,#2236));
#2185 = ORIENTED_EDGE('',*,*,#522,.T.);
#2186 = ORIENTED_EDGE('',*,*,#2187,.T.);
#2187 = EDGE_CURVE('',#523,#2188,#2190,.T.);
#2188 = VERTEX_POINT('',#2189);
#2189 = CARTESIAN_POINT('',(-27.5,0.9,6.));
#2190 = SEAM_CURVE('',#2191,(#2195,#2202),.PCURVE_S1.);
#2191 = LINE('',#2192,#2193);
#2192 = CARTESIAN_POINT('',(-27.5,0.9,0.));
#2193 = VECTOR('',#2194,1.);
#2194 = DIRECTION('',(0.,0.,1.));
#2195 = PCURVE('',#836,#2196);
#2196 = DEFINITIONAL_REPRESENTATION('',(#2197),#2201);
#2197 = LINE('',#2198,#2199);
#2198 = CARTESIAN_POINT('',(6.28318530718,0.));
#2199 = VECTOR('',#2200,1.);
#2200 = DIRECTION('',(0.,-1.));
#2201 = ( GEOMETRIC_REPRESENTATION_CONTEXT(2) 
PARAMETRIC_REPRESENTATION_CONTEXT() REPRESENTATION_CONTEXT('2D SPACE',''
  ) );
#2202 = PCURVE('',#836,#2203);
#2203 = DEFINITIONAL_REPRESENTATION('',(#2204),#2208);
#2204 = LINE('',#2205,#2206);
#2205 = CARTESIAN_POINT('',(0.,0.));
#2206 = VECTOR('',#2207,1.);
#2207 = DIRECTION('',(0.,-1.));
#2208 = ( GEOMETRIC_REPRESENTATION_CONTEXT(2) 
PARAMETRIC_REPRESENTATION_CONTEXT() REPRESENTATION_CONTEXT('2D SPACE',''
  ) );
#2209 = ORIENTED_EDGE('',*,*,#2210,.T.);
#2210 = EDGE_CURVE('',#2188,#2188,#2211,.T.);
#2211 = SURFACE_CURVE('',#2212,(#2217,#2224),.PCURVE_S1.);
#2212 = ELLIPSE('',#2213,10.5,9.);
#2213 = AXIS2_PLACEMENT_3D('',#2214,#2215,#2216);
#2214 = CARTESIAN_POINT('',(-38.,0.9,6.));
#2215 = DIRECTION('',(0.,0.,1.));
#2216 = DIRECTION('',(1.,0.,0.));
#2217 = PCURVE('',#836,#2218);
#2218 = DEFINITIONAL_REPRESENTATION('',(#2219),#2223);
#2219 = LINE('',#2220,#2221);
#2220 = CARTESIAN_POINT('',(0.,-6.));
#2221 = VECTOR('',#2222,1.);
#2222 = DIRECTION('',(1.,0.));
#2223 = ( GEOMETRIC_REPRESENTATION_CONTEXT(2) 
PARAMETRIC_REPRESENTATION_CONTEXT() REPRESENTATION_CONTEXT('2D SPACE',''
  ) );
#2224 = PCURVE('',#2225,#2230);
#2225 = PLANE('',#2226);
#2226 = AXIS2_PLACEMENT_3D('',#2227,#2228,#2229);
#2227 = CARTESIAN_POINT('',(-37.79463369022,0.9,6.));
#2228 = DIRECTION('',(0.,0.,1.));
#2229 = DIRECTION('',(1.,0.,0.));
#2230 = DEFINITIONAL_REPRESENTATION('',(#2231),#2235);
#2231 = ELLIPSE('',#2232,10.5,9.);
#2232 = AXIS2_PLACEMENT_2D('',#2233,#2234);
#2233 = CARTESIAN_POINT('',(-0.205366309778,-1.784383515541E-16));
#2234 = DIRECTION('',(1.,0.));
#2235 = ( GEOMETRIC_REPRESENTATION_CONTEXT(2) 
PARAMETRIC_REPRESENTATION_CONTEXT() REPRESENTATION_CONTEXT('2D SPACE',''
  ) );
#2236 = ORIENTED_EDGE('',*,*,#2187,.F.);
#2237 = ADVANCED_FACE('',(#2238),#1019,.T.);
#2238 = FACE_BOUND('',#2239,.T.);
#2239 = EDGE_LOOP('',(#2240,#2269,#2290,#2291));
#2240 = ORIENTED_EDGE('',*,*,#2241,.F.);
#2241 = EDGE_CURVE('',#2242,#2242,#2244,.T.);
#2242 = VERTEX_POINT('',#2243);
#2243 = CARTESIAN_POINT('',(-50.,13.5,6.));
#2244 = SURFACE_CURVE('',#2245,(#2250,#2257),.PCURVE_S1.);
#2245 = CIRCLE('',#2246,2.5);
#2246 = AXIS2_PLACEMENT_3D('',#2247,#2248,#2249);
#2247 = CARTESIAN_POINT('',(-52.5,13.5,6.));
#2248 = DIRECTION('',(0.,0.,1.));
#2249 = DIRECTION('',(1.,0.,0.));
#2250 = PCURVE('',#1019,#2251);
#2251 = DEFINITIONAL_REPRESENTATION('',(#2252),#2256);
#2252 = LINE('',#2253,#2254);
#2253 = CARTESIAN_POINT('',(0.,3.));
#2254 = VECTOR('',#2255,1.);
#2255 = DIRECTION('',(1.,0.));
#2256 = ( GEOMETRIC_REPRESENTATION_CONTEXT(2) 
PARAMETRIC_REPRESENTATION_CONTEXT() REPRESENTATION_CONTEXT('2D SPACE',''
  ) );
#2257 = PCURVE('',#2258,#2263);
#2258 = PLANE('',#2259);
#2259 = AXIS2_PLACEMENT_3D('',#2260,#2261,#2262);
#2260 = CARTESIAN_POINT('',(-52.5,13.5,6.));
#2261 = DIRECTION('',(0.,0.,1.));
#2262 = DIRECTION('',(1.,0.,0.));
#2263 = DEFINITIONAL_REPRESENTATION('',(#2264),#2268);
#2264 = CIRCLE('',#2265,2.5);
#2265 = AXIS2_PLACEMENT_2D('',#2266,#2267);
#2266 = CARTESIAN_POINT('',(0.,0.));
#2267 = DIRECTION('',(1.,0.));
#2268 = ( GEOMETRIC_REPRESENTATION_CONTEXT(2) 
PARAMETRIC_REPRESENTATION_CONTEXT() REPRESENTATION_CONTEXT('2D SPACE',''
  ) );
#2269 = ORIENTED_EDGE('',*,*,#2270,.F.);
#2270 = EDGE_CURVE('',#1003,#2242,#2271,.T.);
#2271 = SEAM_CURVE('',#2272,(#2276,#2283),.PCURVE_S1.);
#2272 = LINE('',#2273,#2274);
#2273 = CARTESIAN_POINT('',(-50.,13.5,3.));
#2274 = VECTOR('',#2275,1.);
#2275 = DIRECTION('',(0.,0.,1.));
#2276 = PCURVE('',#1019,#2277);
#2277 = DEFINITIONAL_REPRESENTATION('',(#2278),#2282);
#2278 = LINE('',#2279,#2280);
#2279 = CARTESIAN_POINT('',(6.28318530718,-0.));
#2280 = VECTOR('',#2281,1.);
#2281 = DIRECTION('',(0.,1.));
#2282 = ( GEOMETRIC_REPRESENTATION_CONTEXT(2) 
PARAMETRIC_REPRESENTATION_CONTEXT() REPRESENTATION_CONTEXT('2D SPACE',''
  ) );
#2283 = PCURVE('',#1019,#2284);
#2284 = DEFINITIONAL_REPRESENTATION('',(#2285),#2289);
#2285 = LINE('',#2286,#2287);
#2286 = CARTESIAN_POINT('',(0.,-0.));
#2287 = VECTOR('',#2288,1.);
#2288 = DIRECTION('',(0.,1.));
#2289 = ( GEOMETRIC_REPRESENTATION_CONTEXT(2) 
PARAMETRIC_REPRESENTATION_CONTEXT() REPRESENTATION_CONTEXT('2D SPACE',''
  ) );
#2290 = ORIENTED_EDGE('',*,*,#1002,.T.);
#2291 = ORIENTED_EDGE('',*,*,#2270,.T.);
#2292 = ADVANCED_FACE('',(#2293),#1347,.F.);
#2293 = FACE_BOUND('',#2294,.F.);
#2294 = EDGE_LOOP('',(#2295,#2296,#2319,#2346));
#2295 = ORIENTED_EDGE('',*,*,#1033,.T.);
#2296 = ORIENTED_EDGE('',*,*,#2297,.T.);
#2297 = EDGE_CURVE('',#1034,#2298,#2300,.T.);
#2298 = VERTEX_POINT('',#2299);
#2299 = CARTESIAN_POINT('',(48.5,0.9,6.));
#2300 = SEAM_CURVE('',#2301,(#2305,#2312),.PCURVE_S1.);
#2301 = LINE('',#2302,#2303);
#2302 = CARTESIAN_POINT('',(48.5,0.9,0.));
#2303 = VECTOR('',#2304,1.);
#2304 = DIRECTION('',(0.,0.,1.));
#2305 = PCURVE('',#1347,#2306);
#2306 = DEFINITIONAL_REPRESENTATION('',(#2307),#2311);
#2307 = LINE('',#2308,#2309);
#2308 = CARTESIAN_POINT('',(6.28318530718,0.));
#2309 = VECTOR('',#2310,1.);
#2310 = DIRECTION('',(0.,-1.));
#2311 = ( GEOMETRIC_REPRESENTATION_CONTEXT(2) 
PARAMETRIC_REPRESENTATION_CONTEXT() REPRESENTATION_CONTEXT('2D SPACE',''
  ) );
#2312 = PCURVE('',#1347,#2313);
#2313 = DEFINITIONAL_REPRESENTATION('',(#2314),#2318);
#2314 = LINE('',#2315,#2316);
#2315 = CARTESIAN_POINT('',(0.,0.));
#2316 = VECTOR('',#2317,1.);
#2317 = DIRECTION('',(0.,-1.));
#2318 = ( GEOMETRIC_REPRESENTATION_CONTEXT(2) 
PARAMETRIC_REPRESENTATION_CONTEXT() REPRESENTATION_CONTEXT('2D SPACE',''
  ) );
#2319 = ORIENTED_EDGE('',*,*,#2320,.T.);
#2320 = EDGE_CURVE('',#2298,#2298,#2321,.T.);
#2321 = SURFACE_CURVE('',#2322,(#2327,#2334),.PCURVE_S1.);
#2322 = ELLIPSE('',#2323,10.5,9.);
#2323 = AXIS2_PLACEMENT_3D('',#2324,#2325,#2326);
#2324 = CARTESIAN_POINT('',(38.,0.9,6.));
#2325 = DIRECTION('',(0.,0.,1.));
#2326 = DIRECTION('',(1.,0.,0.));
#2327 = PCURVE('',#1347,#2328);
#2328 = DEFINITIONAL_REPRESENTATION('',(#2329),#2333);
#2329 = LINE('',#2330,#2331);
#2330 = CARTESIAN_POINT('',(0.,-6.));
#2331 = VECTOR('',#2332,1.);
#2332 = DIRECTION('',(1.,0.));
#2333 = ( GEOMETRIC_REPRESENTATION_CONTEXT(2) 
PARAMETRIC_REPRESENTATION_CONTEXT() REPRESENTATION_CONTEXT('2D SPACE',''
  ) );
#2334 = PCURVE('',#2335,#2340);
#2335 = PLANE('',#2336);
#2336 = AXIS2_PLACEMENT_3D('',#2337,#2338,#2339);
#2337 = CARTESIAN_POINT('',(38.205366309778,0.9,6.));
#2338 = DIRECTION('',(0.,0.,1.));
#2339 = DIRECTION('',(1.,0.,0.));
#2340 = DEFINITIONAL_REPRESENTATION('',(#2341),#2345);
#2341 = ELLIPSE('',#2342,10.5,9.);
#2342 = AXIS2_PLACEMENT_2D('',#2343,#2344);
#2343 = CARTESIAN_POINT('',(-0.205366309778,-1.784383515541E-16));
#2344 = DIRECTION('',(1.,0.));
#2345 = ( GEOMETRIC_REPRESENTATION_CONTEXT(2) 
PARAMETRIC_REPRESENTATION_CONTEXT() REPRESENTATION_CONTEXT('2D SPACE',''
  ) );
#2346 = ORIENTED_EDGE('',*,*,#2297,.F.);
#2347 = ADVANCED_FACE('',(#2348),#1578,.T.);
#2348 = FACE_BOUND('',#2349,.T.);
#2349 = EDGE_LOOP('',(#2350,#2380,#2408,#2436,#2464,#2492,#2520,#2548,
    #2569,#2570,#2571,#2572,#2573,#2574,#2575,#2576,#2577,#2578,#2601,
    #2629));
#2350 = ORIENTED_EDGE('',*,*,#2351,.F.);
#2351 = EDGE_CURVE('',#2352,#2354,#2356,.T.);
#2352 = VERTEX_POINT('',#2353);
#2353 = CARTESIAN_POINT('',(-66.5,-16.08578643762,19.42));
#2354 = VERTEX_POINT('',#2355);
#2355 = CARTESIAN_POINT('',(-66.5,16.085786437627,19.42));
#2356 = SURFACE_CURVE('',#2357,(#2361,#2368),.PCURVE_S1.);
#2357 = LINE('',#2358,#2359);
#2358 = CARTESIAN_POINT('',(-66.5,0.,19.42));
#2359 = VECTOR('',#2360,1.);
#2360 = DIRECTION('',(0.,1.,0.));
#2361 = PCURVE('',#1578,#2362);
#2362 = DEFINITIONAL_REPRESENTATION('',(#2363),#2367);
#2363 = LINE('',#2364,#2365);
#2364 = CARTESIAN_POINT('',(-66.5,0.));
#2365 = VECTOR('',#2366,1.);
#2366 = DIRECTION('',(0.,1.));
#2367 = ( GEOMETRIC_REPRESENTATION_CONTEXT(2) 
PARAMETRIC_REPRESENTATION_CONTEXT() REPRESENTATION_CONTEXT('2D SPACE',''
  ) );
#2368 = PCURVE('',#2369,#2374);
#2369 = PLANE('',#2370);
#2370 = AXIS2_PLACEMENT_3D('',#2371,#2372,#2373);
#2371 = CARTESIAN_POINT('',(-66.5,-16.08578643762,9.71));
#2372 = DIRECTION('',(-1.,0.,0.));
#2373 = DIRECTION('',(0.,1.,0.));
#2374 = DEFINITIONAL_REPRESENTATION('',(#2375),#2379);
#2375 = LINE('',#2376,#2377);
#2376 = CARTESIAN_POINT('',(16.085786437627,-9.71));
#2377 = VECTOR('',#2378,1.);
#2378 = DIRECTION('',(1.,0.));
#2379 = ( GEOMETRIC_REPRESENTATION_CONTEXT(2) 
PARAMETRIC_REPRESENTATION_CONTEXT() REPRESENTATION_CONTEXT('2D SPACE',''
  ) );
#2380 = ORIENTED_EDGE('',*,*,#2381,.T.);
#2381 = EDGE_CURVE('',#2352,#2382,#2384,.T.);
#2382 = VERTEX_POINT('',#2383);
#2383 = CARTESIAN_POINT('',(-57.08578643762,-25.5,19.42));
#2384 = SURFACE_CURVE('',#2385,(#2389,#2396),.PCURVE_S1.);
#2385 = LINE('',#2386,#2387);
#2386 = CARTESIAN_POINT('',(-66.79289321881,-15.79289321881,19.42));
#2387 = VECTOR('',#2388,1.);
#2388 = DIRECTION('',(0.707106781187,-0.707106781187,0.));
#2389 = PCURVE('',#1578,#2390);
#2390 = DEFINITIONAL_REPRESENTATION('',(#2391),#2395);
#2391 = LINE('',#2392,#2393);
#2392 = CARTESIAN_POINT('',(-66.79289321881,-15.79289321881));
#2393 = VECTOR('',#2394,1.);
#2394 = DIRECTION('',(0.707106781187,-0.707106781187));
#2395 = ( GEOMETRIC_REPRESENTATION_CONTEXT(2) 
PARAMETRIC_REPRESENTATION_CONTEXT() REPRESENTATION_CONTEXT('2D SPACE',''
  ) );
#2396 = PCURVE('',#2397,#2402);
#2397 = PLANE('',#2398);
#2398 = AXIS2_PLACEMENT_3D('',#2399,#2400,#2401);
#2399 = CARTESIAN_POINT('',(-66.5,-16.08578643762,9.71));
#2400 = DIRECTION('',(0.707106781187,0.707106781187,-0.));
#2401 = DIRECTION('',(0.707106781187,-0.707106781187,0.));
#2402 = DEFINITIONAL_REPRESENTATION('',(#2403),#2407);
#2403 = LINE('',#2404,#2405);
#2404 = CARTESIAN_POINT('',(-0.414213562373,-9.71));
#2405 = VECTOR('',#2406,1.);
#2406 = DIRECTION('',(1.,0.));
#2407 = ( GEOMETRIC_REPRESENTATION_CONTEXT(2) 
PARAMETRIC_REPRESENTATION_CONTEXT() REPRESENTATION_CONTEXT('2D SPACE',''
  ) );
#2408 = ORIENTED_EDGE('',*,*,#2409,.T.);
#2409 = EDGE_CURVE('',#2382,#2410,#2412,.T.);
#2410 = VERTEX_POINT('',#2411);
#2411 = CARTESIAN_POINT('',(57.085786437627,-25.5,19.42));
#2412 = SURFACE_CURVE('',#2413,(#2417,#2424),.PCURVE_S1.);
#2413 = LINE('',#2414,#2415);
#2414 = CARTESIAN_POINT('',(1.307684689824E-16,-25.5,19.42));
#2415 = VECTOR('',#2416,1.);
#2416 = DIRECTION('',(1.,0.,0.));
#2417 = PCURVE('',#1578,#2418);
#2418 = DEFINITIONAL_REPRESENTATION('',(#2419),#2423);
#2419 = LINE('',#2420,#2421);
#2420 = CARTESIAN_POINT('',(0.,-25.5));
#2421 = VECTOR('',#2422,1.);
#2422 = DIRECTION('',(1.,0.));
#2423 = ( GEOMETRIC_REPRESENTATION_CONTEXT(2) 
PARAMETRIC_REPRESENTATION_CONTEXT() REPRESENTATION_CONTEXT('2D SPACE',''
  ) );
#2424 = PCURVE('',#2425,#2430);
#2425 = PLANE('',#2426);
#2426 = AXIS2_PLACEMENT_3D('',#2427,#2428,#2429);
#2427 = CARTESIAN_POINT('',(-57.08578643762,-25.5,9.71));
#2428 = DIRECTION('',(0.,1.,0.));
#2429 = DIRECTION('',(1.,0.,0.));
#2430 = DEFINITIONAL_REPRESENTATION('',(#2431),#2435);
#2431 = LINE('',#2432,#2433);
#2432 = CARTESIAN_POINT('',(57.085786437627,-9.71));
#2433 = VECTOR('',#2434,1.);
#2434 = DIRECTION('',(1.,0.));
#2435 = ( GEOMETRIC_REPRESENTATION_CONTEXT(2) 
PARAMETRIC_REPRESENTATION_CONTEXT() REPRESENTATION_CONTEXT('2D SPACE',''
  ) );
#2436 = ORIENTED_EDGE('',*,*,#2437,.T.);
#2437 = EDGE_CURVE('',#2410,#2438,#2440,.T.);
#2438 = VERTEX_POINT('',#2439);
#2439 = CARTESIAN_POINT('',(66.5,-16.08578643762,19.42));
#2440 = SURFACE_CURVE('',#2441,(#2445,#2452),.PCURVE_S1.);
#2441 = LINE('',#2442,#2443);
#2442 = CARTESIAN_POINT('',(56.792893218813,-25.79289321881,19.42));
#2443 = VECTOR('',#2444,1.);
#2444 = DIRECTION('',(0.707106781187,0.707106781187,0.));
#2445 = PCURVE('',#1578,#2446);
#2446 = DEFINITIONAL_REPRESENTATION('',(#2447),#2451);
#2447 = LINE('',#2448,#2449);
#2448 = CARTESIAN_POINT('',(56.792893218813,-25.79289321881));
#2449 = VECTOR('',#2450,1.);
#2450 = DIRECTION('',(0.707106781187,0.707106781187));
#2451 = ( GEOMETRIC_REPRESENTATION_CONTEXT(2) 
PARAMETRIC_REPRESENTATION_CONTEXT() REPRESENTATION_CONTEXT('2D SPACE',''
  ) );
#2452 = PCURVE('',#2453,#2458);
#2453 = PLANE('',#2454);
#2454 = AXIS2_PLACEMENT_3D('',#2455,#2456,#2457);
#2455 = CARTESIAN_POINT('',(57.085786437627,-25.5,9.71));
#2456 = DIRECTION('',(-0.707106781187,0.707106781187,0.));
#2457 = DIRECTION('',(0.707106781187,0.707106781187,0.));
#2458 = DEFINITIONAL_REPRESENTATION('',(#2459),#2463);
#2459 = LINE('',#2460,#2461);
#2460 = CARTESIAN_POINT('',(-0.414213562373,-9.71));
#2461 = VECTOR('',#2462,1.);
#2462 = DIRECTION('',(1.,0.));
#2463 = ( GEOMETRIC_REPRESENTATION_CONTEXT(2) 
PARAMETRIC_REPRESENTATION_CONTEXT() REPRESENTATION_CONTEXT('2D SPACE',''
  ) );
#2464 = ORIENTED_EDGE('',*,*,#2465,.T.);
#2465 = EDGE_CURVE('',#2438,#2466,#2468,.T.);
#2466 = VERTEX_POINT('',#2467);
#2467 = CARTESIAN_POINT('',(66.5,16.085786437627,19.42));
#2468 = SURFACE_CURVE('',#2469,(#2473,#2480),.PCURVE_S1.);
#2469 = LINE('',#2470,#2471);
#2470 = CARTESIAN_POINT('',(66.5,0.,19.42));
#2471 = VECTOR('',#2472,1.);
#2472 = DIRECTION('',(0.,1.,0.));
#2473 = PCURVE('',#1578,#2474);
#2474 = DEFINITIONAL_REPRESENTATION('',(#2475),#2479);
#2475 = LINE('',#2476,#2477);
#2476 = CARTESIAN_POINT('',(66.5,0.));
#2477 = VECTOR('',#2478,1.);
#2478 = DIRECTION('',(0.,1.));
#2479 = ( GEOMETRIC_REPRESENTATION_CONTEXT(2) 
PARAMETRIC_REPRESENTATION_CONTEXT() REPRESENTATION_CONTEXT('2D SPACE',''
  ) );
#2480 = PCURVE('',#2481,#2486);
#2481 = PLANE('',#2482);
#2482 = AXIS2_PLACEMENT_3D('',#2483,#2484,#2485);
#2483 = CARTESIAN_POINT('',(66.5,-16.08578643762,9.71));
#2484 = DIRECTION('',(-1.,0.,0.));
#2485 = DIRECTION('',(0.,1.,0.));
#2486 = DEFINITIONAL_REPRESENTATION('',(#2487),#2491);
#2487 = LINE('',#2488,#2489);
#2488 = CARTESIAN_POINT('',(16.085786437627,-9.71));
#2489 = VECTOR('',#2490,1.);
#2490 = DIRECTION('',(1.,0.));
#2491 = ( GEOMETRIC_REPRESENTATION_CONTEXT(2) 
PARAMETRIC_REPRESENTATION_CONTEXT() REPRESENTATION_CONTEXT('2D SPACE',''
  ) );
#2492 = ORIENTED_EDGE('',*,*,#2493,.T.);
#2493 = EDGE_CURVE('',#2466,#2494,#2496,.T.);
#2494 = VERTEX_POINT('',#2495);
#2495 = CARTESIAN_POINT('',(57.085786437627,25.5,19.42));
#2496 = SURFACE_CURVE('',#2497,(#2501,#2508),.PCURVE_S1.);
#2497 = LINE('',#2498,#2499);
#2498 = CARTESIAN_POINT('',(66.792893218813,15.792893218813,19.42));
#2499 = VECTOR('',#2500,1.);
#2500 = DIRECTION('',(-0.707106781187,0.707106781187,0.));
#2501 = PCURVE('',#1578,#2502);
#2502 = DEFINITIONAL_REPRESENTATION('',(#2503),#2507);
#2503 = LINE('',#2504,#2505);
#2504 = CARTESIAN_POINT('',(66.792893218813,15.792893218813));
#2505 = VECTOR('',#2506,1.);
#2506 = DIRECTION('',(-0.707106781187,0.707106781187));
#2507 = ( GEOMETRIC_REPRESENTATION_CONTEXT(2) 
PARAMETRIC_REPRESENTATION_CONTEXT() REPRESENTATION_CONTEXT('2D SPACE',''
  ) );
#2508 = PCURVE('',#2509,#2514);
#2509 = PLANE('',#2510);
#2510 = AXIS2_PLACEMENT_3D('',#2511,#2512,#2513);
#2511 = CARTESIAN_POINT('',(66.5,16.085786437627,9.71));
#2512 = DIRECTION('',(-0.707106781187,-0.707106781187,0.));
#2513 = DIRECTION('',(-0.707106781187,0.707106781187,0.));
#2514 = DEFINITIONAL_REPRESENTATION('',(#2515),#2519);
#2515 = LINE('',#2516,#2517);
#2516 = CARTESIAN_POINT('',(-0.414213562373,-9.71));
#2517 = VECTOR('',#2518,1.);
#2518 = DIRECTION('',(1.,0.));
#2519 = ( GEOMETRIC_REPRESENTATION_CONTEXT(2) 
PARAMETRIC_REPRESENTATION_CONTEXT() REPRESENTATION_CONTEXT('2D SPACE',''
  ) );
#2520 = ORIENTED_EDGE('',*,*,#2521,.F.);
#2521 = EDGE_CURVE('',#2522,#2494,#2524,.T.);
#2522 = VERTEX_POINT('',#2523);
#2523 = CARTESIAN_POINT('',(18.5,25.5,19.42));
#2524 = SURFACE_CURVE('',#2525,(#2529,#2536),.PCURVE_S1.);
#2525 = LINE('',#2526,#2527);
#2526 = CARTESIAN_POINT('',(1.307684689824E-16,25.5,19.42));
#2527 = VECTOR('',#2528,1.);
#2528 = DIRECTION('',(1.,0.,0.));
#2529 = PCURVE('',#1578,#2530);
#2530 = DEFINITIONAL_REPRESENTATION('',(#2531),#2535);
#2531 = LINE('',#2532,#2533);
#2532 = CARTESIAN_POINT('',(0.,25.5));
#2533 = VECTOR('',#2534,1.);
#2534 = DIRECTION('',(1.,0.));
#2535 = ( GEOMETRIC_REPRESENTATION_CONTEXT(2) 
PARAMETRIC_REPRESENTATION_CONTEXT() REPRESENTATION_CONTEXT('2D SPACE',''
  ) );
#2536 = PCURVE('',#2537,#2542);
#2537 = PLANE('',#2538);
#2538 = AXIS2_PLACEMENT_3D('',#2539,#2540,#2541);
#2539 = CARTESIAN_POINT('',(-57.08578643762,25.5,9.71));
#2540 = DIRECTION('',(0.,1.,0.));
#2541 = DIRECTION('',(1.,0.,0.));
#2542 = DEFINITIONAL_REPRESENTATION('',(#2543),#2547);
#2543 = LINE('',#2544,#2545);
#2544 = CARTESIAN_POINT('',(57.085786437627,-9.71));
#2545 = VECTOR('',#2546,1.);
#2546 = DIRECTION('',(1.,0.));
#2547 = ( GEOMETRIC_REPRESENTATION_CONTEXT(2) 
PARAMETRIC_REPRESENTATION_CONTEXT() REPRESENTATION_CONTEXT('2D SPACE',''
  ) );
#2548 = ORIENTED_EDGE('',*,*,#2549,.F.);
#2549 = EDGE_CURVE('',#1789,#2522,#2550,.T.);
#2550 = SURFACE_CURVE('',#2551,(#2555,#2562),.PCURVE_S1.);
#2551 = LINE('',#2552,#2553);
#2552 = CARTESIAN_POINT('',(18.5,24.5,19.42));
#2553 = VECTOR('',#2554,1.);
#2554 = DIRECTION('',(0.,1.,0.));
#2555 = PCURVE('',#1578,#2556);
#2556 = DEFINITIONAL_REPRESENTATION('',(#2557),#2561);
#2557 = LINE('',#2558,#2559);
#2558 = CARTESIAN_POINT('',(18.5,24.5));
#2559 = VECTOR('',#2560,1.);
#2560 = DIRECTION('',(0.,1.));
#2561 = ( GEOMETRIC_REPRESENTATION_CONTEXT(2) 
PARAMETRIC_REPRESENTATION_CONTEXT() REPRESENTATION_CONTEXT('2D SPACE',''
  ) );
#2562 = PCURVE('',#1827,#2563);
#2563 = DEFINITIONAL_REPRESENTATION('',(#2564),#2568);
#2564 = LINE('',#2565,#2566);
#2565 = CARTESIAN_POINT('',(15.,0.));
#2566 = VECTOR('',#2567,1.);
#2567 = DIRECTION('',(0.,-1.));
#2568 = ( GEOMETRIC_REPRESENTATION_CONTEXT(2) 
PARAMETRIC_REPRESENTATION_CONTEXT() REPRESENTATION_CONTEXT('2D SPACE',''
  ) );
#2569 = ORIENTED_EDGE('',*,*,#1788,.T.);
#2570 = ORIENTED_EDGE('',*,*,#1970,.F.);
#2571 = ORIENTED_EDGE('',*,*,#1997,.F.);
#2572 = ORIENTED_EDGE('',*,*,#1921,.F.);
#2573 = ORIENTED_EDGE('',*,*,#1716,.F.);
#2574 = ORIENTED_EDGE('',*,*,#1618,.F.);
#2575 = ORIENTED_EDGE('',*,*,#1564,.T.);
#2576 = ORIENTED_EDGE('',*,*,#1667,.T.);
#2577 = ORIENTED_EDGE('',*,*,#1740,.T.);
#2578 = ORIENTED_EDGE('',*,*,#2579,.T.);
#2579 = EDGE_CURVE('',#1741,#2580,#2582,.T.);
#2580 = VERTEX_POINT('',#2581);
#2581 = CARTESIAN_POINT('',(-18.5,25.5,19.42));
#2582 = SURFACE_CURVE('',#2583,(#2587,#2594),.PCURVE_S1.);
#2583 = LINE('',#2584,#2585);
#2584 = CARTESIAN_POINT('',(-18.5,24.5,19.42));
#2585 = VECTOR('',#2586,1.);
#2586 = DIRECTION('',(0.,1.,0.));
#2587 = PCURVE('',#1578,#2588);
#2588 = DEFINITIONAL_REPRESENTATION('',(#2589),#2593);
#2589 = LINE('',#2590,#2591);
#2590 = CARTESIAN_POINT('',(-18.5,24.5));
#2591 = VECTOR('',#2592,1.);
#2592 = DIRECTION('',(0.,1.));
#2593 = ( GEOMETRIC_REPRESENTATION_CONTEXT(2) 
PARAMETRIC_REPRESENTATION_CONTEXT() REPRESENTATION_CONTEXT('2D SPACE',''
  ) );
#2594 = PCURVE('',#1881,#2595);
#2595 = DEFINITIONAL_REPRESENTATION('',(#2596),#2600);
#2596 = LINE('',#2597,#2598);
#2597 = CARTESIAN_POINT('',(15.,0.));
#2598 = VECTOR('',#2599,1.);
#2599 = DIRECTION('',(0.,-1.));
#2600 = ( GEOMETRIC_REPRESENTATION_CONTEXT(2) 
PARAMETRIC_REPRESENTATION_CONTEXT() REPRESENTATION_CONTEXT('2D SPACE',''
  ) );
#2601 = ORIENTED_EDGE('',*,*,#2602,.F.);
#2602 = EDGE_CURVE('',#2603,#2580,#2605,.T.);
#2603 = VERTEX_POINT('',#2604);
#2604 = CARTESIAN_POINT('',(-57.08578643762,25.5,19.42));
#2605 = SURFACE_CURVE('',#2606,(#2610,#2617),.PCURVE_S1.);
#2606 = LINE('',#2607,#2608);
#2607 = CARTESIAN_POINT('',(1.307684689824E-16,25.5,19.42));
#2608 = VECTOR('',#2609,1.);
#2609 = DIRECTION('',(1.,0.,0.));
#2610 = PCURVE('',#1578,#2611);
#2611 = DEFINITIONAL_REPRESENTATION('',(#2612),#2616);
#2612 = LINE('',#2613,#2614);
#2613 = CARTESIAN_POINT('',(0.,25.5));
#2614 = VECTOR('',#2615,1.);
#2615 = DIRECTION('',(1.,0.));
#2616 = ( GEOMETRIC_REPRESENTATION_CONTEXT(2) 
PARAMETRIC_REPRESENTATION_CONTEXT() REPRESENTATION_CONTEXT('2D SPACE',''
  ) );
#2617 = PCURVE('',#2618,#2623);
#2618 = PLANE('',#2619);
#2619 = AXIS2_PLACEMENT_3D('',#2620,#2621,#2622);
#2620 = CARTESIAN_POINT('',(-57.08578643762,25.5,9.71));
#2621 = DIRECTION('',(0.,1.,0.));
#2622 = DIRECTION('',(1.,0.,0.));
#2623 = DEFINITIONAL_REPRESENTATION('',(#2624),#2628);
#2624 = LINE('',#2625,#2626);
#2625 = CARTESIAN_POINT('',(57.085786437627,-9.71));
#2626 = VECTOR('',#2627,1.);
#2627 = DIRECTION('',(1.,0.));
#2628 = ( GEOMETRIC_REPRESENTATION_CONTEXT(2) 
PARAMETRIC_REPRESENTATION_CONTEXT() REPRESENTATION_CONTEXT('2D SPACE',''
  ) );
#2629 = ORIENTED_EDGE('',*,*,#2630,.F.);
#2630 = EDGE_CURVE('',#2354,#2603,#2631,.T.);
#2631 = SURFACE_CURVE('',#2632,(#2636,#2643),.PCURVE_S1.);
#2632 = LINE('',#2633,#2634);
#2633 = CARTESIAN_POINT('',(-66.79289321881,15.792893218813,19.42));
#2634 = VECTOR('',#2635,1.);
#2635 = DIRECTION('',(0.707106781187,0.707106781187,0.));
#2636 = PCURVE('',#1578,#2637);
#2637 = DEFINITIONAL_REPRESENTATION('',(#2638),#2642);
#2638 = LINE('',#2639,#2640);
#2639 = CARTESIAN_POINT('',(-66.79289321881,15.792893218813));
#2640 = VECTOR('',#2641,1.);
#2641 = DIRECTION('',(0.707106781187,0.707106781187));
#2642 = ( GEOMETRIC_REPRESENTATION_CONTEXT(2) 
PARAMETRIC_REPRESENTATION_CONTEXT() REPRESENTATION_CONTEXT('2D SPACE',''
  ) );
#2643 = PCURVE('',#2644,#2649);
#2644 = PLANE('',#2645);
#2645 = AXIS2_PLACEMENT_3D('',#2646,#2647,#2648);
#2646 = CARTESIAN_POINT('',(-66.5,16.085786437627,9.71));
#2647 = DIRECTION('',(-0.707106781187,0.707106781187,0.));
#2648 = DIRECTION('',(0.707106781187,0.707106781187,0.));
#2649 = DEFINITIONAL_REPRESENTATION('',(#2650),#2654);
#2650 = LINE('',#2651,#2652);
#2651 = CARTESIAN_POINT('',(-0.414213562373,-9.71));
#2652 = VECTOR('',#2653,1.);
#2653 = DIRECTION('',(1.,0.));
#2654 = ( GEOMETRIC_REPRESENTATION_CONTEXT(2) 
PARAMETRIC_REPRESENTATION_CONTEXT() REPRESENTATION_CONTEXT('2D SPACE',''
  ) );
#2655 = ADVANCED_FACE('',(#2656),#1881,.T.);
#2656 = FACE_BOUND('',#2657,.T.);
#2657 = EDGE_LOOP('',(#2658,#2659,#2660,#2683,#2711,#2737));
#2658 = ORIENTED_EDGE('',*,*,#2579,.F.);
#2659 = ORIENTED_EDGE('',*,*,#1867,.F.);
#2660 = ORIENTED_EDGE('',*,*,#2661,.T.);
#2661 = EDGE_CURVE('',#1840,#2662,#2664,.T.);
#2662 = VERTEX_POINT('',#2663);
#2663 = CARTESIAN_POINT('',(-18.5,26.5,4.42));
#2664 = SURFACE_CURVE('',#2665,(#2669,#2676),.PCURVE_S1.);
#2665 = LINE('',#2666,#2667);
#2666 = CARTESIAN_POINT('',(-18.5,24.5,4.42));
#2667 = VECTOR('',#2668,1.);
#2668 = DIRECTION('',(0.,1.,0.));
#2669 = PCURVE('',#1881,#2670);
#2670 = DEFINITIONAL_REPRESENTATION('',(#2671),#2675);
#2671 = LINE('',#2672,#2673);
#2672 = CARTESIAN_POINT('',(0.,0.));
#2673 = VECTOR('',#2674,1.);
#2674 = DIRECTION('',(0.,-1.));
#2675 = ( GEOMETRIC_REPRESENTATION_CONTEXT(2) 
PARAMETRIC_REPRESENTATION_CONTEXT() REPRESENTATION_CONTEXT('2D SPACE',''
  ) );
#2676 = PCURVE('',#1855,#2677);
#2677 = DEFINITIONAL_REPRESENTATION('',(#2678),#2682);
#2678 = LINE('',#2679,#2680);
#2679 = CARTESIAN_POINT('',(0.,0.));
#2680 = VECTOR('',#2681,1.);
#2681 = DIRECTION('',(0.,1.));
#2682 = ( GEOMETRIC_REPRESENTATION_CONTEXT(2) 
PARAMETRIC_REPRESENTATION_CONTEXT() REPRESENTATION_CONTEXT('2D SPACE',''
  ) );
#2683 = ORIENTED_EDGE('',*,*,#2684,.T.);
#2684 = EDGE_CURVE('',#2662,#2685,#2687,.T.);
#2685 = VERTEX_POINT('',#2686);
#2686 = CARTESIAN_POINT('',(-18.5,26.5,9.71));
#2687 = SURFACE_CURVE('',#2688,(#2692,#2699),.PCURVE_S1.);
#2688 = LINE('',#2689,#2690);
#2689 = CARTESIAN_POINT('',(-18.5,26.5,4.42));
#2690 = VECTOR('',#2691,1.);
#2691 = DIRECTION('',(0.,0.,1.));
#2692 = PCURVE('',#1881,#2693);
#2693 = DEFINITIONAL_REPRESENTATION('',(#2694),#2698);
#2694 = LINE('',#2695,#2696);
#2695 = CARTESIAN_POINT('',(0.,-2.));
#2696 = VECTOR('',#2697,1.);
#2697 = DIRECTION('',(1.,0.));
#2698 = ( GEOMETRIC_REPRESENTATION_CONTEXT(2) 
PARAMETRIC_REPRESENTATION_CONTEXT() REPRESENTATION_CONTEXT('2D SPACE',''
  ) );
#2699 = PCURVE('',#2700,#2705);
#2700 = PLANE('',#2701);
#2701 = AXIS2_PLACEMENT_3D('',#2702,#2703,#2704);
#2702 = CARTESIAN_POINT('',(-57.5,26.5,0.));
#2703 = DIRECTION('',(0.,1.,0.));
#2704 = DIRECTION('',(1.,0.,0.));
#2705 = DEFINITIONAL_REPRESENTATION('',(#2706),#2710);
#2706 = LINE('',#2707,#2708);
#2707 = CARTESIAN_POINT('',(39.,-4.42));
#2708 = VECTOR('',#2709,1.);
#2709 = DIRECTION('',(0.,-1.));
#2710 = ( GEOMETRIC_REPRESENTATION_CONTEXT(2) 
PARAMETRIC_REPRESENTATION_CONTEXT() REPRESENTATION_CONTEXT('2D SPACE',''
  ) );
#2711 = ORIENTED_EDGE('',*,*,#2712,.F.);
#2712 = EDGE_CURVE('',#2713,#2685,#2715,.T.);
#2713 = VERTEX_POINT('',#2714);
#2714 = CARTESIAN_POINT('',(-18.5,25.5,9.71));
#2715 = SURFACE_CURVE('',#2716,(#2720,#2726),.PCURVE_S1.);
#2716 = LINE('',#2717,#2718);
#2717 = CARTESIAN_POINT('',(-18.5,12.25,9.71));
#2718 = VECTOR('',#2719,1.);
#2719 = DIRECTION('',(0.,1.,0.));
#2720 = PCURVE('',#1881,#2721);
#2721 = DEFINITIONAL_REPRESENTATION('',(#2722),#2725);
#2722 = B_SPLINE_CURVE_WITH_KNOTS('',1,(#2723,#2724),.UNSPECIFIED.,.F.,
  .F.,(2,2),(12.25,14.25),.PIECEWISE_BEZIER_KNOTS.);
#2723 = CARTESIAN_POINT('',(5.29,0.));
#2724 = CARTESIAN_POINT('',(5.29,-2.));
#2725 = ( GEOMETRIC_REPRESENTATION_CONTEXT(2) 
PARAMETRIC_REPRESENTATION_CONTEXT() REPRESENTATION_CONTEXT('2D SPACE',''
  ) );
#2726 = PCURVE('',#2727,#2732);
#2727 = PLANE('',#2728);
#2728 = AXIS2_PLACEMENT_3D('',#2729,#2730,#2731);
#2729 = CARTESIAN_POINT('',(0.,0.,9.71));
#2730 = DIRECTION('',(0.,0.,1.));
#2731 = DIRECTION('',(1.,0.,0.));
#2732 = DEFINITIONAL_REPRESENTATION('',(#2733),#2736);
#2733 = B_SPLINE_CURVE_WITH_KNOTS('',1,(#2734,#2735),.UNSPECIFIED.,.F.,
  .F.,(2,2),(12.25,14.25),.PIECEWISE_BEZIER_KNOTS.);
#2734 = CARTESIAN_POINT('',(-18.5,24.5));
#2735 = CARTESIAN_POINT('',(-18.5,26.5));
#2736 = ( GEOMETRIC_REPRESENTATION_CONTEXT(2) 
PARAMETRIC_REPRESENTATION_CONTEXT() REPRESENTATION_CONTEXT('2D SPACE',''
  ) );
#2737 = ORIENTED_EDGE('',*,*,#2738,.F.);
#2738 = EDGE_CURVE('',#2580,#2713,#2739,.T.);
#2739 = SURFACE_CURVE('',#2740,(#2744,#2750),.PCURVE_S1.);
#2740 = LINE('',#2741,#2742);
#2741 = CARTESIAN_POINT('',(-18.5,25.5,7.065));
#2742 = VECTOR('',#2743,1.);
#2743 = DIRECTION('',(0.,0.,-1.));
#2744 = PCURVE('',#1881,#2745);
#2745 = DEFINITIONAL_REPRESENTATION('',(#2746),#2749);
#2746 = B_SPLINE_CURVE_WITH_KNOTS('',1,(#2747,#2748),.UNSPECIFIED.,.F.,
  .F.,(2,2),(-12.355,-2.645),.PIECEWISE_BEZIER_KNOTS.);
#2747 = CARTESIAN_POINT('',(15.,-1.));
#2748 = CARTESIAN_POINT('',(5.29,-1.));
#2749 = ( GEOMETRIC_REPRESENTATION_CONTEXT(2) 
PARAMETRIC_REPRESENTATION_CONTEXT() REPRESENTATION_CONTEXT('2D SPACE',''
  ) );
#2750 = PCURVE('',#2618,#2751);
#2751 = DEFINITIONAL_REPRESENTATION('',(#2752),#2755);
#2752 = B_SPLINE_CURVE_WITH_KNOTS('',1,(#2753,#2754),.UNSPECIFIED.,.F.,
  .F.,(2,2),(-12.355,-2.645),.PIECEWISE_BEZIER_KNOTS.);
#2753 = CARTESIAN_POINT('',(38.585786437627,-9.71));
#2754 = CARTESIAN_POINT('',(38.585786437627,0.));
#2755 = ( GEOMETRIC_REPRESENTATION_CONTEXT(2) 
PARAMETRIC_REPRESENTATION_CONTEXT() REPRESENTATION_CONTEXT('2D SPACE',''
  ) );
#2756 = ADVANCED_FACE('',(#2757),#1855,.T.);
#2757 = FACE_BOUND('',#2758,.T.);
#2758 = EDGE_LOOP('',(#2759,#2760,#2761,#2784));
#2759 = ORIENTED_EDGE('',*,*,#2661,.F.);
#2760 = ORIENTED_EDGE('',*,*,#1839,.T.);
#2761 = ORIENTED_EDGE('',*,*,#2762,.T.);
#2762 = EDGE_CURVE('',#1812,#2763,#2765,.T.);
#2763 = VERTEX_POINT('',#2764);
#2764 = CARTESIAN_POINT('',(18.5,26.5,4.42));
#2765 = SURFACE_CURVE('',#2766,(#2770,#2777),.PCURVE_S1.);
#2766 = LINE('',#2767,#2768);
#2767 = CARTESIAN_POINT('',(18.5,24.5,4.42));
#2768 = VECTOR('',#2769,1.);
#2769 = DIRECTION('',(0.,1.,0.));
#2770 = PCURVE('',#1855,#2771);
#2771 = DEFINITIONAL_REPRESENTATION('',(#2772),#2776);
#2772 = LINE('',#2773,#2774);
#2773 = CARTESIAN_POINT('',(37.,0.));
#2774 = VECTOR('',#2775,1.);
#2775 = DIRECTION('',(0.,1.));
#2776 = ( GEOMETRIC_REPRESENTATION_CONTEXT(2) 
PARAMETRIC_REPRESENTATION_CONTEXT() REPRESENTATION_CONTEXT('2D SPACE',''
  ) );
#2777 = PCURVE('',#1827,#2778);
#2778 = DEFINITIONAL_REPRESENTATION('',(#2779),#2783);
#2779 = LINE('',#2780,#2781);
#2780 = CARTESIAN_POINT('',(0.,0.));
#2781 = VECTOR('',#2782,1.);
#2782 = DIRECTION('',(0.,-1.));
#2783 = ( GEOMETRIC_REPRESENTATION_CONTEXT(2) 
PARAMETRIC_REPRESENTATION_CONTEXT() REPRESENTATION_CONTEXT('2D SPACE',''
  ) );
#2784 = ORIENTED_EDGE('',*,*,#2785,.F.);
#2785 = EDGE_CURVE('',#2662,#2763,#2786,.T.);
#2786 = SURFACE_CURVE('',#2787,(#2791,#2798),.PCURVE_S1.);
#2787 = LINE('',#2788,#2789);
#2788 = CARTESIAN_POINT('',(-18.5,26.5,4.42));
#2789 = VECTOR('',#2790,1.);
#2790 = DIRECTION('',(1.,0.,0.));
#2791 = PCURVE('',#1855,#2792);
#2792 = DEFINITIONAL_REPRESENTATION('',(#2793),#2797);
#2793 = LINE('',#2794,#2795);
#2794 = CARTESIAN_POINT('',(0.,2.));
#2795 = VECTOR('',#2796,1.);
#2796 = DIRECTION('',(1.,0.));
#2797 = ( GEOMETRIC_REPRESENTATION_CONTEXT(2) 
PARAMETRIC_REPRESENTATION_CONTEXT() REPRESENTATION_CONTEXT('2D SPACE',''
  ) );
#2798 = PCURVE('',#2700,#2799);
#2799 = DEFINITIONAL_REPRESENTATION('',(#2800),#2804);
#2800 = LINE('',#2801,#2802);
#2801 = CARTESIAN_POINT('',(39.,-4.42));
#2802 = VECTOR('',#2803,1.);
#2803 = DIRECTION('',(1.,0.));
#2804 = ( GEOMETRIC_REPRESENTATION_CONTEXT(2) 
PARAMETRIC_REPRESENTATION_CONTEXT() REPRESENTATION_CONTEXT('2D SPACE',''
  ) );
#2805 = ADVANCED_FACE('',(#2806),#1827,.F.);
#2806 = FACE_BOUND('',#2807,.F.);
#2807 = EDGE_LOOP('',(#2808,#2809,#2810,#2811,#2834,#2855));
#2808 = ORIENTED_EDGE('',*,*,#2549,.F.);
#2809 = ORIENTED_EDGE('',*,*,#1811,.F.);
#2810 = ORIENTED_EDGE('',*,*,#2762,.T.);
#2811 = ORIENTED_EDGE('',*,*,#2812,.T.);
#2812 = EDGE_CURVE('',#2763,#2813,#2815,.T.);
#2813 = VERTEX_POINT('',#2814);
#2814 = CARTESIAN_POINT('',(18.5,26.5,9.71));
#2815 = SURFACE_CURVE('',#2816,(#2820,#2827),.PCURVE_S1.);
#2816 = LINE('',#2817,#2818);
#2817 = CARTESIAN_POINT('',(18.5,26.5,4.42));
#2818 = VECTOR('',#2819,1.);
#2819 = DIRECTION('',(0.,0.,1.));
#2820 = PCURVE('',#1827,#2821);
#2821 = DEFINITIONAL_REPRESENTATION('',(#2822),#2826);
#2822 = LINE('',#2823,#2824);
#2823 = CARTESIAN_POINT('',(0.,-2.));
#2824 = VECTOR('',#2825,1.);
#2825 = DIRECTION('',(1.,0.));
#2826 = ( GEOMETRIC_REPRESENTATION_CONTEXT(2) 
PARAMETRIC_REPRESENTATION_CONTEXT() REPRESENTATION_CONTEXT('2D SPACE',''
  ) );
#2827 = PCURVE('',#2700,#2828);
#2828 = DEFINITIONAL_REPRESENTATION('',(#2829),#2833);
#2829 = LINE('',#2830,#2831);
#2830 = CARTESIAN_POINT('',(76.,-4.42));
#2831 = VECTOR('',#2832,1.);
#2832 = DIRECTION('',(0.,-1.));
#2833 = ( GEOMETRIC_REPRESENTATION_CONTEXT(2) 
PARAMETRIC_REPRESENTATION_CONTEXT() REPRESENTATION_CONTEXT('2D SPACE',''
  ) );
#2834 = ORIENTED_EDGE('',*,*,#2835,.F.);
#2835 = EDGE_CURVE('',#2836,#2813,#2838,.T.);
#2836 = VERTEX_POINT('',#2837);
#2837 = CARTESIAN_POINT('',(18.5,25.5,9.71));
#2838 = SURFACE_CURVE('',#2839,(#2843,#2849),.PCURVE_S1.);
#2839 = LINE('',#2840,#2841);
#2840 = CARTESIAN_POINT('',(18.5,12.25,9.71));
#2841 = VECTOR('',#2842,1.);
#2842 = DIRECTION('',(0.,1.,0.));
#2843 = PCURVE('',#1827,#2844);
#2844 = DEFINITIONAL_REPRESENTATION('',(#2845),#2848);
#2845 = B_SPLINE_CURVE_WITH_KNOTS('',1,(#2846,#2847),.UNSPECIFIED.,.F.,
  .F.,(2,2),(12.25,14.25),.PIECEWISE_BEZIER_KNOTS.);
#2846 = CARTESIAN_POINT('',(5.29,0.));
#2847 = CARTESIAN_POINT('',(5.29,-2.));
#2848 = ( GEOMETRIC_REPRESENTATION_CONTEXT(2) 
PARAMETRIC_REPRESENTATION_CONTEXT() REPRESENTATION_CONTEXT('2D SPACE',''
  ) );
#2849 = PCURVE('',#2727,#2850);
#2850 = DEFINITIONAL_REPRESENTATION('',(#2851),#2854);
#2851 = B_SPLINE_CURVE_WITH_KNOTS('',1,(#2852,#2853),.UNSPECIFIED.,.F.,
  .F.,(2,2),(12.25,14.25),.PIECEWISE_BEZIER_KNOTS.);
#2852 = CARTESIAN_POINT('',(18.5,24.5));
#2853 = CARTESIAN_POINT('',(18.5,26.5));
#2854 = ( GEOMETRIC_REPRESENTATION_CONTEXT(2) 
PARAMETRIC_REPRESENTATION_CONTEXT() REPRESENTATION_CONTEXT('2D SPACE',''
  ) );
#2855 = ORIENTED_EDGE('',*,*,#2856,.F.);
#2856 = EDGE_CURVE('',#2522,#2836,#2857,.T.);
#2857 = SURFACE_CURVE('',#2858,(#2862,#2868),.PCURVE_S1.);
#2858 = LINE('',#2859,#2860);
#2859 = CARTESIAN_POINT('',(18.5,25.5,7.065));
#2860 = VECTOR('',#2861,1.);
#2861 = DIRECTION('',(0.,0.,-1.));
#2862 = PCURVE('',#1827,#2863);
#2863 = DEFINITIONAL_REPRESENTATION('',(#2864),#2867);
#2864 = B_SPLINE_CURVE_WITH_KNOTS('',1,(#2865,#2866),.UNSPECIFIED.,.F.,
  .F.,(2,2),(-12.355,-2.645),.PIECEWISE_BEZIER_KNOTS.);
#2865 = CARTESIAN_POINT('',(15.,-1.));
#2866 = CARTESIAN_POINT('',(5.29,-1.));
#2867 = ( GEOMETRIC_REPRESENTATION_CONTEXT(2) 
PARAMETRIC_REPRESENTATION_CONTEXT() REPRESENTATION_CONTEXT('2D SPACE',''
  ) );
#2868 = PCURVE('',#2537,#2869);
#2869 = DEFINITIONAL_REPRESENTATION('',(#2870),#2873);
#2870 = B_SPLINE_CURVE_WITH_KNOTS('',1,(#2871,#2872),.UNSPECIFIED.,.F.,
  .F.,(2,2),(-12.355,-2.645),.PIECEWISE_BEZIER_KNOTS.);
#2871 = CARTESIAN_POINT('',(75.585786437627,-9.71));
#2872 = CARTESIAN_POINT('',(75.585786437627,0.));
#2873 = ( GEOMETRIC_REPRESENTATION_CONTEXT(2) 
PARAMETRIC_REPRESENTATION_CONTEXT() REPRESENTATION_CONTEXT('2D SPACE',''
  ) );
#2874 = ADVANCED_FACE('',(#2875,#2878),#2038,.T.);
#2875 = FACE_BOUND('',#2876,.T.);
#2876 = EDGE_LOOP('',(#2877));
#2877 = ORIENTED_EDGE('',*,*,#2021,.T.);
#2878 = FACE_BOUND('',#2879,.T.);
#2879 = EDGE_LOOP('',(#2880));
#2880 = ORIENTED_EDGE('',*,*,#2881,.F.);
#2881 = EDGE_CURVE('',#2882,#2882,#2884,.T.);
#2882 = VERTEX_POINT('',#2883);
#2883 = CARTESIAN_POINT('',(-51.5,-11.5,6.));
#2884 = SURFACE_CURVE('',#2885,(#2890,#2897),.PCURVE_S1.);
#2885 = CIRCLE('',#2886,1.);
#2886 = AXIS2_PLACEMENT_3D('',#2887,#2888,#2889);
#2887 = CARTESIAN_POINT('',(-52.5,-11.5,6.));
#2888 = DIRECTION('',(0.,0.,1.));
#2889 = DIRECTION('',(1.,0.,-0.));
#2890 = PCURVE('',#2038,#2891);
#2891 = DEFINITIONAL_REPRESENTATION('',(#2892),#2896);
#2892 = CIRCLE('',#2893,1.);
#2893 = AXIS2_PLACEMENT_2D('',#2894,#2895);
#2894 = CARTESIAN_POINT('',(0.,0.));
#2895 = DIRECTION('',(1.,0.));
#2896 = ( GEOMETRIC_REPRESENTATION_CONTEXT(2) 
PARAMETRIC_REPRESENTATION_CONTEXT() REPRESENTATION_CONTEXT('2D SPACE',''
  ) );
#2897 = PCURVE('',#2898,#2903);
#2898 = CYLINDRICAL_SURFACE('',#2899,1.);
#2899 = AXIS2_PLACEMENT_3D('',#2900,#2901,#2902);
#2900 = CARTESIAN_POINT('',(-52.5,-11.5,3.));
#2901 = DIRECTION('',(0.,0.,1.));
#2902 = DIRECTION('',(1.,0.,0.));
#2903 = DEFINITIONAL_REPRESENTATION('',(#2904),#2908);
#2904 = LINE('',#2905,#2906);
#2905 = CARTESIAN_POINT('',(0.,3.));
#2906 = VECTOR('',#2907,1.);
#2907 = DIRECTION('',(1.,0.));
#2908 = ( GEOMETRIC_REPRESENTATION_CONTEXT(2) 
PARAMETRIC_REPRESENTATION_CONTEXT() REPRESENTATION_CONTEXT('2D SPACE',''
  ) );
#2909 = ADVANCED_FACE('',(#2910,#2913),#2093,.T.);
#2910 = FACE_BOUND('',#2911,.T.);
#2911 = EDGE_LOOP('',(#2912));
#2912 = ORIENTED_EDGE('',*,*,#2076,.T.);
#2913 = FACE_BOUND('',#2914,.T.);
#2914 = EDGE_LOOP('',(#2915));
#2915 = ORIENTED_EDGE('',*,*,#2916,.F.);
#2916 = EDGE_CURVE('',#2917,#2917,#2919,.T.);
#2917 = VERTEX_POINT('',#2918);
#2918 = CARTESIAN_POINT('',(2.5,-11.5,6.));
#2919 = SURFACE_CURVE('',#2920,(#2925,#2932),.PCURVE_S1.);
#2920 = CIRCLE('',#2921,2.5);
#2921 = AXIS2_PLACEMENT_3D('',#2922,#2923,#2924);
#2922 = CARTESIAN_POINT('',(0.,-11.5,6.));
#2923 = DIRECTION('',(0.,0.,1.));
#2924 = DIRECTION('',(1.,0.,-0.));
#2925 = PCURVE('',#2093,#2926);
#2926 = DEFINITIONAL_REPRESENTATION('',(#2927),#2931);
#2927 = CIRCLE('',#2928,2.5);
#2928 = AXIS2_PLACEMENT_2D('',#2929,#2930);
#2929 = CARTESIAN_POINT('',(0.,0.));
#2930 = DIRECTION('',(1.,0.));
#2931 = ( GEOMETRIC_REPRESENTATION_CONTEXT(2) 
PARAMETRIC_REPRESENTATION_CONTEXT() REPRESENTATION_CONTEXT('2D SPACE',''
  ) );
#2932 = PCURVE('',#2933,#2938);
#2933 = CYLINDRICAL_SURFACE('',#2934,2.5);
#2934 = AXIS2_PLACEMENT_3D('',#2935,#2936,#2937);
#2935 = CARTESIAN_POINT('',(0.,-11.5,3.));
#2936 = DIRECTION('',(0.,0.,1.));
#2937 = DIRECTION('',(1.,0.,0.));
#2938 = DEFINITIONAL_REPRESENTATION('',(#2939),#2943);
#2939 = LINE('',#2940,#2941);
#2940 = CARTESIAN_POINT('',(0.,3.));
#2941 = VECTOR('',#2942,1.);
#2942 = DIRECTION('',(1.,0.));
#2943 = ( GEOMETRIC_REPRESENTATION_CONTEXT(2) 
PARAMETRIC_REPRESENTATION_CONTEXT() REPRESENTATION_CONTEXT('2D SPACE',''
  ) );
#2944 = ADVANCED_FACE('',(#2945,#2948),#2148,.T.);
#2945 = FACE_BOUND('',#2946,.T.);
#2946 = EDGE_LOOP('',(#2947));
#2947 = ORIENTED_EDGE('',*,*,#2131,.T.);
#2948 = FACE_BOUND('',#2949,.T.);
#2949 = EDGE_LOOP('',(#2950));
#2950 = ORIENTED_EDGE('',*,*,#2951,.F.);
#2951 = EDGE_CURVE('',#2952,#2952,#2954,.T.);
#2952 = VERTEX_POINT('',#2953);
#2953 = CARTESIAN_POINT('',(53.5,-11.5,6.));
#2954 = SURFACE_CURVE('',#2955,(#2960,#2967),.PCURVE_S1.);
#2955 = CIRCLE('',#2956,1.);
#2956 = AXIS2_PLACEMENT_3D('',#2957,#2958,#2959);
#2957 = CARTESIAN_POINT('',(52.5,-11.5,6.));
#2958 = DIRECTION('',(0.,0.,1.));
#2959 = DIRECTION('',(1.,0.,-0.));
#2960 = PCURVE('',#2148,#2961);
#2961 = DEFINITIONAL_REPRESENTATION('',(#2962),#2966);
#2962 = CIRCLE('',#2963,1.);
#2963 = AXIS2_PLACEMENT_2D('',#2964,#2965);
#2964 = CARTESIAN_POINT('',(0.,0.));
#2965 = DIRECTION('',(1.,0.));
#2966 = ( GEOMETRIC_REPRESENTATION_CONTEXT(2) 
PARAMETRIC_REPRESENTATION_CONTEXT() REPRESENTATION_CONTEXT('2D SPACE',''
  ) );
#2967 = PCURVE('',#2968,#2973);
#2968 = CYLINDRICAL_SURFACE('',#2969,1.);
#2969 = AXIS2_PLACEMENT_3D('',#2970,#2971,#2972);
#2970 = CARTESIAN_POINT('',(52.5,-11.5,3.));
#2971 = DIRECTION('',(0.,0.,1.));
#2972 = DIRECTION('',(1.,0.,0.));
#2973 = DEFINITIONAL_REPRESENTATION('',(#2974),#2978);
#2974 = LINE('',#2975,#2976);
#2975 = CARTESIAN_POINT('',(0.,3.));
#2976 = VECTOR('',#2977,1.);
#2977 = DIRECTION('',(1.,0.));
#2978 = ( GEOMETRIC_REPRESENTATION_CONTEXT(2) 
PARAMETRIC_REPRESENTATION_CONTEXT() REPRESENTATION_CONTEXT('2D SPACE',''
  ) );
#2979 = ADVANCED_FACE('',(#2980,#2983),#2225,.T.);
#2980 = FACE_BOUND('',#2981,.T.);
#2981 = EDGE_LOOP('',(#2982));
#2982 = ORIENTED_EDGE('',*,*,#2210,.T.);
#2983 = FACE_BOUND('',#2984,.T.);
#2984 = EDGE_LOOP('',(#2985));
#2985 = ORIENTED_EDGE('',*,*,#2986,.F.);
#2986 = EDGE_CURVE('',#2987,#2987,#2989,.T.);
#2987 = VERTEX_POINT('',#2988);
#2988 = CARTESIAN_POINT('',(-28.5,0.9,6.));
#2989 = SURFACE_CURVE('',#2990,(#2995,#3002),.PCURVE_S1.);
#2990 = ELLIPSE('',#2991,9.5,8.);
#2991 = AXIS2_PLACEMENT_3D('',#2992,#2993,#2994);
#2992 = CARTESIAN_POINT('',(-38.,0.9,6.));
#2993 = DIRECTION('',(0.,0.,1.));
#2994 = DIRECTION('',(1.,0.,0.));
#2995 = PCURVE('',#2225,#2996);
#2996 = DEFINITIONAL_REPRESENTATION('',(#2997),#3001);
#2997 = ELLIPSE('',#2998,9.5,8.);
#2998 = AXIS2_PLACEMENT_2D('',#2999,#3000);
#2999 = CARTESIAN_POINT('',(-0.205366309778,-1.784383515541E-16));
#3000 = DIRECTION('',(1.,0.));
#3001 = ( GEOMETRIC_REPRESENTATION_CONTEXT(2) 
PARAMETRIC_REPRESENTATION_CONTEXT() REPRESENTATION_CONTEXT('2D SPACE',''
  ) );
#3002 = PCURVE('',#3003,#3011);
#3003 = SURFACE_OF_LINEAR_EXTRUSION('',#3004,#3009);
#3004 = ELLIPSE('',#3005,9.5,8.);
#3005 = AXIS2_PLACEMENT_3D('',#3006,#3007,#3008);
#3006 = CARTESIAN_POINT('',(-38.,0.9,0.));
#3007 = DIRECTION('',(0.,0.,1.));
#3008 = DIRECTION('',(1.,0.,0.));
#3009 = VECTOR('',#3010,1.);
#3010 = DIRECTION('',(-0.,-0.,-1.));
#3011 = DEFINITIONAL_REPRESENTATION('',(#3012),#3016);
#3012 = LINE('',#3013,#3014);
#3013 = CARTESIAN_POINT('',(0.,-6.));
#3014 = VECTOR('',#3015,1.);
#3015 = DIRECTION('',(1.,0.));
#3016 = ( GEOMETRIC_REPRESENTATION_CONTEXT(2) 
PARAMETRIC_REPRESENTATION_CONTEXT() REPRESENTATION_CONTEXT('2D SPACE',''
  ) );
#3017 = ADVANCED_FACE('',(#3018,#3021),#2258,.T.);
#3018 = FACE_BOUND('',#3019,.T.);
#3019 = EDGE_LOOP('',(#3020));
#3020 = ORIENTED_EDGE('',*,*,#2241,.T.);
#3021 = FACE_BOUND('',#3022,.T.);
#3022 = EDGE_LOOP('',(#3023));
#3023 = ORIENTED_EDGE('',*,*,#3024,.F.);
#3024 = EDGE_CURVE('',#3025,#3025,#3027,.T.);
#3025 = VERTEX_POINT('',#3026);
#3026 = CARTESIAN_POINT('',(-51.5,13.5,6.));
#3027 = SURFACE_CURVE('',#3028,(#3033,#3040),.PCURVE_S1.);
#3028 = CIRCLE('',#3029,1.);
#3029 = AXIS2_PLACEMENT_3D('',#3030,#3031,#3032);
#3030 = CARTESIAN_POINT('',(-52.5,13.5,6.));
#3031 = DIRECTION('',(0.,0.,1.));
#3032 = DIRECTION('',(1.,0.,-0.));
#3033 = PCURVE('',#2258,#3034);
#3034 = DEFINITIONAL_REPRESENTATION('',(#3035),#3039);
#3035 = CIRCLE('',#3036,1.);
#3036 = AXIS2_PLACEMENT_2D('',#3037,#3038);
#3037 = CARTESIAN_POINT('',(0.,0.));
#3038 = DIRECTION('',(1.,0.));
#3039 = ( GEOMETRIC_REPRESENTATION_CONTEXT(2) 
PARAMETRIC_REPRESENTATION_CONTEXT() REPRESENTATION_CONTEXT('2D SPACE',''
  ) );
#3040 = PCURVE('',#3041,#3046);
#3041 = CYLINDRICAL_SURFACE('',#3042,1.);
#3042 = AXIS2_PLACEMENT_3D('',#3043,#3044,#3045);
#3043 = CARTESIAN_POINT('',(-52.5,13.5,3.));
#3044 = DIRECTION('',(0.,0.,1.));
#3045 = DIRECTION('',(1.,0.,0.));
#3046 = DEFINITIONAL_REPRESENTATION('',(#3047),#3051);
#3047 = LINE('',#3048,#3049);
#3048 = CARTESIAN_POINT('',(0.,3.));
#3049 = VECTOR('',#3050,1.);
#3050 = DIRECTION('',(1.,0.));
#3051 = ( GEOMETRIC_REPRESENTATION_CONTEXT(2) 
PARAMETRIC_REPRESENTATION_CONTEXT() REPRESENTATION_CONTEXT('2D SPACE',''
  ) );
#3052 = ADVANCED_FACE('',(#3053,#3056),#2335,.T.);
#3053 = FACE_BOUND('',#3054,.T.);
#3054 = EDGE_LOOP('',(#3055));
#3055 = ORIENTED_EDGE('',*,*,#2320,.T.);
#3056 = FACE_BOUND('',#3057,.T.);
#3057 = EDGE_LOOP('',(#3058));
#3058 = ORIENTED_EDGE('',*,*,#3059,.F.);
#3059 = EDGE_CURVE('',#3060,#3060,#3062,.T.);
#3060 = VERTEX_POINT('',#3061);
#3061 = CARTESIAN_POINT('',(47.5,0.9,6.));
#3062 = SURFACE_CURVE('',#3063,(#3068,#3075),.PCURVE_S1.);
#3063 = ELLIPSE('',#3064,9.5,8.);
#3064 = AXIS2_PLACEMENT_3D('',#3065,#3066,#3067);
#3065 = CARTESIAN_POINT('',(38.,0.9,6.));
#3066 = DIRECTION('',(0.,0.,1.));
#3067 = DIRECTION('',(1.,0.,0.));
#3068 = PCURVE('',#2335,#3069);
#3069 = DEFINITIONAL_REPRESENTATION('',(#3070),#3074);
#3070 = ELLIPSE('',#3071,9.5,8.);
#3071 = AXIS2_PLACEMENT_2D('',#3072,#3073);
#3072 = CARTESIAN_POINT('',(-0.205366309778,-1.784383515541E-16));
#3073 = DIRECTION('',(1.,0.));
#3074 = ( GEOMETRIC_REPRESENTATION_CONTEXT(2) 
PARAMETRIC_REPRESENTATION_CONTEXT() REPRESENTATION_CONTEXT('2D SPACE',''
  ) );
#3075 = PCURVE('',#3076,#3084);
#3076 = SURFACE_OF_LINEAR_EXTRUSION('',#3077,#3082);
#3077 = ELLIPSE('',#3078,9.5,8.);
#3078 = AXIS2_PLACEMENT_3D('',#3079,#3080,#3081);
#3079 = CARTESIAN_POINT('',(38.,0.9,0.));
#3080 = DIRECTION('',(0.,0.,1.));
#3081 = DIRECTION('',(1.,0.,0.));
#3082 = VECTOR('',#3083,1.);
#3083 = DIRECTION('',(-0.,-0.,-1.));
#3084 = DEFINITIONAL_REPRESENTATION('',(#3085),#3089);
#3085 = LINE('',#3086,#3087);
#3086 = CARTESIAN_POINT('',(0.,-6.));
#3087 = VECTOR('',#3088,1.);
#3088 = DIRECTION('',(1.,0.));
#3089 = ( GEOMETRIC_REPRESENTATION_CONTEXT(2) 
PARAMETRIC_REPRESENTATION_CONTEXT() REPRESENTATION_CONTEXT('2D SPACE',''
  ) );
#3090 = ADVANCED_FACE('',(#3091),#2369,.T.);
#3091 = FACE_BOUND('',#3092,.T.);
#3092 = EDGE_LOOP('',(#3093,#3116,#3117,#3140));
#3093 = ORIENTED_EDGE('',*,*,#3094,.T.);
#3094 = EDGE_CURVE('',#3095,#2352,#3097,.T.);
#3095 = VERTEX_POINT('',#3096);
#3096 = CARTESIAN_POINT('',(-66.5,-16.08578643762,9.71));
#3097 = SURFACE_CURVE('',#3098,(#3102,#3109),.PCURVE_S1.);
#3098 = LINE('',#3099,#3100);
#3099 = CARTESIAN_POINT('',(-66.5,-16.08578643762,9.71));
#3100 = VECTOR('',#3101,1.);
#3101 = DIRECTION('',(0.,0.,1.));
#3102 = PCURVE('',#2369,#3103);
#3103 = DEFINITIONAL_REPRESENTATION('',(#3104),#3108);
#3104 = LINE('',#3105,#3106);
#3105 = CARTESIAN_POINT('',(0.,0.));
#3106 = VECTOR('',#3107,1.);
#3107 = DIRECTION('',(0.,-1.));
#3108 = ( GEOMETRIC_REPRESENTATION_CONTEXT(2) 
PARAMETRIC_REPRESENTATION_CONTEXT() REPRESENTATION_CONTEXT('2D SPACE',''
  ) );
#3109 = PCURVE('',#2397,#3110);
#3110 = DEFINITIONAL_REPRESENTATION('',(#3111),#3115);
#3111 = LINE('',#3112,#3113);
#3112 = CARTESIAN_POINT('',(0.,0.));
#3113 = VECTOR('',#3114,1.);
#3114 = DIRECTION('',(0.,-1.));
#3115 = ( GEOMETRIC_REPRESENTATION_CONTEXT(2) 
PARAMETRIC_REPRESENTATION_CONTEXT() REPRESENTATION_CONTEXT('2D SPACE',''
  ) );
#3116 = ORIENTED_EDGE('',*,*,#2351,.T.);
#3117 = ORIENTED_EDGE('',*,*,#3118,.F.);
#3118 = EDGE_CURVE('',#3119,#2354,#3121,.T.);
#3119 = VERTEX_POINT('',#3120);
#3120 = CARTESIAN_POINT('',(-66.5,16.085786437627,9.71));
#3121 = SURFACE_CURVE('',#3122,(#3126,#3133),.PCURVE_S1.);
#3122 = LINE('',#3123,#3124);
#3123 = CARTESIAN_POINT('',(-66.5,16.085786437627,9.71));
#3124 = VECTOR('',#3125,1.);
#3125 = DIRECTION('',(0.,0.,1.));
#3126 = PCURVE('',#2369,#3127);
#3127 = DEFINITIONAL_REPRESENTATION('',(#3128),#3132);
#3128 = LINE('',#3129,#3130);
#3129 = CARTESIAN_POINT('',(32.171572875254,0.));
#3130 = VECTOR('',#3131,1.);
#3131 = DIRECTION('',(0.,-1.));
#3132 = ( GEOMETRIC_REPRESENTATION_CONTEXT(2) 
PARAMETRIC_REPRESENTATION_CONTEXT() REPRESENTATION_CONTEXT('2D SPACE',''
  ) );
#3133 = PCURVE('',#2644,#3134);
#3134 = DEFINITIONAL_REPRESENTATION('',(#3135),#3139);
#3135 = LINE('',#3136,#3137);
#3136 = CARTESIAN_POINT('',(0.,0.));
#3137 = VECTOR('',#3138,1.);
#3138 = DIRECTION('',(0.,-1.));
#3139 = ( GEOMETRIC_REPRESENTATION_CONTEXT(2) 
PARAMETRIC_REPRESENTATION_CONTEXT() REPRESENTATION_CONTEXT('2D SPACE',''
  ) );
#3140 = ORIENTED_EDGE('',*,*,#3141,.F.);
#3141 = EDGE_CURVE('',#3095,#3119,#3142,.T.);
#3142 = SURFACE_CURVE('',#3143,(#3147,#3154),.PCURVE_S1.);
#3143 = LINE('',#3144,#3145);
#3144 = CARTESIAN_POINT('',(-66.5,0.,9.71));
#3145 = VECTOR('',#3146,1.);
#3146 = DIRECTION('',(0.,1.,0.));
#3147 = PCURVE('',#2369,#3148);
#3148 = DEFINITIONAL_REPRESENTATION('',(#3149),#3153);
#3149 = LINE('',#3150,#3151);
#3150 = CARTESIAN_POINT('',(16.085786437627,0.));
#3151 = VECTOR('',#3152,1.);
#3152 = DIRECTION('',(1.,0.));
#3153 = ( GEOMETRIC_REPRESENTATION_CONTEXT(2) 
PARAMETRIC_REPRESENTATION_CONTEXT() REPRESENTATION_CONTEXT('2D SPACE',''
  ) );
#3154 = PCURVE('',#2727,#3155);
#3155 = DEFINITIONAL_REPRESENTATION('',(#3156),#3160);
#3156 = LINE('',#3157,#3158);
#3157 = CARTESIAN_POINT('',(-66.5,0.));
#3158 = VECTOR('',#3159,1.);
#3159 = DIRECTION('',(0.,1.));
#3160 = ( GEOMETRIC_REPRESENTATION_CONTEXT(2) 
PARAMETRIC_REPRESENTATION_CONTEXT() REPRESENTATION_CONTEXT('2D SPACE',''
  ) );
#3161 = ADVANCED_FACE('',(#3162),#2644,.T.);
#3162 = FACE_BOUND('',#3163,.T.);
#3163 = EDGE_LOOP('',(#3164,#3165,#3166,#3189));
#3164 = ORIENTED_EDGE('',*,*,#3118,.T.);
#3165 = ORIENTED_EDGE('',*,*,#2630,.T.);
#3166 = ORIENTED_EDGE('',*,*,#3167,.F.);
#3167 = EDGE_CURVE('',#3168,#2603,#3170,.T.);
#3168 = VERTEX_POINT('',#3169);
#3169 = CARTESIAN_POINT('',(-57.08578643762,25.5,9.71));
#3170 = SURFACE_CURVE('',#3171,(#3175,#3182),.PCURVE_S1.);
#3171 = LINE('',#3172,#3173);
#3172 = CARTESIAN_POINT('',(-57.08578643762,25.5,9.71));
#3173 = VECTOR('',#3174,1.);
#3174 = DIRECTION('',(0.,0.,1.));
#3175 = PCURVE('',#2644,#3176);
#3176 = DEFINITIONAL_REPRESENTATION('',(#3177),#3181);
#3177 = LINE('',#3178,#3179);
#3178 = CARTESIAN_POINT('',(13.313708498985,0.));
#3179 = VECTOR('',#3180,1.);
#3180 = DIRECTION('',(0.,-1.));
#3181 = ( GEOMETRIC_REPRESENTATION_CONTEXT(2) 
PARAMETRIC_REPRESENTATION_CONTEXT() REPRESENTATION_CONTEXT('2D SPACE',''
  ) );
#3182 = PCURVE('',#2618,#3183);
#3183 = DEFINITIONAL_REPRESENTATION('',(#3184),#3188);
#3184 = LINE('',#3185,#3186);
#3185 = CARTESIAN_POINT('',(-7.105427357601E-15,0.));
#3186 = VECTOR('',#3187,1.);
#3187 = DIRECTION('',(0.,-1.));
#3188 = ( GEOMETRIC_REPRESENTATION_CONTEXT(2) 
PARAMETRIC_REPRESENTATION_CONTEXT() REPRESENTATION_CONTEXT('2D SPACE',''
  ) );
#3189 = ORIENTED_EDGE('',*,*,#3190,.F.);
#3190 = EDGE_CURVE('',#3119,#3168,#3191,.T.);
#3191 = SURFACE_CURVE('',#3192,(#3196,#3203),.PCURVE_S1.);
#3192 = LINE('',#3193,#3194);
#3193 = CARTESIAN_POINT('',(-66.79289321881,15.792893218813,9.71));
#3194 = VECTOR('',#3195,1.);
#3195 = DIRECTION('',(0.707106781187,0.707106781187,0.));
#3196 = PCURVE('',#2644,#3197);
#3197 = DEFINITIONAL_REPRESENTATION('',(#3198),#3202);
#3198 = LINE('',#3199,#3200);
#3199 = CARTESIAN_POINT('',(-0.414213562373,-0.));
#3200 = VECTOR('',#3201,1.);
#3201 = DIRECTION('',(1.,0.));
#3202 = ( GEOMETRIC_REPRESENTATION_CONTEXT(2) 
PARAMETRIC_REPRESENTATION_CONTEXT() REPRESENTATION_CONTEXT('2D SPACE',''
  ) );
#3203 = PCURVE('',#2727,#3204);
#3204 = DEFINITIONAL_REPRESENTATION('',(#3205),#3209);
#3205 = LINE('',#3206,#3207);
#3206 = CARTESIAN_POINT('',(-66.79289321881,15.792893218813));
#3207 = VECTOR('',#3208,1.);
#3208 = DIRECTION('',(0.707106781187,0.707106781187));
#3209 = ( GEOMETRIC_REPRESENTATION_CONTEXT(2) 
PARAMETRIC_REPRESENTATION_CONTEXT() REPRESENTATION_CONTEXT('2D SPACE',''
  ) );
#3210 = ADVANCED_FACE('',(#3211),#2618,.T.);
#3211 = FACE_BOUND('',#3212,.T.);
#3212 = EDGE_LOOP('',(#3213,#3234,#3235,#3236));
#3213 = ORIENTED_EDGE('',*,*,#3214,.F.);
#3214 = EDGE_CURVE('',#3168,#2713,#3215,.T.);
#3215 = SURFACE_CURVE('',#3216,(#3220,#3227),.PCURVE_S1.);
#3216 = LINE('',#3217,#3218);
#3217 = CARTESIAN_POINT('',(1.307684689824E-16,25.5,9.71));
#3218 = VECTOR('',#3219,1.);
#3219 = DIRECTION('',(1.,0.,0.));
#3220 = PCURVE('',#2618,#3221);
#3221 = DEFINITIONAL_REPRESENTATION('',(#3222),#3226);
#3222 = LINE('',#3223,#3224);
#3223 = CARTESIAN_POINT('',(57.085786437627,0.));
#3224 = VECTOR('',#3225,1.);
#3225 = DIRECTION('',(1.,0.));
#3226 = ( GEOMETRIC_REPRESENTATION_CONTEXT(2) 
PARAMETRIC_REPRESENTATION_CONTEXT() REPRESENTATION_CONTEXT('2D SPACE',''
  ) );
#3227 = PCURVE('',#2727,#3228);
#3228 = DEFINITIONAL_REPRESENTATION('',(#3229),#3233);
#3229 = LINE('',#3230,#3231);
#3230 = CARTESIAN_POINT('',(1.307684689824E-16,25.5));
#3231 = VECTOR('',#3232,1.);
#3232 = DIRECTION('',(1.,0.));
#3233 = ( GEOMETRIC_REPRESENTATION_CONTEXT(2) 
PARAMETRIC_REPRESENTATION_CONTEXT() REPRESENTATION_CONTEXT('2D SPACE',''
  ) );
#3234 = ORIENTED_EDGE('',*,*,#3167,.T.);
#3235 = ORIENTED_EDGE('',*,*,#2602,.T.);
#3236 = ORIENTED_EDGE('',*,*,#2738,.T.);
#3237 = ADVANCED_FACE('',(#3238),#2537,.T.);
#3238 = FACE_BOUND('',#3239,.T.);
#3239 = EDGE_LOOP('',(#3240,#3263,#3264,#3265));
#3240 = ORIENTED_EDGE('',*,*,#3241,.F.);
#3241 = EDGE_CURVE('',#2836,#3242,#3244,.T.);
#3242 = VERTEX_POINT('',#3243);
#3243 = CARTESIAN_POINT('',(57.085786437627,25.5,9.71));
#3244 = SURFACE_CURVE('',#3245,(#3249,#3256),.PCURVE_S1.);
#3245 = LINE('',#3246,#3247);
#3246 = CARTESIAN_POINT('',(1.307684689824E-16,25.5,9.71));
#3247 = VECTOR('',#3248,1.);
#3248 = DIRECTION('',(1.,0.,0.));
#3249 = PCURVE('',#2537,#3250);
#3250 = DEFINITIONAL_REPRESENTATION('',(#3251),#3255);
#3251 = LINE('',#3252,#3253);
#3252 = CARTESIAN_POINT('',(57.085786437627,0.));
#3253 = VECTOR('',#3254,1.);
#3254 = DIRECTION('',(1.,0.));
#3255 = ( GEOMETRIC_REPRESENTATION_CONTEXT(2) 
PARAMETRIC_REPRESENTATION_CONTEXT() REPRESENTATION_CONTEXT('2D SPACE',''
  ) );
#3256 = PCURVE('',#2727,#3257);
#3257 = DEFINITIONAL_REPRESENTATION('',(#3258),#3262);
#3258 = LINE('',#3259,#3260);
#3259 = CARTESIAN_POINT('',(1.307684689824E-16,25.5));
#3260 = VECTOR('',#3261,1.);
#3261 = DIRECTION('',(1.,0.));
#3262 = ( GEOMETRIC_REPRESENTATION_CONTEXT(2) 
PARAMETRIC_REPRESENTATION_CONTEXT() REPRESENTATION_CONTEXT('2D SPACE',''
  ) );
#3263 = ORIENTED_EDGE('',*,*,#2856,.F.);
#3264 = ORIENTED_EDGE('',*,*,#2521,.T.);
#3265 = ORIENTED_EDGE('',*,*,#3266,.F.);
#3266 = EDGE_CURVE('',#3242,#2494,#3267,.T.);
#3267 = SURFACE_CURVE('',#3268,(#3272,#3279),.PCURVE_S1.);
#3268 = LINE('',#3269,#3270);
#3269 = CARTESIAN_POINT('',(57.085786437627,25.5,9.71));
#3270 = VECTOR('',#3271,1.);
#3271 = DIRECTION('',(0.,0.,1.));
#3272 = PCURVE('',#2537,#3273);
#3273 = DEFINITIONAL_REPRESENTATION('',(#3274),#3278);
#3274 = LINE('',#3275,#3276);
#3275 = CARTESIAN_POINT('',(114.17157287525,0.));
#3276 = VECTOR('',#3277,1.);
#3277 = DIRECTION('',(0.,-1.));
#3278 = ( GEOMETRIC_REPRESENTATION_CONTEXT(2) 
PARAMETRIC_REPRESENTATION_CONTEXT() REPRESENTATION_CONTEXT('2D SPACE',''
  ) );
#3279 = PCURVE('',#2509,#3280);
#3280 = DEFINITIONAL_REPRESENTATION('',(#3281),#3285);
#3281 = LINE('',#3282,#3283);
#3282 = CARTESIAN_POINT('',(13.313708498985,0.));
#3283 = VECTOR('',#3284,1.);
#3284 = DIRECTION('',(0.,-1.));
#3285 = ( GEOMETRIC_REPRESENTATION_CONTEXT(2) 
PARAMETRIC_REPRESENTATION_CONTEXT() REPRESENTATION_CONTEXT('2D SPACE',''
  ) );
#3286 = ADVANCED_FACE('',(#3287),#2509,.F.);
#3287 = FACE_BOUND('',#3288,.F.);
#3288 = EDGE_LOOP('',(#3289,#3312,#3313,#3314));
#3289 = ORIENTED_EDGE('',*,*,#3290,.T.);
#3290 = EDGE_CURVE('',#3291,#2466,#3293,.T.);
#3291 = VERTEX_POINT('',#3292);
#3292 = CARTESIAN_POINT('',(66.5,16.085786437627,9.71));
#3293 = SURFACE_CURVE('',#3294,(#3298,#3305),.PCURVE_S1.);
#3294 = LINE('',#3295,#3296);
#3295 = CARTESIAN_POINT('',(66.5,16.085786437627,9.71));
#3296 = VECTOR('',#3297,1.);
#3297 = DIRECTION('',(0.,0.,1.));
#3298 = PCURVE('',#2509,#3299);
#3299 = DEFINITIONAL_REPRESENTATION('',(#3300),#3304);
#3300 = LINE('',#3301,#3302);
#3301 = CARTESIAN_POINT('',(0.,0.));
#3302 = VECTOR('',#3303,1.);
#3303 = DIRECTION('',(0.,-1.));
#3304 = ( GEOMETRIC_REPRESENTATION_CONTEXT(2) 
PARAMETRIC_REPRESENTATION_CONTEXT() REPRESENTATION_CONTEXT('2D SPACE',''
  ) );
#3305 = PCURVE('',#2481,#3306);
#3306 = DEFINITIONAL_REPRESENTATION('',(#3307),#3311);
#3307 = LINE('',#3308,#3309);
#3308 = CARTESIAN_POINT('',(32.171572875254,0.));
#3309 = VECTOR('',#3310,1.);
#3310 = DIRECTION('',(0.,-1.));
#3311 = ( GEOMETRIC_REPRESENTATION_CONTEXT(2) 
PARAMETRIC_REPRESENTATION_CONTEXT() REPRESENTATION_CONTEXT('2D SPACE',''
  ) );
#3312 = ORIENTED_EDGE('',*,*,#2493,.T.);
#3313 = ORIENTED_EDGE('',*,*,#3266,.F.);
#3314 = ORIENTED_EDGE('',*,*,#3315,.F.);
#3315 = EDGE_CURVE('',#3291,#3242,#3316,.T.);
#3316 = SURFACE_CURVE('',#3317,(#3321,#3328),.PCURVE_S1.);
#3317 = LINE('',#3318,#3319);
#3318 = CARTESIAN_POINT('',(66.792893218813,15.792893218813,9.71));
#3319 = VECTOR('',#3320,1.);
#3320 = DIRECTION('',(-0.707106781187,0.707106781187,0.));
#3321 = PCURVE('',#2509,#3322);
#3322 = DEFINITIONAL_REPRESENTATION('',(#3323),#3327);
#3323 = LINE('',#3324,#3325);
#3324 = CARTESIAN_POINT('',(-0.414213562373,-0.));
#3325 = VECTOR('',#3326,1.);
#3326 = DIRECTION('',(1.,0.));
#3327 = ( GEOMETRIC_REPRESENTATION_CONTEXT(2) 
PARAMETRIC_REPRESENTATION_CONTEXT() REPRESENTATION_CONTEXT('2D SPACE',''
  ) );
#3328 = PCURVE('',#2727,#3329);
#3329 = DEFINITIONAL_REPRESENTATION('',(#3330),#3334);
#3330 = LINE('',#3331,#3332);
#3331 = CARTESIAN_POINT('',(66.792893218813,15.792893218813));
#3332 = VECTOR('',#3333,1.);
#3333 = DIRECTION('',(-0.707106781187,0.707106781187));
#3334 = ( GEOMETRIC_REPRESENTATION_CONTEXT(2) 
PARAMETRIC_REPRESENTATION_CONTEXT() REPRESENTATION_CONTEXT('2D SPACE',''
  ) );
#3335 = ADVANCED_FACE('',(#3336),#2481,.F.);
#3336 = FACE_BOUND('',#3337,.F.);
#3337 = EDGE_LOOP('',(#3338,#3361,#3362,#3363));
#3338 = ORIENTED_EDGE('',*,*,#3339,.T.);
#3339 = EDGE_CURVE('',#3340,#2438,#3342,.T.);
#3340 = VERTEX_POINT('',#3341);
#3341 = CARTESIAN_POINT('',(66.5,-16.08578643762,9.71));
#3342 = SURFACE_CURVE('',#3343,(#3347,#3354),.PCURVE_S1.);
#3343 = LINE('',#3344,#3345);
#3344 = CARTESIAN_POINT('',(66.5,-16.08578643762,9.71));
#3345 = VECTOR('',#3346,1.);
#3346 = DIRECTION('',(0.,0.,1.));
#3347 = PCURVE('',#2481,#3348);
#3348 = DEFINITIONAL_REPRESENTATION('',(#3349),#3353);
#3349 = LINE('',#3350,#3351);
#3350 = CARTESIAN_POINT('',(0.,0.));
#3351 = VECTOR('',#3352,1.);
#3352 = DIRECTION('',(0.,-1.));
#3353 = ( GEOMETRIC_REPRESENTATION_CONTEXT(2) 
PARAMETRIC_REPRESENTATION_CONTEXT() REPRESENTATION_CONTEXT('2D SPACE',''
  ) );
#3354 = PCURVE('',#2453,#3355);
#3355 = DEFINITIONAL_REPRESENTATION('',(#3356),#3360);
#3356 = LINE('',#3357,#3358);
#3357 = CARTESIAN_POINT('',(13.313708498985,0.));
#3358 = VECTOR('',#3359,1.);
#3359 = DIRECTION('',(0.,-1.));
#3360 = ( GEOMETRIC_REPRESENTATION_CONTEXT(2) 
PARAMETRIC_REPRESENTATION_CONTEXT() REPRESENTATION_CONTEXT('2D SPACE',''
  ) );
#3361 = ORIENTED_EDGE('',*,*,#2465,.T.);
#3362 = ORIENTED_EDGE('',*,*,#3290,.F.);
#3363 = ORIENTED_EDGE('',*,*,#3364,.F.);
#3364 = EDGE_CURVE('',#3340,#3291,#3365,.T.);
#3365 = SURFACE_CURVE('',#3366,(#3370,#3377),.PCURVE_S1.);
#3366 = LINE('',#3367,#3368);
#3367 = CARTESIAN_POINT('',(66.5,0.,9.71));
#3368 = VECTOR('',#3369,1.);
#3369 = DIRECTION('',(0.,1.,0.));
#3370 = PCURVE('',#2481,#3371);
#3371 = DEFINITIONAL_REPRESENTATION('',(#3372),#3376);
#3372 = LINE('',#3373,#3374);
#3373 = CARTESIAN_POINT('',(16.085786437627,0.));
#3374 = VECTOR('',#3375,1.);
#3375 = DIRECTION('',(1.,0.));
#3376 = ( GEOMETRIC_REPRESENTATION_CONTEXT(2) 
PARAMETRIC_REPRESENTATION_CONTEXT() REPRESENTATION_CONTEXT('2D SPACE',''
  ) );
#3377 = PCURVE('',#2727,#3378);
#3378 = DEFINITIONAL_REPRESENTATION('',(#3379),#3383);
#3379 = LINE('',#3380,#3381);
#3380 = CARTESIAN_POINT('',(66.5,0.));
#3381 = VECTOR('',#3382,1.);
#3382 = DIRECTION('',(0.,1.));
#3383 = ( GEOMETRIC_REPRESENTATION_CONTEXT(2) 
PARAMETRIC_REPRESENTATION_CONTEXT() REPRESENTATION_CONTEXT('2D SPACE',''
  ) );
#3384 = ADVANCED_FACE('',(#3385),#2453,.F.);
#3385 = FACE_BOUND('',#3386,.F.);
#3386 = EDGE_LOOP('',(#3387,#3410,#3411,#3412));
#3387 = ORIENTED_EDGE('',*,*,#3388,.T.);
#3388 = EDGE_CURVE('',#3389,#2410,#3391,.T.);
#3389 = VERTEX_POINT('',#3390);
#3390 = CARTESIAN_POINT('',(57.085786437627,-25.5,9.71));
#3391 = SURFACE_CURVE('',#3392,(#3396,#3403),.PCURVE_S1.);
#3392 = LINE('',#3393,#3394);
#3393 = CARTESIAN_POINT('',(57.085786437627,-25.5,9.71));
#3394 = VECTOR('',#3395,1.);
#3395 = DIRECTION('',(0.,0.,1.));
#3396 = PCURVE('',#2453,#3397);
#3397 = DEFINITIONAL_REPRESENTATION('',(#3398),#3402);
#3398 = LINE('',#3399,#3400);
#3399 = CARTESIAN_POINT('',(0.,0.));
#3400 = VECTOR('',#3401,1.);
#3401 = DIRECTION('',(0.,-1.));
#3402 = ( GEOMETRIC_REPRESENTATION_CONTEXT(2) 
PARAMETRIC_REPRESENTATION_CONTEXT() REPRESENTATION_CONTEXT('2D SPACE',''
  ) );
#3403 = PCURVE('',#2425,#3404);
#3404 = DEFINITIONAL_REPRESENTATION('',(#3405),#3409);
#3405 = LINE('',#3406,#3407);
#3406 = CARTESIAN_POINT('',(114.17157287525,0.));
#3407 = VECTOR('',#3408,1.);
#3408 = DIRECTION('',(0.,-1.));
#3409 = ( GEOMETRIC_REPRESENTATION_CONTEXT(2) 
PARAMETRIC_REPRESENTATION_CONTEXT() REPRESENTATION_CONTEXT('2D SPACE',''
  ) );
#3410 = ORIENTED_EDGE('',*,*,#2437,.T.);
#3411 = ORIENTED_EDGE('',*,*,#3339,.F.);
#3412 = ORIENTED_EDGE('',*,*,#3413,.F.);
#3413 = EDGE_CURVE('',#3389,#3340,#3414,.T.);
#3414 = SURFACE_CURVE('',#3415,(#3419,#3426),.PCURVE_S1.);
#3415 = LINE('',#3416,#3417);
#3416 = CARTESIAN_POINT('',(56.792893218813,-25.79289321881,9.71));
#3417 = VECTOR('',#3418,1.);
#3418 = DIRECTION('',(0.707106781187,0.707106781187,0.));
#3419 = PCURVE('',#2453,#3420);
#3420 = DEFINITIONAL_REPRESENTATION('',(#3421),#3425);
#3421 = LINE('',#3422,#3423);
#3422 = CARTESIAN_POINT('',(-0.414213562373,-0.));
#3423 = VECTOR('',#3424,1.);
#3424 = DIRECTION('',(1.,0.));
#3425 = ( GEOMETRIC_REPRESENTATION_CONTEXT(2) 
PARAMETRIC_REPRESENTATION_CONTEXT() REPRESENTATION_CONTEXT('2D SPACE',''
  ) );
#3426 = PCURVE('',#2727,#3427);
#3427 = DEFINITIONAL_REPRESENTATION('',(#3428),#3432);
#3428 = LINE('',#3429,#3430);
#3429 = CARTESIAN_POINT('',(56.792893218813,-25.79289321881));
#3430 = VECTOR('',#3431,1.);
#3431 = DIRECTION('',(0.707106781187,0.707106781187));
#3432 = ( GEOMETRIC_REPRESENTATION_CONTEXT(2) 
PARAMETRIC_REPRESENTATION_CONTEXT() REPRESENTATION_CONTEXT('2D SPACE',''
  ) );
#3433 = ADVANCED_FACE('',(#3434),#2425,.F.);
#3434 = FACE_BOUND('',#3435,.F.);
#3435 = EDGE_LOOP('',(#3436,#3459,#3460,#3461));
#3436 = ORIENTED_EDGE('',*,*,#3437,.T.);
#3437 = EDGE_CURVE('',#3438,#2382,#3440,.T.);
#3438 = VERTEX_POINT('',#3439);
#3439 = CARTESIAN_POINT('',(-57.08578643762,-25.5,9.71));
#3440 = SURFACE_CURVE('',#3441,(#3445,#3452),.PCURVE_S1.);
#3441 = LINE('',#3442,#3443);
#3442 = CARTESIAN_POINT('',(-57.08578643762,-25.5,9.71));
#3443 = VECTOR('',#3444,1.);
#3444 = DIRECTION('',(0.,0.,1.));
#3445 = PCURVE('',#2425,#3446);
#3446 = DEFINITIONAL_REPRESENTATION('',(#3447),#3451);
#3447 = LINE('',#3448,#3449);
#3448 = CARTESIAN_POINT('',(0.,0.));
#3449 = VECTOR('',#3450,1.);
#3450 = DIRECTION('',(0.,-1.));
#3451 = ( GEOMETRIC_REPRESENTATION_CONTEXT(2) 
PARAMETRIC_REPRESENTATION_CONTEXT() REPRESENTATION_CONTEXT('2D SPACE',''
  ) );
#3452 = PCURVE('',#2397,#3453);
#3453 = DEFINITIONAL_REPRESENTATION('',(#3454),#3458);
#3454 = LINE('',#3455,#3456);
#3455 = CARTESIAN_POINT('',(13.313708498985,0.));
#3456 = VECTOR('',#3457,1.);
#3457 = DIRECTION('',(0.,-1.));
#3458 = ( GEOMETRIC_REPRESENTATION_CONTEXT(2) 
PARAMETRIC_REPRESENTATION_CONTEXT() REPRESENTATION_CONTEXT('2D SPACE',''
  ) );
#3459 = ORIENTED_EDGE('',*,*,#2409,.T.);
#3460 = ORIENTED_EDGE('',*,*,#3388,.F.);
#3461 = ORIENTED_EDGE('',*,*,#3462,.F.);
#3462 = EDGE_CURVE('',#3438,#3389,#3463,.T.);
#3463 = SURFACE_CURVE('',#3464,(#3468,#3475),.PCURVE_S1.);
#3464 = LINE('',#3465,#3466);
#3465 = CARTESIAN_POINT('',(1.307684689824E-16,-25.5,9.71));
#3466 = VECTOR('',#3467,1.);
#3467 = DIRECTION('',(1.,0.,0.));
#3468 = PCURVE('',#2425,#3469);
#3469 = DEFINITIONAL_REPRESENTATION('',(#3470),#3474);
#3470 = LINE('',#3471,#3472);
#3471 = CARTESIAN_POINT('',(57.085786437627,0.));
#3472 = VECTOR('',#3473,1.);
#3473 = DIRECTION('',(1.,0.));
#3474 = ( GEOMETRIC_REPRESENTATION_CONTEXT(2) 
PARAMETRIC_REPRESENTATION_CONTEXT() REPRESENTATION_CONTEXT('2D SPACE',''
  ) );
#3475 = PCURVE('',#2727,#3476);
#3476 = DEFINITIONAL_REPRESENTATION('',(#3477),#3481);
#3477 = LINE('',#3478,#3479);
#3478 = CARTESIAN_POINT('',(1.307684689824E-16,-25.5));
#3479 = VECTOR('',#3480,1.);
#3480 = DIRECTION('',(1.,0.));
#3481 = ( GEOMETRIC_REPRESENTATION_CONTEXT(2) 
PARAMETRIC_REPRESENTATION_CONTEXT() REPRESENTATION_CONTEXT('2D SPACE',''
  ) );
#3482 = ADVANCED_FACE('',(#3483),#2397,.F.);
#3483 = FACE_BOUND('',#3484,.F.);
#3484 = EDGE_LOOP('',(#3485,#3486,#3487,#3488));
#3485 = ORIENTED_EDGE('',*,*,#3094,.T.);
#3486 = ORIENTED_EDGE('',*,*,#2381,.T.);
#3487 = ORIENTED_EDGE('',*,*,#3437,.F.);
#3488 = ORIENTED_EDGE('',*,*,#3489,.F.);
#3489 = EDGE_CURVE('',#3095,#3438,#3490,.T.);
#3490 = SURFACE_CURVE('',#3491,(#3495,#3502),.PCURVE_S1.);
#3491 = LINE('',#3492,#3493);
#3492 = CARTESIAN_POINT('',(-66.79289321881,-15.79289321881,9.71));
#3493 = VECTOR('',#3494,1.);
#3494 = DIRECTION('',(0.707106781187,-0.707106781187,0.));
#3495 = PCURVE('',#2397,#3496);
#3496 = DEFINITIONAL_REPRESENTATION('',(#3497),#3501);
#3497 = LINE('',#3498,#3499);
#3498 = CARTESIAN_POINT('',(-0.414213562373,-0.));
#3499 = VECTOR('',#3500,1.);
#3500 = DIRECTION('',(1.,0.));
#3501 = ( GEOMETRIC_REPRESENTATION_CONTEXT(2) 
PARAMETRIC_REPRESENTATION_CONTEXT() REPRESENTATION_CONTEXT('2D SPACE',''
  ) );
#3502 = PCURVE('',#2727,#3503);
#3503 = DEFINITIONAL_REPRESENTATION('',(#3504),#3508);
#3504 = LINE('',#3505,#3506);
#3505 = CARTESIAN_POINT('',(-66.79289321881,-15.79289321881));
#3506 = VECTOR('',#3507,1.);
#3507 = DIRECTION('',(0.707106781187,-0.707106781187));
#3508 = ( GEOMETRIC_REPRESENTATION_CONTEXT(2) 
PARAMETRIC_REPRESENTATION_CONTEXT() REPRESENTATION_CONTEXT('2D SPACE',''
  ) );
#3509 = ADVANCED_FACE('',(#3510),#2727,.T.);
#3510 = FACE_BOUND('',#3511,.T.);
#3511 = EDGE_LOOP('',(#3512,#3542,#3570,#3598,#3626,#3654,#3682,#3703,
    #3704,#3705,#3706,#3707,#3708,#3709,#3710,#3711,#3712,#3713,#3714,
    #3737));
#3512 = ORIENTED_EDGE('',*,*,#3513,.F.);
#3513 = EDGE_CURVE('',#3514,#3516,#3518,.T.);
#3514 = VERTEX_POINT('',#3515);
#3515 = CARTESIAN_POINT('',(-67.5,-16.5,9.71));
#3516 = VERTEX_POINT('',#3517);
#3517 = CARTESIAN_POINT('',(-67.5,16.5,9.71));
#3518 = SURFACE_CURVE('',#3519,(#3523,#3530),.PCURVE_S1.);
#3519 = LINE('',#3520,#3521);
#3520 = CARTESIAN_POINT('',(-67.5,0.,9.71));
#3521 = VECTOR('',#3522,1.);
#3522 = DIRECTION('',(0.,1.,0.));
#3523 = PCURVE('',#2727,#3524);
#3524 = DEFINITIONAL_REPRESENTATION('',(#3525),#3529);
#3525 = LINE('',#3526,#3527);
#3526 = CARTESIAN_POINT('',(-67.5,0.));
#3527 = VECTOR('',#3528,1.);
#3528 = DIRECTION('',(0.,1.));
#3529 = ( GEOMETRIC_REPRESENTATION_CONTEXT(2) 
PARAMETRIC_REPRESENTATION_CONTEXT() REPRESENTATION_CONTEXT('2D SPACE',''
  ) );
#3530 = PCURVE('',#3531,#3536);
#3531 = PLANE('',#3532);
#3532 = AXIS2_PLACEMENT_3D('',#3533,#3534,#3535);
#3533 = CARTESIAN_POINT('',(-67.5,-16.5,0.));
#3534 = DIRECTION('',(-1.,0.,0.));
#3535 = DIRECTION('',(0.,1.,0.));
#3536 = DEFINITIONAL_REPRESENTATION('',(#3537),#3541);
#3537 = LINE('',#3538,#3539);
#3538 = CARTESIAN_POINT('',(16.5,-9.71));
#3539 = VECTOR('',#3540,1.);
#3540 = DIRECTION('',(1.,0.));
#3541 = ( GEOMETRIC_REPRESENTATION_CONTEXT(2) 
PARAMETRIC_REPRESENTATION_CONTEXT() REPRESENTATION_CONTEXT('2D SPACE',''
  ) );
#3542 = ORIENTED_EDGE('',*,*,#3543,.T.);
#3543 = EDGE_CURVE('',#3514,#3544,#3546,.T.);
#3544 = VERTEX_POINT('',#3545);
#3545 = CARTESIAN_POINT('',(-57.5,-26.5,9.71));
#3546 = SURFACE_CURVE('',#3547,(#3551,#3558),.PCURVE_S1.);
#3547 = LINE('',#3548,#3549);
#3548 = CARTESIAN_POINT('',(-67.5,-16.5,9.71));
#3549 = VECTOR('',#3550,1.);
#3550 = DIRECTION('',(0.707106781187,-0.707106781187,0.));
#3551 = PCURVE('',#2727,#3552);
#3552 = DEFINITIONAL_REPRESENTATION('',(#3553),#3557);
#3553 = LINE('',#3554,#3555);
#3554 = CARTESIAN_POINT('',(-67.5,-16.5));
#3555 = VECTOR('',#3556,1.);
#3556 = DIRECTION('',(0.707106781187,-0.707106781187));
#3557 = ( GEOMETRIC_REPRESENTATION_CONTEXT(2) 
PARAMETRIC_REPRESENTATION_CONTEXT() REPRESENTATION_CONTEXT('2D SPACE',''
  ) );
#3558 = PCURVE('',#3559,#3564);
#3559 = PLANE('',#3560);
#3560 = AXIS2_PLACEMENT_3D('',#3561,#3562,#3563);
#3561 = CARTESIAN_POINT('',(-67.5,-16.5,0.));
#3562 = DIRECTION('',(0.707106781187,0.707106781187,-0.));
#3563 = DIRECTION('',(0.707106781187,-0.707106781187,0.));
#3564 = DEFINITIONAL_REPRESENTATION('',(#3565),#3569);
#3565 = LINE('',#3566,#3567);
#3566 = CARTESIAN_POINT('',(0.,-9.71));
#3567 = VECTOR('',#3568,1.);
#3568 = DIRECTION('',(1.,0.));
#3569 = ( GEOMETRIC_REPRESENTATION_CONTEXT(2) 
PARAMETRIC_REPRESENTATION_CONTEXT() REPRESENTATION_CONTEXT('2D SPACE',''
  ) );
#3570 = ORIENTED_EDGE('',*,*,#3571,.T.);
#3571 = EDGE_CURVE('',#3544,#3572,#3574,.T.);
#3572 = VERTEX_POINT('',#3573);
#3573 = CARTESIAN_POINT('',(57.5,-26.5,9.71));
#3574 = SURFACE_CURVE('',#3575,(#3579,#3586),.PCURVE_S1.);
#3575 = LINE('',#3576,#3577);
#3576 = CARTESIAN_POINT('',(0.,-26.5,9.71));
#3577 = VECTOR('',#3578,1.);
#3578 = DIRECTION('',(1.,0.,0.));
#3579 = PCURVE('',#2727,#3580);
#3580 = DEFINITIONAL_REPRESENTATION('',(#3581),#3585);
#3581 = LINE('',#3582,#3583);
#3582 = CARTESIAN_POINT('',(0.,-26.5));
#3583 = VECTOR('',#3584,1.);
#3584 = DIRECTION('',(1.,0.));
#3585 = ( GEOMETRIC_REPRESENTATION_CONTEXT(2) 
PARAMETRIC_REPRESENTATION_CONTEXT() REPRESENTATION_CONTEXT('2D SPACE',''
  ) );
#3586 = PCURVE('',#3587,#3592);
#3587 = PLANE('',#3588);
#3588 = AXIS2_PLACEMENT_3D('',#3589,#3590,#3591);
#3589 = CARTESIAN_POINT('',(-57.5,-26.5,0.));
#3590 = DIRECTION('',(0.,1.,0.));
#3591 = DIRECTION('',(1.,0.,0.));
#3592 = DEFINITIONAL_REPRESENTATION('',(#3593),#3597);
#3593 = LINE('',#3594,#3595);
#3594 = CARTESIAN_POINT('',(57.5,-9.71));
#3595 = VECTOR('',#3596,1.);
#3596 = DIRECTION('',(1.,0.));
#3597 = ( GEOMETRIC_REPRESENTATION_CONTEXT(2) 
PARAMETRIC_REPRESENTATION_CONTEXT() REPRESENTATION_CONTEXT('2D SPACE',''
  ) );
#3598 = ORIENTED_EDGE('',*,*,#3599,.T.);
#3599 = EDGE_CURVE('',#3572,#3600,#3602,.T.);
#3600 = VERTEX_POINT('',#3601);
#3601 = CARTESIAN_POINT('',(67.5,-16.5,9.71));
#3602 = SURFACE_CURVE('',#3603,(#3607,#3614),.PCURVE_S1.);
#3603 = LINE('',#3604,#3605);
#3604 = CARTESIAN_POINT('',(57.5,-26.5,9.71));
#3605 = VECTOR('',#3606,1.);
#3606 = DIRECTION('',(0.707106781187,0.707106781187,0.));
#3607 = PCURVE('',#2727,#3608);
#3608 = DEFINITIONAL_REPRESENTATION('',(#3609),#3613);
#3609 = LINE('',#3610,#3611);
#3610 = CARTESIAN_POINT('',(57.5,-26.5));
#3611 = VECTOR('',#3612,1.);
#3612 = DIRECTION('',(0.707106781187,0.707106781187));
#3613 = ( GEOMETRIC_REPRESENTATION_CONTEXT(2) 
PARAMETRIC_REPRESENTATION_CONTEXT() REPRESENTATION_CONTEXT('2D SPACE',''
  ) );
#3614 = PCURVE('',#3615,#3620);
#3615 = PLANE('',#3616);
#3616 = AXIS2_PLACEMENT_3D('',#3617,#3618,#3619);
#3617 = CARTESIAN_POINT('',(57.5,-26.5,0.));
#3618 = DIRECTION('',(-0.707106781187,0.707106781187,0.));
#3619 = DIRECTION('',(0.707106781187,0.707106781187,0.));
#3620 = DEFINITIONAL_REPRESENTATION('',(#3621),#3625);
#3621 = LINE('',#3622,#3623);
#3622 = CARTESIAN_POINT('',(0.,-9.71));
#3623 = VECTOR('',#3624,1.);
#3624 = DIRECTION('',(1.,0.));
#3625 = ( GEOMETRIC_REPRESENTATION_CONTEXT(2) 
PARAMETRIC_REPRESENTATION_CONTEXT() REPRESENTATION_CONTEXT('2D SPACE',''
  ) );
#3626 = ORIENTED_EDGE('',*,*,#3627,.T.);
#3627 = EDGE_CURVE('',#3600,#3628,#3630,.T.);
#3628 = VERTEX_POINT('',#3629);
#3629 = CARTESIAN_POINT('',(67.5,16.5,9.71));
#3630 = SURFACE_CURVE('',#3631,(#3635,#3642),.PCURVE_S1.);
#3631 = LINE('',#3632,#3633);
#3632 = CARTESIAN_POINT('',(67.5,0.,9.71));
#3633 = VECTOR('',#3634,1.);
#3634 = DIRECTION('',(0.,1.,0.));
#3635 = PCURVE('',#2727,#3636);
#3636 = DEFINITIONAL_REPRESENTATION('',(#3637),#3641);
#3637 = LINE('',#3638,#3639);
#3638 = CARTESIAN_POINT('',(67.5,0.));
#3639 = VECTOR('',#3640,1.);
#3640 = DIRECTION('',(0.,1.));
#3641 = ( GEOMETRIC_REPRESENTATION_CONTEXT(2) 
PARAMETRIC_REPRESENTATION_CONTEXT() REPRESENTATION_CONTEXT('2D SPACE',''
  ) );
#3642 = PCURVE('',#3643,#3648);
#3643 = PLANE('',#3644);
#3644 = AXIS2_PLACEMENT_3D('',#3645,#3646,#3647);
#3645 = CARTESIAN_POINT('',(67.5,-16.5,0.));
#3646 = DIRECTION('',(-1.,0.,0.));
#3647 = DIRECTION('',(0.,1.,0.));
#3648 = DEFINITIONAL_REPRESENTATION('',(#3649),#3653);
#3649 = LINE('',#3650,#3651);
#3650 = CARTESIAN_POINT('',(16.5,-9.71));
#3651 = VECTOR('',#3652,1.);
#3652 = DIRECTION('',(1.,0.));
#3653 = ( GEOMETRIC_REPRESENTATION_CONTEXT(2) 
PARAMETRIC_REPRESENTATION_CONTEXT() REPRESENTATION_CONTEXT('2D SPACE',''
  ) );
#3654 = ORIENTED_EDGE('',*,*,#3655,.T.);
#3655 = EDGE_CURVE('',#3628,#3656,#3658,.T.);
#3656 = VERTEX_POINT('',#3657);
#3657 = CARTESIAN_POINT('',(57.5,26.5,9.71));
#3658 = SURFACE_CURVE('',#3659,(#3663,#3670),.PCURVE_S1.);
#3659 = LINE('',#3660,#3661);
#3660 = CARTESIAN_POINT('',(67.5,16.5,9.71));
#3661 = VECTOR('',#3662,1.);
#3662 = DIRECTION('',(-0.707106781187,0.707106781187,0.));
#3663 = PCURVE('',#2727,#3664);
#3664 = DEFINITIONAL_REPRESENTATION('',(#3665),#3669);
#3665 = LINE('',#3666,#3667);
#3666 = CARTESIAN_POINT('',(67.5,16.5));
#3667 = VECTOR('',#3668,1.);
#3668 = DIRECTION('',(-0.707106781187,0.707106781187));
#3669 = ( GEOMETRIC_REPRESENTATION_CONTEXT(2) 
PARAMETRIC_REPRESENTATION_CONTEXT() REPRESENTATION_CONTEXT('2D SPACE',''
  ) );
#3670 = PCURVE('',#3671,#3676);
#3671 = PLANE('',#3672);
#3672 = AXIS2_PLACEMENT_3D('',#3673,#3674,#3675);
#3673 = CARTESIAN_POINT('',(67.5,16.5,0.));
#3674 = DIRECTION('',(-0.707106781187,-0.707106781187,0.));
#3675 = DIRECTION('',(-0.707106781187,0.707106781187,0.));
#3676 = DEFINITIONAL_REPRESENTATION('',(#3677),#3681);
#3677 = LINE('',#3678,#3679);
#3678 = CARTESIAN_POINT('',(0.,-9.71));
#3679 = VECTOR('',#3680,1.);
#3680 = DIRECTION('',(1.,0.));
#3681 = ( GEOMETRIC_REPRESENTATION_CONTEXT(2) 
PARAMETRIC_REPRESENTATION_CONTEXT() REPRESENTATION_CONTEXT('2D SPACE',''
  ) );
#3682 = ORIENTED_EDGE('',*,*,#3683,.F.);
#3683 = EDGE_CURVE('',#2813,#3656,#3684,.T.);
#3684 = SURFACE_CURVE('',#3685,(#3689,#3696),.PCURVE_S1.);
#3685 = LINE('',#3686,#3687);
#3686 = CARTESIAN_POINT('',(0.,26.5,9.71));
#3687 = VECTOR('',#3688,1.);
#3688 = DIRECTION('',(1.,0.,0.));
#3689 = PCURVE('',#2727,#3690);
#3690 = DEFINITIONAL_REPRESENTATION('',(#3691),#3695);
#3691 = LINE('',#3692,#3693);
#3692 = CARTESIAN_POINT('',(0.,26.5));
#3693 = VECTOR('',#3694,1.);
#3694 = DIRECTION('',(1.,0.));
#3695 = ( GEOMETRIC_REPRESENTATION_CONTEXT(2) 
PARAMETRIC_REPRESENTATION_CONTEXT() REPRESENTATION_CONTEXT('2D SPACE',''
  ) );
#3696 = PCURVE('',#2700,#3697);
#3697 = DEFINITIONAL_REPRESENTATION('',(#3698),#3702);
#3698 = LINE('',#3699,#3700);
#3699 = CARTESIAN_POINT('',(57.5,-9.71));
#3700 = VECTOR('',#3701,1.);
#3701 = DIRECTION('',(1.,0.));
#3702 = ( GEOMETRIC_REPRESENTATION_CONTEXT(2) 
PARAMETRIC_REPRESENTATION_CONTEXT() REPRESENTATION_CONTEXT('2D SPACE',''
  ) );
#3703 = ORIENTED_EDGE('',*,*,#2835,.F.);
#3704 = ORIENTED_EDGE('',*,*,#3241,.T.);
#3705 = ORIENTED_EDGE('',*,*,#3315,.F.);
#3706 = ORIENTED_EDGE('',*,*,#3364,.F.);
#3707 = ORIENTED_EDGE('',*,*,#3413,.F.);
#3708 = ORIENTED_EDGE('',*,*,#3462,.F.);
#3709 = ORIENTED_EDGE('',*,*,#3489,.F.);
#3710 = ORIENTED_EDGE('',*,*,#3141,.T.);
#3711 = ORIENTED_EDGE('',*,*,#3190,.T.);
#3712 = ORIENTED_EDGE('',*,*,#3214,.T.);
#3713 = ORIENTED_EDGE('',*,*,#2712,.T.);
#3714 = ORIENTED_EDGE('',*,*,#3715,.F.);
#3715 = EDGE_CURVE('',#3716,#2685,#3718,.T.);
#3716 = VERTEX_POINT('',#3717);
#3717 = CARTESIAN_POINT('',(-57.5,26.5,9.71));
#3718 = SURFACE_CURVE('',#3719,(#3723,#3730),.PCURVE_S1.);
#3719 = LINE('',#3720,#3721);
#3720 = CARTESIAN_POINT('',(0.,26.5,9.71));
#3721 = VECTOR('',#3722,1.);
#3722 = DIRECTION('',(1.,0.,0.));
#3723 = PCURVE('',#2727,#3724);
#3724 = DEFINITIONAL_REPRESENTATION('',(#3725),#3729);
#3725 = LINE('',#3726,#3727);
#3726 = CARTESIAN_POINT('',(0.,26.5));
#3727 = VECTOR('',#3728,1.);
#3728 = DIRECTION('',(1.,0.));
#3729 = ( GEOMETRIC_REPRESENTATION_CONTEXT(2) 
PARAMETRIC_REPRESENTATION_CONTEXT() REPRESENTATION_CONTEXT('2D SPACE',''
  ) );
#3730 = PCURVE('',#2700,#3731);
#3731 = DEFINITIONAL_REPRESENTATION('',(#3732),#3736);
#3732 = LINE('',#3733,#3734);
#3733 = CARTESIAN_POINT('',(57.5,-9.71));
#3734 = VECTOR('',#3735,1.);
#3735 = DIRECTION('',(1.,0.));
#3736 = ( GEOMETRIC_REPRESENTATION_CONTEXT(2) 
PARAMETRIC_REPRESENTATION_CONTEXT() REPRESENTATION_CONTEXT('2D SPACE',''
  ) );
#3737 = ORIENTED_EDGE('',*,*,#3738,.F.);
#3738 = EDGE_CURVE('',#3516,#3716,#3739,.T.);
#3739 = SURFACE_CURVE('',#3740,(#3744,#3751),.PCURVE_S1.);
#3740 = LINE('',#3741,#3742);
#3741 = CARTESIAN_POINT('',(-67.5,16.5,9.71));
#3742 = VECTOR('',#3743,1.);
#3743 = DIRECTION('',(0.707106781187,0.707106781187,0.));
#3744 = PCURVE('',#2727,#3745);
#3745 = DEFINITIONAL_REPRESENTATION('',(#3746),#3750);
#3746 = LINE('',#3747,#3748);
#3747 = CARTESIAN_POINT('',(-67.5,16.5));
#3748 = VECTOR('',#3749,1.);
#3749 = DIRECTION('',(0.707106781187,0.707106781187));
#3750 = ( GEOMETRIC_REPRESENTATION_CONTEXT(2) 
PARAMETRIC_REPRESENTATION_CONTEXT() REPRESENTATION_CONTEXT('2D SPACE',''
  ) );
#3751 = PCURVE('',#3752,#3757);
#3752 = PLANE('',#3753);
#3753 = AXIS2_PLACEMENT_3D('',#3754,#3755,#3756);
#3754 = CARTESIAN_POINT('',(-67.5,16.5,0.));
#3755 = DIRECTION('',(-0.707106781187,0.707106781187,0.));
#3756 = DIRECTION('',(0.707106781187,0.707106781187,0.));
#3757 = DEFINITIONAL_REPRESENTATION('',(#3758),#3762);
#3758 = LINE('',#3759,#3760);
#3759 = CARTESIAN_POINT('',(0.,-9.71));
#3760 = VECTOR('',#3761,1.);
#3761 = DIRECTION('',(1.,0.));
#3762 = ( GEOMETRIC_REPRESENTATION_CONTEXT(2) 
PARAMETRIC_REPRESENTATION_CONTEXT() REPRESENTATION_CONTEXT('2D SPACE',''
  ) );
#3763 = ADVANCED_FACE('',(#3764),#2700,.T.);
#3764 = FACE_BOUND('',#3765,.T.);
#3765 = EDGE_LOOP('',(#3766,#3796,#3817,#3818,#3819,#3820,#3821,#3822));
#3766 = ORIENTED_EDGE('',*,*,#3767,.F.);
#3767 = EDGE_CURVE('',#3768,#3770,#3772,.T.);
#3768 = VERTEX_POINT('',#3769);
#3769 = CARTESIAN_POINT('',(-57.5,26.5,3.));
#3770 = VERTEX_POINT('',#3771);
#3771 = CARTESIAN_POINT('',(57.5,26.5,3.));
#3772 = SURFACE_CURVE('',#3773,(#3777,#3784),.PCURVE_S1.);
#3773 = LINE('',#3774,#3775);
#3774 = CARTESIAN_POINT('',(-57.5,26.5,3.));
#3775 = VECTOR('',#3776,1.);
#3776 = DIRECTION('',(1.,0.,0.));
#3777 = PCURVE('',#2700,#3778);
#3778 = DEFINITIONAL_REPRESENTATION('',(#3779),#3783);
#3779 = LINE('',#3780,#3781);
#3780 = CARTESIAN_POINT('',(0.,-3.));
#3781 = VECTOR('',#3782,1.);
#3782 = DIRECTION('',(1.,0.));
#3783 = ( GEOMETRIC_REPRESENTATION_CONTEXT(2) 
PARAMETRIC_REPRESENTATION_CONTEXT() REPRESENTATION_CONTEXT('2D SPACE',''
  ) );
#3784 = PCURVE('',#3785,#3790);
#3785 = PLANE('',#3786);
#3786 = AXIS2_PLACEMENT_3D('',#3787,#3788,#3789);
#3787 = CARTESIAN_POINT('',(-57.5,25.,1.5));
#3788 = DIRECTION('',(0.,-0.707106781187,0.707106781187));
#3789 = DIRECTION('',(1.,0.,0.));
#3790 = DEFINITIONAL_REPRESENTATION('',(#3791),#3795);
#3791 = LINE('',#3792,#3793);
#3792 = CARTESIAN_POINT('',(0.,2.12132034356));
#3793 = VECTOR('',#3794,1.);
#3794 = DIRECTION('',(1.,0.));
#3795 = ( GEOMETRIC_REPRESENTATION_CONTEXT(2) 
PARAMETRIC_REPRESENTATION_CONTEXT() REPRESENTATION_CONTEXT('2D SPACE',''
  ) );
#3796 = ORIENTED_EDGE('',*,*,#3797,.T.);
#3797 = EDGE_CURVE('',#3768,#3716,#3798,.T.);
#3798 = SURFACE_CURVE('',#3799,(#3803,#3810),.PCURVE_S1.);
#3799 = LINE('',#3800,#3801);
#3800 = CARTESIAN_POINT('',(-57.5,26.5,0.));
#3801 = VECTOR('',#3802,1.);
#3802 = DIRECTION('',(0.,0.,1.));
#3803 = PCURVE('',#2700,#3804);
#3804 = DEFINITIONAL_REPRESENTATION('',(#3805),#3809);
#3805 = LINE('',#3806,#3807);
#3806 = CARTESIAN_POINT('',(0.,0.));
#3807 = VECTOR('',#3808,1.);
#3808 = DIRECTION('',(0.,-1.));
#3809 = ( GEOMETRIC_REPRESENTATION_CONTEXT(2) 
PARAMETRIC_REPRESENTATION_CONTEXT() REPRESENTATION_CONTEXT('2D SPACE',''
  ) );
#3810 = PCURVE('',#3752,#3811);
#3811 = DEFINITIONAL_REPRESENTATION('',(#3812),#3816);
#3812 = LINE('',#3813,#3814);
#3813 = CARTESIAN_POINT('',(14.142135623731,0.));
#3814 = VECTOR('',#3815,1.);
#3815 = DIRECTION('',(0.,-1.));
#3816 = ( GEOMETRIC_REPRESENTATION_CONTEXT(2) 
PARAMETRIC_REPRESENTATION_CONTEXT() REPRESENTATION_CONTEXT('2D SPACE',''
  ) );
#3817 = ORIENTED_EDGE('',*,*,#3715,.T.);
#3818 = ORIENTED_EDGE('',*,*,#2684,.F.);
#3819 = ORIENTED_EDGE('',*,*,#2785,.T.);
#3820 = ORIENTED_EDGE('',*,*,#2812,.T.);
#3821 = ORIENTED_EDGE('',*,*,#3683,.T.);
#3822 = ORIENTED_EDGE('',*,*,#3823,.F.);
#3823 = EDGE_CURVE('',#3770,#3656,#3824,.T.);
#3824 = SURFACE_CURVE('',#3825,(#3829,#3836),.PCURVE_S1.);
#3825 = LINE('',#3826,#3827);
#3826 = CARTESIAN_POINT('',(57.5,26.5,0.));
#3827 = VECTOR('',#3828,1.);
#3828 = DIRECTION('',(0.,0.,1.));
#3829 = PCURVE('',#2700,#3830);
#3830 = DEFINITIONAL_REPRESENTATION('',(#3831),#3835);
#3831 = LINE('',#3832,#3833);
#3832 = CARTESIAN_POINT('',(115.,0.));
#3833 = VECTOR('',#3834,1.);
#3834 = DIRECTION('',(0.,-1.));
#3835 = ( GEOMETRIC_REPRESENTATION_CONTEXT(2) 
PARAMETRIC_REPRESENTATION_CONTEXT() REPRESENTATION_CONTEXT('2D SPACE',''
  ) );
#3836 = PCURVE('',#3671,#3837);
#3837 = DEFINITIONAL_REPRESENTATION('',(#3838),#3842);
#3838 = LINE('',#3839,#3840);
#3839 = CARTESIAN_POINT('',(14.142135623731,0.));
#3840 = VECTOR('',#3841,1.);
#3841 = DIRECTION('',(0.,-1.));
#3842 = ( GEOMETRIC_REPRESENTATION_CONTEXT(2) 
PARAMETRIC_REPRESENTATION_CONTEXT() REPRESENTATION_CONTEXT('2D SPACE',''
  ) );
#3843 = ADVANCED_FACE('',(#3844),#2898,.T.);
#3844 = FACE_BOUND('',#3845,.T.);
#3845 = EDGE_LOOP('',(#3846,#3869,#3896,#3897));
#3846 = ORIENTED_EDGE('',*,*,#3847,.T.);
#3847 = EDGE_CURVE('',#2882,#3848,#3850,.T.);
#3848 = VERTEX_POINT('',#3849);
#3849 = CARTESIAN_POINT('',(-51.5,-11.5,19.5));
#3850 = SEAM_CURVE('',#3851,(#3855,#3862),.PCURVE_S1.);
#3851 = LINE('',#3852,#3853);
#3852 = CARTESIAN_POINT('',(-51.5,-11.5,3.));
#3853 = VECTOR('',#3854,1.);
#3854 = DIRECTION('',(0.,0.,1.));
#3855 = PCURVE('',#2898,#3856);
#3856 = DEFINITIONAL_REPRESENTATION('',(#3857),#3861);
#3857 = LINE('',#3858,#3859);
#3858 = CARTESIAN_POINT('',(6.28318530718,-0.));
#3859 = VECTOR('',#3860,1.);
#3860 = DIRECTION('',(0.,1.));
#3861 = ( GEOMETRIC_REPRESENTATION_CONTEXT(2) 
PARAMETRIC_REPRESENTATION_CONTEXT() REPRESENTATION_CONTEXT('2D SPACE',''
  ) );
#3862 = PCURVE('',#2898,#3863);
#3863 = DEFINITIONAL_REPRESENTATION('',(#3864),#3868);
#3864 = LINE('',#3865,#3866);
#3865 = CARTESIAN_POINT('',(0.,-0.));
#3866 = VECTOR('',#3867,1.);
#3867 = DIRECTION('',(0.,1.));
#3868 = ( GEOMETRIC_REPRESENTATION_CONTEXT(2) 
PARAMETRIC_REPRESENTATION_CONTEXT() REPRESENTATION_CONTEXT('2D SPACE',''
  ) );
#3869 = ORIENTED_EDGE('',*,*,#3870,.F.);
#3870 = EDGE_CURVE('',#3848,#3848,#3871,.T.);
#3871 = SURFACE_CURVE('',#3872,(#3877,#3884),.PCURVE_S1.);
#3872 = CIRCLE('',#3873,1.);
#3873 = AXIS2_PLACEMENT_3D('',#3874,#3875,#3876);
#3874 = CARTESIAN_POINT('',(-52.5,-11.5,19.5));
#3875 = DIRECTION('',(0.,0.,1.));
#3876 = DIRECTION('',(1.,0.,0.));
#3877 = PCURVE('',#2898,#3878);
#3878 = DEFINITIONAL_REPRESENTATION('',(#3879),#3883);
#3879 = LINE('',#3880,#3881);
#3880 = CARTESIAN_POINT('',(0.,16.5));
#3881 = VECTOR('',#3882,1.);
#3882 = DIRECTION('',(1.,0.));
#3883 = ( GEOMETRIC_REPRESENTATION_CONTEXT(2) 
PARAMETRIC_REPRESENTATION_CONTEXT() REPRESENTATION_CONTEXT('2D SPACE',''
  ) );
#3884 = PCURVE('',#3885,#3890);
#3885 = PLANE('',#3886);
#3886 = AXIS2_PLACEMENT_3D('',#3887,#3888,#3889);
#3887 = CARTESIAN_POINT('',(-52.5,-11.5,19.5));
#3888 = DIRECTION('',(0.,0.,1.));
#3889 = DIRECTION('',(1.,0.,0.));
#3890 = DEFINITIONAL_REPRESENTATION('',(#3891),#3895);
#3891 = CIRCLE('',#3892,1.);
#3892 = AXIS2_PLACEMENT_2D('',#3893,#3894);
#3893 = CARTESIAN_POINT('',(0.,0.));
#3894 = DIRECTION('',(1.,0.));
#3895 = ( GEOMETRIC_REPRESENTATION_CONTEXT(2) 
PARAMETRIC_REPRESENTATION_CONTEXT() REPRESENTATION_CONTEXT('2D SPACE',''
  ) );
#3896 = ORIENTED_EDGE('',*,*,#3847,.F.);
#3897 = ORIENTED_EDGE('',*,*,#2881,.T.);
#3898 = ADVANCED_FACE('',(#3899),#2933,.T.);
#3899 = FACE_BOUND('',#3900,.T.);
#3900 = EDGE_LOOP('',(#3901,#3924,#3951,#3952));
#3901 = ORIENTED_EDGE('',*,*,#3902,.T.);
#3902 = EDGE_CURVE('',#2917,#3903,#3905,.T.);
#3903 = VERTEX_POINT('',#3904);
#3904 = CARTESIAN_POINT('',(2.5,-11.5,19.5));
#3905 = SEAM_CURVE('',#3906,(#3910,#3917),.PCURVE_S1.);
#3906 = LINE('',#3907,#3908);
#3907 = CARTESIAN_POINT('',(2.5,-11.5,3.));
#3908 = VECTOR('',#3909,1.);
#3909 = DIRECTION('',(0.,0.,1.));
#3910 = PCURVE('',#2933,#3911);
#3911 = DEFINITIONAL_REPRESENTATION('',(#3912),#3916);
#3912 = LINE('',#3913,#3914);
#3913 = CARTESIAN_POINT('',(6.28318530718,-0.));
#3914 = VECTOR('',#3915,1.);
#3915 = DIRECTION('',(0.,1.));
#3916 = ( GEOMETRIC_REPRESENTATION_CONTEXT(2) 
PARAMETRIC_REPRESENTATION_CONTEXT() REPRESENTATION_CONTEXT('2D SPACE',''
  ) );
#3917 = PCURVE('',#2933,#3918);
#3918 = DEFINITIONAL_REPRESENTATION('',(#3919),#3923);
#3919 = LINE('',#3920,#3921);
#3920 = CARTESIAN_POINT('',(0.,-0.));
#3921 = VECTOR('',#3922,1.);
#3922 = DIRECTION('',(0.,1.));
#3923 = ( GEOMETRIC_REPRESENTATION_CONTEXT(2) 
PARAMETRIC_REPRESENTATION_CONTEXT() REPRESENTATION_CONTEXT('2D SPACE',''
  ) );
#3924 = ORIENTED_EDGE('',*,*,#3925,.F.);
#3925 = EDGE_CURVE('',#3903,#3903,#3926,.T.);
#3926 = SURFACE_CURVE('',#3927,(#3932,#3939),.PCURVE_S1.);
#3927 = CIRCLE('',#3928,2.5);
#3928 = AXIS2_PLACEMENT_3D('',#3929,#3930,#3931);
#3929 = CARTESIAN_POINT('',(0.,-11.5,19.5));
#3930 = DIRECTION('',(0.,0.,1.));
#3931 = DIRECTION('',(1.,0.,0.));
#3932 = PCURVE('',#2933,#3933);
#3933 = DEFINITIONAL_REPRESENTATION('',(#3934),#3938);
#3934 = LINE('',#3935,#3936);
#3935 = CARTESIAN_POINT('',(0.,16.5));
#3936 = VECTOR('',#3937,1.);
#3937 = DIRECTION('',(1.,0.));
#3938 = ( GEOMETRIC_REPRESENTATION_CONTEXT(2) 
PARAMETRIC_REPRESENTATION_CONTEXT() REPRESENTATION_CONTEXT('2D SPACE',''
  ) );
#3939 = PCURVE('',#3940,#3945);
#3940 = PLANE('',#3941);
#3941 = AXIS2_PLACEMENT_3D('',#3942,#3943,#3944);
#3942 = CARTESIAN_POINT('',(0.,-11.5,19.5));
#3943 = DIRECTION('',(0.,0.,1.));
#3944 = DIRECTION('',(1.,0.,0.));
#3945 = DEFINITIONAL_REPRESENTATION('',(#3946),#3950);
#3946 = CIRCLE('',#3947,2.5);
#3947 = AXIS2_PLACEMENT_2D('',#3948,#3949);
#3948 = CARTESIAN_POINT('',(0.,0.));
#3949 = DIRECTION('',(1.,0.));
#3950 = ( GEOMETRIC_REPRESENTATION_CONTEXT(2) 
PARAMETRIC_REPRESENTATION_CONTEXT() REPRESENTATION_CONTEXT('2D SPACE',''
  ) );
#3951 = ORIENTED_EDGE('',*,*,#3902,.F.);
#3952 = ORIENTED_EDGE('',*,*,#2916,.T.);
#3953 = ADVANCED_FACE('',(#3954),#2968,.T.);
#3954 = FACE_BOUND('',#3955,.T.);
#3955 = EDGE_LOOP('',(#3956,#3979,#4006,#4007));
#3956 = ORIENTED_EDGE('',*,*,#3957,.T.);
#3957 = EDGE_CURVE('',#2952,#3958,#3960,.T.);
#3958 = VERTEX_POINT('',#3959);
#3959 = CARTESIAN_POINT('',(53.5,-11.5,19.5));
#3960 = SEAM_CURVE('',#3961,(#3965,#3972),.PCURVE_S1.);
#3961 = LINE('',#3962,#3963);
#3962 = CARTESIAN_POINT('',(53.5,-11.5,3.));
#3963 = VECTOR('',#3964,1.);
#3964 = DIRECTION('',(0.,0.,1.));
#3965 = PCURVE('',#2968,#3966);
#3966 = DEFINITIONAL_REPRESENTATION('',(#3967),#3971);
#3967 = LINE('',#3968,#3969);
#3968 = CARTESIAN_POINT('',(6.28318530718,-0.));
#3969 = VECTOR('',#3970,1.);
#3970 = DIRECTION('',(0.,1.));
#3971 = ( GEOMETRIC_REPRESENTATION_CONTEXT(2) 
PARAMETRIC_REPRESENTATION_CONTEXT() REPRESENTATION_CONTEXT('2D SPACE',''
  ) );
#3972 = PCURVE('',#2968,#3973);
#3973 = DEFINITIONAL_REPRESENTATION('',(#3974),#3978);
#3974 = LINE('',#3975,#3976);
#3975 = CARTESIAN_POINT('',(0.,-0.));
#3976 = VECTOR('',#3977,1.);
#3977 = DIRECTION('',(0.,1.));
#3978 = ( GEOMETRIC_REPRESENTATION_CONTEXT(2) 
PARAMETRIC_REPRESENTATION_CONTEXT() REPRESENTATION_CONTEXT('2D SPACE',''
  ) );
#3979 = ORIENTED_EDGE('',*,*,#3980,.F.);
#3980 = EDGE_CURVE('',#3958,#3958,#3981,.T.);
#3981 = SURFACE_CURVE('',#3982,(#3987,#3994),.PCURVE_S1.);
#3982 = CIRCLE('',#3983,1.);
#3983 = AXIS2_PLACEMENT_3D('',#3984,#3985,#3986);
#3984 = CARTESIAN_POINT('',(52.5,-11.5,19.5));
#3985 = DIRECTION('',(0.,0.,1.));
#3986 = DIRECTION('',(1.,0.,0.));
#3987 = PCURVE('',#2968,#3988);
#3988 = DEFINITIONAL_REPRESENTATION('',(#3989),#3993);
#3989 = LINE('',#3990,#3991);
#3990 = CARTESIAN_POINT('',(0.,16.5));
#3991 = VECTOR('',#3992,1.);
#3992 = DIRECTION('',(1.,0.));
#3993 = ( GEOMETRIC_REPRESENTATION_CONTEXT(2) 
PARAMETRIC_REPRESENTATION_CONTEXT() REPRESENTATION_CONTEXT('2D SPACE',''
  ) );
#3994 = PCURVE('',#3995,#4000);
#3995 = PLANE('',#3996);
#3996 = AXIS2_PLACEMENT_3D('',#3997,#3998,#3999);
#3997 = CARTESIAN_POINT('',(52.5,-11.5,19.5));
#3998 = DIRECTION('',(0.,0.,1.));
#3999 = DIRECTION('',(1.,0.,0.));
#4000 = DEFINITIONAL_REPRESENTATION('',(#4001),#4005);
#4001 = CIRCLE('',#4002,1.);
#4002 = AXIS2_PLACEMENT_2D('',#4003,#4004);
#4003 = CARTESIAN_POINT('',(0.,0.));
#4004 = DIRECTION('',(1.,0.));
#4005 = ( GEOMETRIC_REPRESENTATION_CONTEXT(2) 
PARAMETRIC_REPRESENTATION_CONTEXT() REPRESENTATION_CONTEXT('2D SPACE',''
  ) );
#4006 = ORIENTED_EDGE('',*,*,#3957,.F.);
#4007 = ORIENTED_EDGE('',*,*,#2951,.T.);
#4008 = ADVANCED_FACE('',(#4009),#3003,.T.);
#4009 = FACE_BOUND('',#4010,.T.);
#4010 = EDGE_LOOP('',(#4011,#4504,#4525,#4526));
#4011 = ORIENTED_EDGE('',*,*,#4012,.T.);
#4012 = EDGE_CURVE('',#4013,#4013,#4015,.T.);
#4013 = VERTEX_POINT('',#4014);
#4014 = CARTESIAN_POINT('',(-28.5,0.9,3.));
#4015 = SURFACE_CURVE('',#4016,(#4175,#4337),.PCURVE_S1.);
#4016 = B_SPLINE_CURVE_WITH_KNOTS('',7,(#4017,#4018,#4019,#4020,#4021,
    #4022,#4023,#4024,#4025,#4026,#4027,#4028,#4029,#4030,#4031,#4032,
    #4033,#4034,#4035,#4036,#4037,#4038,#4039,#4040,#4041,#4042,#4043,
    #4044,#4045,#4046,#4047,#4048,#4049,#4050,#4051,#4052,#4053,#4054,
    #4055,#4056,#4057,#4058,#4059,#4060,#4061,#4062,#4063,#4064,#4065,
    #4066,#4067,#4068,#4069,#4070,#4071,#4072,#4073,#4074,#4075,#4076,
    #4077,#4078,#4079,#4080,#4081,#4082,#4083,#4084,#4085,#4086,#4087,
    #4088,#4089,#4090,#4091,#4092,#4093,#4094,#4095,#4096,#4097,#4098,
    #4099,#4100,#4101,#4102,#4103,#4104,#4105,#4106,#4107,#4108,#4109,
    #4110,#4111,#4112,#4113,#4114,#4115,#4116,#4117,#4118,#4119,#4120,
    #4121,#4122,#4123,#4124,#4125,#4126,#4127,#4128,#4129,#4130,#4131,
    #4132,#4133,#4134,#4135,#4136,#4137,#4138,#4139,#4140,#4141,#4142,
    #4143,#4144,#4145,#4146,#4147,#4148,#4149,#4150,#4151,#4152,#4153,
    #4154,#4155,#4156,#4157,#4158,#4159,#4160,#4161,#4162,#4163,#4164,
    #4165,#4166,#4167,#4168,#4169,#4170,#4171,#4172,#4173,#4174),
  .UNSPECIFIED.,.T.,.F.,(8,6,6,6,6,6,6,6,6,6,6,6,6,6,6,6,6,6,6,6,6,6,6,6
    ,6,6,8),(0.,6.474657112248E-02,0.101401827147,0.144677393014,
    0.174888204734,0.196112428497,0.249995159311,0.303877890126,
    0.325102113889,0.355312925609,0.398588491476,0.43618994392,
    0.45680666984,0.499999002086,0.530239688552,0.563809271847,
    0.601410791895,0.644686435567,0.674897301604,0.696121563527,
    0.750004391218,0.803887218909,0.825111480832,0.855322346868,
    0.898597990541,0.935253312469,1.),.UNSPECIFIED.);
#4017 = CARTESIAN_POINT('',(-28.5,0.9,3.));
#4018 = CARTESIAN_POINT('',(-28.49999994114,0.391205355191,3.));
#4019 = CARTESIAN_POINT('',(-28.54483103616,-0.117873223832,3.));
#4020 = CARTESIAN_POINT('',(-28.63458108107,-0.621975853967,3.));
#4021 = CARTESIAN_POINT('',(-28.76789913835,-1.11655487112,3.));
#4022 = CARTESIAN_POINT('',(-28.94259684577,-1.597647578469,3.));
#4023 = CARTESIAN_POINT('',(-29.15581641982,-2.06183793336,3.));
#4024 = CARTESIAN_POINT('',(-29.54472895608,-2.757822306738,3.));
#4025 = CARTESIAN_POINT('',(-29.69660423902,-3.003131757905,3.));
#4026 = CARTESIAN_POINT('',(-29.8591887501,-3.241688151076,3.));
#4027 = CARTESIAN_POINT('',(-30.03188265118,-3.473098223946,3.));
#4028 = CARTESIAN_POINT('',(-30.21407978959,-3.697040172707,3.));
#4029 = CARTESIAN_POINT('',(-30.40518112148,-3.913253837912,3.));
#4030 = CARTESIAN_POINT('',(-30.84005324096,-4.367424762291,3.));
#4031 = CARTESIAN_POINT('',(-31.08709834529,-4.60225192205,3.));
#4032 = CARTESIAN_POINT('',(-31.34479524401,-4.82567983432,3.));
#4033 = CARTESIAN_POINT('',(-31.61222580359,-5.037465131434,3.));
#4034 = CARTESIAN_POINT('',(-31.88851392646,-5.237438572679,3.));
#4035 = CARTESIAN_POINT('',(-32.17283751624,-5.425490003625,3.));
#4036 = CARTESIAN_POINT('',(-32.66800924201,-5.724463637055,3.));
#4037 = CARTESIAN_POINT('',(-32.8751213644,-5.841529180963,3.));
#4038 = CARTESIAN_POINT('',(-33.08551714442,-5.952726738677,3.));
#4039 = CARTESIAN_POINT('',(-33.29894664865,-6.05804080354,3.));
#4040 = CARTESIAN_POINT('',(-33.51517027479,-6.157462328722,3.));
#4041 = CARTESIAN_POINT('',(-33.73395935011,-6.250987485199,3.));
#4042 = CARTESIAN_POINT('',(-34.1104540322,-6.400179059457,3.));
#4043 = CARTESIAN_POINT('',(-34.26696963967,-6.458831173068,3.));
#4044 = CARTESIAN_POINT('',(-34.42456781467,-6.514572825555,3.));
#4045 = CARTESIAN_POINT('',(-34.58317473707,-6.567404539232,3.));
#4046 = CARTESIAN_POINT('',(-34.74271850449,-6.617327293736,3.));
#4047 = CARTESIAN_POINT('',(-34.90312913226,-6.66434252602,3.));
#4048 = CARTESIAN_POINT('',(-35.47360692793,-6.820434416113,3.));
#4049 = CARTESIAN_POINT('',(-35.88800574832,-6.913685281375,3.));
#4050 = CARTESIAN_POINT('',(-36.30644604005,-6.988238946134,3.));
#4051 = CARTESIAN_POINT('',(-36.7278718405,-7.044127265134,3.));
#4052 = CARTESIAN_POINT('',(-37.15126030152,-7.081375765193,3.));
#4053 = CARTESIAN_POINT('',(-37.57562179192,-7.099999682513,3.));
#4054 = CARTESIAN_POINT('',(-38.42437820807,-7.099999682513,3.));
#4055 = CARTESIAN_POINT('',(-38.84873969847,-7.081375765193,3.));
#4056 = CARTESIAN_POINT('',(-39.27212815949,-7.044127265134,3.));
#4057 = CARTESIAN_POINT('',(-39.69355395994,-6.988238946134,3.));
#4058 = CARTESIAN_POINT('',(-40.11199425167,-6.913685281375,3.));
#4059 = CARTESIAN_POINT('',(-40.52639307206,-6.820434416114,3.));
#4060 = CARTESIAN_POINT('',(-41.09687086773,-6.664342526021,3.));
#4061 = CARTESIAN_POINT('',(-41.2572814955,-6.617327293736,3.));
#4062 = CARTESIAN_POINT('',(-41.41682526292,-6.567404539233,3.));
#4063 = CARTESIAN_POINT('',(-41.57543218532,-6.514572825555,3.));
#4064 = CARTESIAN_POINT('',(-41.73303036032,-6.458831173069,3.));
#4065 = CARTESIAN_POINT('',(-41.88954596779,-6.400179059458,3.));
#4066 = CARTESIAN_POINT('',(-42.26604064988,-6.2509874852,3.));
#4067 = CARTESIAN_POINT('',(-42.4848297252,-6.157462328723,3.));
#4068 = CARTESIAN_POINT('',(-42.70105335134,-6.058040803541,3.));
#4069 = CARTESIAN_POINT('',(-42.91448285557,-5.952726738678,3.));
#4070 = CARTESIAN_POINT('',(-43.12487863558,-5.841529180963,3.));
#4071 = CARTESIAN_POINT('',(-43.33199075797,-5.724463637055,3.));
#4072 = CARTESIAN_POINT('',(-43.82716248375,-5.425490003626,3.));
#4073 = CARTESIAN_POINT('',(-44.11148607353,-5.237438572681,3.));
#4074 = CARTESIAN_POINT('',(-44.3877741964,-5.037465131436,3.));
#4075 = CARTESIAN_POINT('',(-44.65520475598,-4.825679834321,3.));
#4076 = CARTESIAN_POINT('',(-44.9129016547,-4.602251922051,3.));
#4077 = CARTESIAN_POINT('',(-45.15994675903,-4.367424762293,3.));
#4078 = CARTESIAN_POINT('',(-45.59996679826,-3.907877494449,3.));
#4079 = CARTESIAN_POINT('',(-45.79578069382,-3.685872338613,3.));
#4080 = CARTESIAN_POINT('',(-45.9822091046,-3.45574042971,3.));
#4081 = CARTESIAN_POINT('',(-46.15860473453,-3.217764094871,3.));
#4082 = CARTESIAN_POINT('',(-46.32431280945,-2.972294134689,3.));
#4083 = CARTESIAN_POINT('',(-46.47868644808,-2.719760976438,3.));
#4084 = CARTESIAN_POINT('',(-46.69918806975,-2.318635915173,3.));
#4085 = CARTESIAN_POINT('',(-46.77367982279,-2.174618525255,3.));
#4086 = CARTESIAN_POINT('',(-46.84447479457,-2.028719735106,3.));
#4087 = CARTESIAN_POINT('',(-46.91147350229,-1.881032693249,3.));
#4088 = CARTESIAN_POINT('',(-46.97458052818,-1.731658082384,3.));
#4089 = CARTESIAN_POINT('',(-47.03370556972,-1.580704582607,3.));
#4090 = CARTESIAN_POINT('',(-47.20411368824,-1.108977259066,3.));
#4091 = CARTESIAN_POINT('',(-47.30163064354,-0.783210689312,3.));
#4092 = CARTESIAN_POINT('',(-47.38051487993,-0.452117516787,3.));
#4093 = CARTESIAN_POINT('',(-47.4401381372,-0.116909528843,3.));
#4094 = CARTESIAN_POINT('',(-47.48004887586,0.221117513222,3.));
#4095 = CARTESIAN_POINT('',(-47.5000000289,0.560580170907,3.));
#4096 = CARTESIAN_POINT('',(-47.50000008723,1.137641455153,3.));
#4097 = CARTESIAN_POINT('',(-47.49021988487,1.375290489763,3.));
#4098 = CARTESIAN_POINT('',(-47.47065927896,1.612452899412,3.));
#4099 = CARTESIAN_POINT('',(-47.44137476499,1.84865032439,3.));
#4100 = CARTESIAN_POINT('',(-47.40247595837,2.083419969,3.));
#4101 = CARTESIAN_POINT('',(-47.35412210487,2.31631432085,3.));
#4102 = CARTESIAN_POINT('',(-47.23257435138,2.802870313762,3.));
#4103 = CARTESIAN_POINT('',(-47.15722781784,3.056011644774,3.));
#4104 = CARTESIAN_POINT('',(-47.0707596416,3.305736331419,3.));
#4105 = CARTESIAN_POINT('',(-46.97350962086,3.551515344561,3.));
#4106 = CARTESIAN_POINT('',(-46.86586471772,3.792874645136,3.));
#4107 = CARTESIAN_POINT('',(-46.748247075,4.029390671585,3.));
#4108 = CARTESIAN_POINT('',(-46.47868644808,4.519760976436,3.));
#4109 = CARTESIAN_POINT('',(-46.32431280945,4.772294134687,3.));
#4110 = CARTESIAN_POINT('',(-46.15860473454,5.017764094869,3.));
#4111 = CARTESIAN_POINT('',(-45.9822091046,5.255740429709,3.));
#4112 = CARTESIAN_POINT('',(-45.79578069382,5.485872338612,3.));
#4113 = CARTESIAN_POINT('',(-45.59996679827,5.707877494447,3.));
#4114 = CARTESIAN_POINT('',(-45.15994675903,6.167424762291,3.));
#4115 = CARTESIAN_POINT('',(-44.9129016547,6.402251922049,3.));
#4116 = CARTESIAN_POINT('',(-44.65520475599,6.625679834319,3.));
#4117 = CARTESIAN_POINT('',(-44.3877741964,6.837465131434,3.));
#4118 = CARTESIAN_POINT('',(-44.11148607353,7.037438572679,3.));
#4119 = CARTESIAN_POINT('',(-43.82716248375,7.225490003625,3.));
#4120 = CARTESIAN_POINT('',(-43.33199075798,7.524463637054,3.));
#4121 = CARTESIAN_POINT('',(-43.12487863559,7.641529180962,3.));
#4122 = CARTESIAN_POINT('',(-42.91448285558,7.752726738677,3.));
#4123 = CARTESIAN_POINT('',(-42.70105335134,7.85804080354,3.));
#4124 = CARTESIAN_POINT('',(-42.48482972521,7.957462328722,3.));
#4125 = CARTESIAN_POINT('',(-42.26604064988,8.050987485199,3.));
#4126 = CARTESIAN_POINT('',(-41.88954596779,8.200179059457,3.));
#4127 = CARTESIAN_POINT('',(-41.73303036032,8.258831173068,3.));
#4128 = CARTESIAN_POINT('',(-41.57543218532,8.314572825555,3.));
#4129 = CARTESIAN_POINT('',(-41.41682526292,8.367404539232,3.));
#4130 = CARTESIAN_POINT('',(-41.2572814955,8.417327293736,3.));
#4131 = CARTESIAN_POINT('',(-41.09687086774,8.46434252602,3.));
#4132 = CARTESIAN_POINT('',(-40.52639307206,8.620434416113,3.));
#4133 = CARTESIAN_POINT('',(-40.11199425167,8.713685281375,3.));
#4134 = CARTESIAN_POINT('',(-39.69355395995,8.788238946133,3.));
#4135 = CARTESIAN_POINT('',(-39.27212815949,8.844127265134,3.));
#4136 = CARTESIAN_POINT('',(-38.84873969847,8.881375765193,3.));
#4137 = CARTESIAN_POINT('',(-38.42437820807,8.899999682513,3.));
#4138 = CARTESIAN_POINT('',(-37.57562179193,8.899999682513,3.));
#4139 = CARTESIAN_POINT('',(-37.15126030152,8.881375765193,3.));
#4140 = CARTESIAN_POINT('',(-36.7278718405,8.844127265134,3.));
#4141 = CARTESIAN_POINT('',(-36.30644604005,8.788238946134,3.));
#4142 = CARTESIAN_POINT('',(-35.88800574832,8.713685281375,3.));
#4143 = CARTESIAN_POINT('',(-35.47360692793,8.620434416114,3.));
#4144 = CARTESIAN_POINT('',(-34.90312913226,8.464342526021,3.));
#4145 = CARTESIAN_POINT('',(-34.74271850449,8.417327293736,3.));
#4146 = CARTESIAN_POINT('',(-34.58317473708,8.367404539233,3.));
#4147 = CARTESIAN_POINT('',(-34.42456781467,8.314572825555,3.));
#4148 = CARTESIAN_POINT('',(-34.26696963967,8.258831173069,3.));
#4149 = CARTESIAN_POINT('',(-34.1104540322,8.200179059458,3.));
#4150 = CARTESIAN_POINT('',(-33.73395935011,8.0509874852,3.));
#4151 = CARTESIAN_POINT('',(-33.51517027479,7.957462328723,3.));
#4152 = CARTESIAN_POINT('',(-33.29894664865,7.858040803541,3.));
#4153 = CARTESIAN_POINT('',(-33.08551714442,7.752726738678,3.));
#4154 = CARTESIAN_POINT('',(-32.87512136441,7.641529180963,3.));
#4155 = CARTESIAN_POINT('',(-32.66800924202,7.524463637055,3.));
#4156 = CARTESIAN_POINT('',(-32.17283751624,7.225490003626,3.));
#4157 = CARTESIAN_POINT('',(-31.88851392646,7.03743857268,3.));
#4158 = CARTESIAN_POINT('',(-31.61222580359,6.837465131435,3.));
#4159 = CARTESIAN_POINT('',(-31.34479524401,6.625679834321,3.));
#4160 = CARTESIAN_POINT('',(-31.08709834529,6.402251922051,3.));
#4161 = CARTESIAN_POINT('',(-30.84005324096,6.167424762292,3.));
#4162 = CARTESIAN_POINT('',(-30.40518112148,5.713253837913,3.));
#4163 = CARTESIAN_POINT('',(-30.21407978959,5.497040172708,3.));
#4164 = CARTESIAN_POINT('',(-30.03188265118,5.273098223946,3.));
#4165 = CARTESIAN_POINT('',(-29.8591887501,5.041688151077,3.));
#4166 = CARTESIAN_POINT('',(-29.69660423903,4.803131757906,3.));
#4167 = CARTESIAN_POINT('',(-29.54472895608,4.557822306739,3.));
#4168 = CARTESIAN_POINT('',(-29.15581641982,3.861837933359,3.));
#4169 = CARTESIAN_POINT('',(-28.94259684578,3.397647578479,3.));
#4170 = CARTESIAN_POINT('',(-28.76789913833,2.916554871104,3.));
#4171 = CARTESIAN_POINT('',(-28.63458108109,2.421975853986,3.));
#4172 = CARTESIAN_POINT('',(-28.54483103615,1.917873223821,3.));
#4173 = CARTESIAN_POINT('',(-28.49999994114,1.408794644812,3.));
#4174 = CARTESIAN_POINT('',(-28.5,0.9,3.));
#4175 = PCURVE('',#3003,#4176);
#4176 = DEFINITIONAL_REPRESENTATION('',(#4177),#4336);
#4177 = B_SPLINE_CURVE_WITH_KNOTS('',7,(#4178,#4179,#4180,#4181,#4182,
    #4183,#4184,#4185,#4186,#4187,#4188,#4189,#4190,#4191,#4192,#4193,
    #4194,#4195,#4196,#4197,#4198,#4199,#4200,#4201,#4202,#4203,#4204,
    #4205,#4206,#4207,#4208,#4209,#4210,#4211,#4212,#4213,#4214,#4215,
    #4216,#4217,#4218,#4219,#4220,#4221,#4222,#4223,#4224,#4225,#4226,
    #4227,#4228,#4229,#4230,#4231,#4232,#4233,#4234,#4235,#4236,#4237,
    #4238,#4239,#4240,#4241,#4242,#4243,#4244,#4245,#4246,#4247,#4248,
    #4249,#4250,#4251,#4252,#4253,#4254,#4255,#4256,#4257,#4258,#4259,
    #4260,#4261,#4262,#4263,#4264,#4265,#4266,#4267,#4268,#4269,#4270,
    #4271,#4272,#4273,#4274,#4275,#4276,#4277,#4278,#4279,#4280,#4281,
    #4282,#4283,#4284,#4285,#4286,#4287,#4288,#4289,#4290,#4291,#4292,
    #4293,#4294,#4295,#4296,#4297,#4298,#4299,#4300,#4301,#4302,#4303,
    #4304,#4305,#4306,#4307,#4308,#4309,#4310,#4311,#4312,#4313,#4314,
    #4315,#4316,#4317,#4318,#4319,#4320,#4321,#4322,#4323,#4324,#4325,
    #4326,#4327,#4328,#4329,#4330,#4331,#4332,#4333,#4334,#4335),
  .UNSPECIFIED.,.F.,.F.,(8,6,6,6,6,6,6,6,6,6,6,6,6,6,6,6,6,6,6,6,6,6,6,6
    ,6,6,8),(0.,6.474657112248E-02,0.101401827147,0.144677393014,
    0.174888204734,0.196112428497,0.249995159311,0.303877890126,
    0.325102113889,0.355312925609,0.398588491476,0.43618994392,
    0.45680666984,0.499999002086,0.530239688552,0.563809271847,
    0.601410791895,0.644686435567,0.674897301604,0.696121563527,
    0.750004391218,0.803887218909,0.825111480832,0.855322346868,
    0.898597990541,0.935253312469,1.),.UNSPECIFIED.);
#4178 = CARTESIAN_POINT('',(6.28318530718,-3.));
#4179 = CARTESIAN_POINT('',(6.219585971979,-3.));
#4180 = CARTESIAN_POINT('',(6.155951181177,-3.));
#4181 = CARTESIAN_POINT('',(6.092518060482,-3.));
#4182 = CARTESIAN_POINT('',(6.029433350912,-3.));
#4183 = CARTESIAN_POINT('',(5.96681258318,-3.));
#4184 = CARTESIAN_POINT('',(5.904754782329,-3.));
#4185 = CARTESIAN_POINT('',(5.808605964629,-3.));
#4186 = CARTESIAN_POINT('',(5.774053813108,-3.));
#4187 = CARTESIAN_POINT('',(5.739716779882,-3.));
#4188 = CARTESIAN_POINT('',(5.705601478971,-3.));
#4189 = CARTESIAN_POINT('',(5.67171088035,-3.));
#4190 = CARTESIAN_POINT('',(5.638044950677,-3.));
#4191 = CARTESIAN_POINT('',(5.565117374803,-3.));
#4192 = CARTESIAN_POINT('',(5.525943972051,-3.));
#4193 = CARTESIAN_POINT('',(5.487075333375,-3.));
#4194 = CARTESIAN_POINT('',(5.44850260016,-3.));
#4195 = CARTESIAN_POINT('',(5.410213791946,-3.));
#4196 = CARTESIAN_POINT('',(5.372193790817,-3.));
#4197 = CARTESIAN_POINT('',(5.308057340785,-3.));
#4198 = CARTESIAN_POINT('',(5.281812951144,-3.));
#4199 = CARTESIAN_POINT('',(5.255685112469,-3.));
#4200 = CARTESIAN_POINT('',(5.229667654748,-3.));
#4201 = CARTESIAN_POINT('',(5.203754185638,-3.));
#4202 = CARTESIAN_POINT('',(5.177937993743,-3.));
#4203 = CARTESIAN_POINT('',(5.134138446483,-3.));
#4204 = CARTESIAN_POINT('',(5.116109506621,-3.));
#4205 = CARTESIAN_POINT('',(5.098122728974,-3.));
#4206 = CARTESIAN_POINT('',(5.080175683692,-3.));
#4207 = CARTESIAN_POINT('',(5.062265914407,-3.));
#4208 = CARTESIAN_POINT('',(5.044390938228,-3.));
#4209 = CARTESIAN_POINT('',(4.981250334881,-3.));
#4210 = CARTESIAN_POINT('',(4.936162362718,-3.));
#4211 = CARTESIAN_POINT('',(4.891240197885,-3.));
#4212 = CARTESIAN_POINT('',(4.84644279423,-3.));
#4213 = CARTESIAN_POINT('',(4.801730000977,-3.));
#4214 = CARTESIAN_POINT('',(4.757060372881,-3.));
#4215 = CARTESIAN_POINT('',(4.667717587889,-3.));
#4216 = CARTESIAN_POINT('',(4.623047959793,-3.));
#4217 = CARTESIAN_POINT('',(4.578335166539,-3.));
#4218 = CARTESIAN_POINT('',(4.533537762885,-3.));
#4219 = CARTESIAN_POINT('',(4.488615598052,-3.));
#4220 = CARTESIAN_POINT('',(4.443527625889,-3.));
#4221 = CARTESIAN_POINT('',(4.380387022541,-3.));
#4222 = CARTESIAN_POINT('',(4.362512046362,-3.));
#4223 = CARTESIAN_POINT('',(4.344602277077,-3.));
#4224 = CARTESIAN_POINT('',(4.326655231796,-3.));
#4225 = CARTESIAN_POINT('',(4.308668454148,-3.));
#4226 = CARTESIAN_POINT('',(4.290639514286,-3.));
#4227 = CARTESIAN_POINT('',(4.246839967026,-3.));
#4228 = CARTESIAN_POINT('',(4.221023775132,-3.));
#4229 = CARTESIAN_POINT('',(4.195110306022,-3.));
#4230 = CARTESIAN_POINT('',(4.1690928483,-3.));
#4231 = CARTESIAN_POINT('',(4.142965009625,-3.));
#4232 = CARTESIAN_POINT('',(4.116720619985,-3.));
#4233 = CARTESIAN_POINT('',(4.052584169952,-3.));
#4234 = CARTESIAN_POINT('',(4.014564168823,-3.));
#4235 = CARTESIAN_POINT('',(3.976275360609,-3.));
#4236 = CARTESIAN_POINT('',(3.937702627395,-3.));
#4237 = CARTESIAN_POINT('',(3.898833988719,-3.));
#4238 = CARTESIAN_POINT('',(3.859660585967,-3.));
#4239 = CARTESIAN_POINT('',(3.785869715939,-3.));
#4240 = CARTESIAN_POINT('',(3.751328846325,-3.));
#4241 = CARTESIAN_POINT('',(3.716551500989,-3.));
#4242 = CARTESIAN_POINT('',(3.681537714236,-3.));
#4243 = CARTESIAN_POINT('',(3.646290850784,-3.));
#4244 = CARTESIAN_POINT('',(3.610818344942,-3.));
#4245 = CARTESIAN_POINT('',(3.555566000778,-3.));
#4246 = CARTESIAN_POINT('',(3.535935314163,-3.));
#4247 = CARTESIAN_POINT('',(3.516242449901,-3.));
#4248 = CARTESIAN_POINT('',(3.496489769117,-3.));
#4249 = CARTESIAN_POINT('',(3.476679998227,-3.));
#4250 = CARTESIAN_POINT('',(3.456816303068,-3.));
#4251 = CARTESIAN_POINT('',(3.395182377133,-3.));
#4252 = CARTESIAN_POINT('',(3.353236830356,-3.));
#4253 = CARTESIAN_POINT('',(3.311106421435,-3.));
#4254 = CARTESIAN_POINT('',(3.268831119554,-3.));
#4255 = CARTESIAN_POINT('',(3.226452947465,-3.));
#4256 = CARTESIAN_POINT('',(3.184020136516,-3.));
#4257 = CARTESIAN_POINT('',(3.11188746885,-3.));
#4258 = CARTESIAN_POINT('',(3.0821813496,-3.));
#4259 = CARTESIAN_POINT('',(3.052493222442,-3.));
#4260 = CARTESIAN_POINT('',(3.022840099735,-3.));
#4261 = CARTESIAN_POINT('',(2.993237811507,-3.));
#4262 = CARTESIAN_POINT('',(2.963701737372,-3.));
#4263 = CARTESIAN_POINT('',(2.901551019308,-3.));
#4264 = CARTESIAN_POINT('',(2.868953412199,-3.));
#4265 = CARTESIAN_POINT('',(2.836475548318,-3.));
#4266 = CARTESIAN_POINT('',(2.804134120887,-3.));
#4267 = CARTESIAN_POINT('',(2.771942615991,-3.));
#4268 = CARTESIAN_POINT('',(2.7399122434,-3.));
#4269 = CARTESIAN_POINT('',(2.672366962238,-3.));
#4270 = CARTESIAN_POINT('',(2.636894456396,-3.));
#4271 = CARTESIAN_POINT('',(2.601647592944,-3.));
#4272 = CARTESIAN_POINT('',(2.566633806191,-3.));
#4273 = CARTESIAN_POINT('',(2.531856460855,-3.));
#4274 = CARTESIAN_POINT('',(2.497315591241,-3.));
#4275 = CARTESIAN_POINT('',(2.423524721213,-3.));
#4276 = CARTESIAN_POINT('',(2.384351318461,-3.));
#4277 = CARTESIAN_POINT('',(2.345482679785,-3.));
#4278 = CARTESIAN_POINT('',(2.30690994657,-3.));
#4279 = CARTESIAN_POINT('',(2.268621138357,-3.));
#4280 = CARTESIAN_POINT('',(2.230601137228,-3.));
#4281 = CARTESIAN_POINT('',(2.166464687195,-3.));
#4282 = CARTESIAN_POINT('',(2.140220297555,-3.));
#4283 = CARTESIAN_POINT('',(2.11409245888,-3.));
#4284 = CARTESIAN_POINT('',(2.088075001158,-3.));
#4285 = CARTESIAN_POINT('',(2.062161532048,-3.));
#4286 = CARTESIAN_POINT('',(2.036345340153,-3.));
#4287 = CARTESIAN_POINT('',(1.992545792893,-3.));
#4288 = CARTESIAN_POINT('',(1.974516853031,-3.));
#4289 = CARTESIAN_POINT('',(1.956530075384,-3.));
#4290 = CARTESIAN_POINT('',(1.938583030103,-3.));
#4291 = CARTESIAN_POINT('',(1.920673260818,-3.));
#4292 = CARTESIAN_POINT('',(1.902798284639,-3.));
#4293 = CARTESIAN_POINT('',(1.839657681291,-3.));
#4294 = CARTESIAN_POINT('',(1.794569709128,-3.));
#4295 = CARTESIAN_POINT('',(1.749647544295,-3.));
#4296 = CARTESIAN_POINT('',(1.70485014064,-3.));
#4297 = CARTESIAN_POINT('',(1.660137347387,-3.));
#4298 = CARTESIAN_POINT('',(1.615467719291,-3.));
#4299 = CARTESIAN_POINT('',(1.526124934299,-3.));
#4300 = CARTESIAN_POINT('',(1.481455306203,-3.));
#4301 = CARTESIAN_POINT('',(1.43674251295,-3.));
#4302 = CARTESIAN_POINT('',(1.391945109295,-3.));
#4303 = CARTESIAN_POINT('',(1.347022944462,-3.));
#4304 = CARTESIAN_POINT('',(1.301934972299,-3.));
#4305 = CARTESIAN_POINT('',(1.238794368951,-3.));
#4306 = CARTESIAN_POINT('',(1.220919392772,-3.));
#4307 = CARTESIAN_POINT('',(1.203009623487,-3.));
#4308 = CARTESIAN_POINT('',(1.185062578206,-3.));
#4309 = CARTESIAN_POINT('',(1.167075800559,-3.));
#4310 = CARTESIAN_POINT('',(1.149046860697,-3.));
#4311 = CARTESIAN_POINT('',(1.105247313437,-3.));
#4312 = CARTESIAN_POINT('',(1.079431121542,-3.));
#4313 = CARTESIAN_POINT('',(1.053517652432,-3.));
#4314 = CARTESIAN_POINT('',(1.027500194711,-3.));
#4315 = CARTESIAN_POINT('',(1.001372356035,-3.));
#4316 = CARTESIAN_POINT('',(0.975127966395,-3.));
#4317 = CARTESIAN_POINT('',(0.910991516362,-3.));
#4318 = CARTESIAN_POINT('',(0.872971515233,-3.));
#4319 = CARTESIAN_POINT('',(0.83468270702,-3.));
#4320 = CARTESIAN_POINT('',(0.796109973805,-3.));
#4321 = CARTESIAN_POINT('',(0.757241335129,-3.));
#4322 = CARTESIAN_POINT('',(0.718067932377,-3.));
#4323 = CARTESIAN_POINT('',(0.645140356502,-3.));
#4324 = CARTESIAN_POINT('',(0.61147442683,-3.));
#4325 = CARTESIAN_POINT('',(0.577583828209,-3.));
#4326 = CARTESIAN_POINT('',(0.543468527297,-3.));
#4327 = CARTESIAN_POINT('',(0.509131494072,-3.));
#4328 = CARTESIAN_POINT('',(0.47457934255,-3.));
#4329 = CARTESIAN_POINT('',(0.378430524851,-3.));
#4330 = CARTESIAN_POINT('',(0.316372723999,-3.));
#4331 = CARTESIAN_POINT('',(0.253751956268,-3.));
#4332 = CARTESIAN_POINT('',(0.190667246698,-3.));
#4333 = CARTESIAN_POINT('',(0.127234126002,-3.));
#4334 = CARTESIAN_POINT('',(6.359933520071E-02,-3.));
#4335 = CARTESIAN_POINT('',(0.,-3.));
#4336 = ( GEOMETRIC_REPRESENTATION_CONTEXT(2) 
PARAMETRIC_REPRESENTATION_CONTEXT() REPRESENTATION_CONTEXT('2D SPACE',''
  ) );
#4337 = PCURVE('',#4338,#4343);
#4338 = PLANE('',#4339);
#4339 = AXIS2_PLACEMENT_3D('',#4340,#4341,#4342);
#4340 = CARTESIAN_POINT('',(-1.568726706104E-19,-2.879505121058E-15,3.)
  );
#4341 = DIRECTION('',(0.,0.,1.));
#4342 = DIRECTION('',(1.,0.,0.));
#4343 = DEFINITIONAL_REPRESENTATION('',(#4344),#4503);
#4344 = B_SPLINE_CURVE_WITH_KNOTS('',7,(#4345,#4346,#4347,#4348,#4349,
    #4350,#4351,#4352,#4353,#4354,#4355,#4356,#4357,#4358,#4359,#4360,
    #4361,#4362,#4363,#4364,#4365,#4366,#4367,#4368,#4369,#4370,#4371,
    #4372,#4373,#4374,#4375,#4376,#4377,#4378,#4379,#4380,#4381,#4382,
    #4383,#4384,#4385,#4386,#4387,#4388,#4389,#4390,#4391,#4392,#4393,
    #4394,#4395,#4396,#4397,#4398,#4399,#4400,#4401,#4402,#4403,#4404,
    #4405,#4406,#4407,#4408,#4409,#4410,#4411,#4412,#4413,#4414,#4415,
    #4416,#4417,#4418,#4419,#4420,#4421,#4422,#4423,#4424,#4425,#4426,
    #4427,#4428,#4429,#4430,#4431,#4432,#4433,#4434,#4435,#4436,#4437,
    #4438,#4439,#4440,#4441,#4442,#4443,#4444,#4445,#4446,#4447,#4448,
    #4449,#4450,#4451,#4452,#4453,#4454,#4455,#4456,#4457,#4458,#4459,
    #4460,#4461,#4462,#4463,#4464,#4465,#4466,#4467,#4468,#4469,#4470,
    #4471,#4472,#4473,#4474,#4475,#4476,#4477,#4478,#4479,#4480,#4481,
    #4482,#4483,#4484,#4485,#4486,#4487,#4488,#4489,#4490,#4491,#4492,
    #4493,#4494,#4495,#4496,#4497,#4498,#4499,#4500,#4501,#4502),
  .UNSPECIFIED.,.F.,.F.,(8,6,6,6,6,6,6,6,6,6,6,6,6,6,6,6,6,6,6,6,6,6,6,6
    ,6,6,8),(0.,6.474657112248E-02,0.101401827147,0.144677393014,
    0.174888204734,0.196112428497,0.249995159311,0.303877890126,
    0.325102113889,0.355312925609,0.398588491476,0.43618994392,
    0.45680666984,0.499999002086,0.530239688552,0.563809271847,
    0.601410791895,0.644686435567,0.674897301604,0.696121563527,
    0.750004391218,0.803887218909,0.825111480832,0.855322346868,
    0.898597990541,0.935253312469,1.),.UNSPECIFIED.);
#4345 = CARTESIAN_POINT('',(-28.5,0.9));
#4346 = CARTESIAN_POINT('',(-28.49999994114,0.391205355191));
#4347 = CARTESIAN_POINT('',(-28.54483103616,-0.117873223832));
#4348 = CARTESIAN_POINT('',(-28.63458108107,-0.621975853967));
#4349 = CARTESIAN_POINT('',(-28.76789913835,-1.11655487112));
#4350 = CARTESIAN_POINT('',(-28.94259684577,-1.597647578469));
#4351 = CARTESIAN_POINT('',(-29.15581641982,-2.06183793336));
#4352 = CARTESIAN_POINT('',(-29.54472895608,-2.757822306738));
#4353 = CARTESIAN_POINT('',(-29.69660423902,-3.003131757905));
#4354 = CARTESIAN_POINT('',(-29.8591887501,-3.241688151076));
#4355 = CARTESIAN_POINT('',(-30.03188265118,-3.473098223946));
#4356 = CARTESIAN_POINT('',(-30.21407978959,-3.697040172707));
#4357 = CARTESIAN_POINT('',(-30.40518112148,-3.913253837912));
#4358 = CARTESIAN_POINT('',(-30.84005324096,-4.367424762291));
#4359 = CARTESIAN_POINT('',(-31.08709834529,-4.60225192205));
#4360 = CARTESIAN_POINT('',(-31.34479524401,-4.82567983432));
#4361 = CARTESIAN_POINT('',(-31.61222580359,-5.037465131434));
#4362 = CARTESIAN_POINT('',(-31.88851392646,-5.237438572679));
#4363 = CARTESIAN_POINT('',(-32.17283751624,-5.425490003625));
#4364 = CARTESIAN_POINT('',(-32.66800924201,-5.724463637055));
#4365 = CARTESIAN_POINT('',(-32.8751213644,-5.841529180963));
#4366 = CARTESIAN_POINT('',(-33.08551714442,-5.952726738677));
#4367 = CARTESIAN_POINT('',(-33.29894664865,-6.05804080354));
#4368 = CARTESIAN_POINT('',(-33.51517027479,-6.157462328722));
#4369 = CARTESIAN_POINT('',(-33.73395935011,-6.250987485199));
#4370 = CARTESIAN_POINT('',(-34.1104540322,-6.400179059457));
#4371 = CARTESIAN_POINT('',(-34.26696963967,-6.458831173068));
#4372 = CARTESIAN_POINT('',(-34.42456781467,-6.514572825555));
#4373 = CARTESIAN_POINT('',(-34.58317473707,-6.567404539232));
#4374 = CARTESIAN_POINT('',(-34.74271850449,-6.617327293736));
#4375 = CARTESIAN_POINT('',(-34.90312913226,-6.66434252602));
#4376 = CARTESIAN_POINT('',(-35.47360692793,-6.820434416113));
#4377 = CARTESIAN_POINT('',(-35.88800574832,-6.913685281375));
#4378 = CARTESIAN_POINT('',(-36.30644604005,-6.988238946134));
#4379 = CARTESIAN_POINT('',(-36.7278718405,-7.044127265134));
#4380 = CARTESIAN_POINT('',(-37.15126030152,-7.081375765193));
#4381 = CARTESIAN_POINT('',(-37.57562179192,-7.099999682513));
#4382 = CARTESIAN_POINT('',(-38.42437820807,-7.099999682513));
#4383 = CARTESIAN_POINT('',(-38.84873969847,-7.081375765193));
#4384 = CARTESIAN_POINT('',(-39.27212815949,-7.044127265134));
#4385 = CARTESIAN_POINT('',(-39.69355395994,-6.988238946134));
#4386 = CARTESIAN_POINT('',(-40.11199425167,-6.913685281375));
#4387 = CARTESIAN_POINT('',(-40.52639307206,-6.820434416114));
#4388 = CARTESIAN_POINT('',(-41.09687086773,-6.664342526021));
#4389 = CARTESIAN_POINT('',(-41.2572814955,-6.617327293736));
#4390 = CARTESIAN_POINT('',(-41.41682526292,-6.567404539233));
#4391 = CARTESIAN_POINT('',(-41.57543218532,-6.514572825555));
#4392 = CARTESIAN_POINT('',(-41.73303036032,-6.458831173069));
#4393 = CARTESIAN_POINT('',(-41.88954596779,-6.400179059458));
#4394 = CARTESIAN_POINT('',(-42.26604064988,-6.2509874852));
#4395 = CARTESIAN_POINT('',(-42.4848297252,-6.157462328723));
#4396 = CARTESIAN_POINT('',(-42.70105335134,-6.058040803541));
#4397 = CARTESIAN_POINT('',(-42.91448285557,-5.952726738678));
#4398 = CARTESIAN_POINT('',(-43.12487863558,-5.841529180963));
#4399 = CARTESIAN_POINT('',(-43.33199075797,-5.724463637055));
#4400 = CARTESIAN_POINT('',(-43.82716248375,-5.425490003626));
#4401 = CARTESIAN_POINT('',(-44.11148607353,-5.237438572681));
#4402 = CARTESIAN_POINT('',(-44.3877741964,-5.037465131436));
#4403 = CARTESIAN_POINT('',(-44.65520475598,-4.825679834321));
#4404 = CARTESIAN_POINT('',(-44.9129016547,-4.602251922051));
#4405 = CARTESIAN_POINT('',(-45.15994675903,-4.367424762293));
#4406 = CARTESIAN_POINT('',(-45.59996679826,-3.907877494449));
#4407 = CARTESIAN_POINT('',(-45.79578069382,-3.685872338613));
#4408 = CARTESIAN_POINT('',(-45.9822091046,-3.45574042971));
#4409 = CARTESIAN_POINT('',(-46.15860473453,-3.217764094871));
#4410 = CARTESIAN_POINT('',(-46.32431280945,-2.972294134689));
#4411 = CARTESIAN_POINT('',(-46.47868644808,-2.719760976438));
#4412 = CARTESIAN_POINT('',(-46.69918806975,-2.318635915173));
#4413 = CARTESIAN_POINT('',(-46.77367982279,-2.174618525255));
#4414 = CARTESIAN_POINT('',(-46.84447479457,-2.028719735106));
#4415 = CARTESIAN_POINT('',(-46.91147350229,-1.881032693249));
#4416 = CARTESIAN_POINT('',(-46.97458052818,-1.731658082384));
#4417 = CARTESIAN_POINT('',(-47.03370556972,-1.580704582607));
#4418 = CARTESIAN_POINT('',(-47.20411368824,-1.108977259066));
#4419 = CARTESIAN_POINT('',(-47.30163064354,-0.783210689312));
#4420 = CARTESIAN_POINT('',(-47.38051487993,-0.452117516787));
#4421 = CARTESIAN_POINT('',(-47.4401381372,-0.116909528843));
#4422 = CARTESIAN_POINT('',(-47.48004887586,0.221117513222));
#4423 = CARTESIAN_POINT('',(-47.5000000289,0.560580170907));
#4424 = CARTESIAN_POINT('',(-47.50000008723,1.137641455153));
#4425 = CARTESIAN_POINT('',(-47.49021988487,1.375290489763));
#4426 = CARTESIAN_POINT('',(-47.47065927896,1.612452899412));
#4427 = CARTESIAN_POINT('',(-47.44137476499,1.84865032439));
#4428 = CARTESIAN_POINT('',(-47.40247595837,2.083419969));
#4429 = CARTESIAN_POINT('',(-47.35412210487,2.31631432085));
#4430 = CARTESIAN_POINT('',(-47.23257435138,2.802870313762));
#4431 = CARTESIAN_POINT('',(-47.15722781784,3.056011644774));
#4432 = CARTESIAN_POINT('',(-47.0707596416,3.305736331419));
#4433 = CARTESIAN_POINT('',(-46.97350962086,3.551515344561));
#4434 = CARTESIAN_POINT('',(-46.86586471772,3.792874645136));
#4435 = CARTESIAN_POINT('',(-46.748247075,4.029390671585));
#4436 = CARTESIAN_POINT('',(-46.47868644808,4.519760976436));
#4437 = CARTESIAN_POINT('',(-46.32431280945,4.772294134687));
#4438 = CARTESIAN_POINT('',(-46.15860473454,5.017764094869));
#4439 = CARTESIAN_POINT('',(-45.9822091046,5.255740429709));
#4440 = CARTESIAN_POINT('',(-45.79578069382,5.485872338612));
#4441 = CARTESIAN_POINT('',(-45.59996679827,5.707877494447));
#4442 = CARTESIAN_POINT('',(-45.15994675903,6.167424762291));
#4443 = CARTESIAN_POINT('',(-44.9129016547,6.402251922049));
#4444 = CARTESIAN_POINT('',(-44.65520475599,6.625679834319));
#4445 = CARTESIAN_POINT('',(-44.3877741964,6.837465131434));
#4446 = CARTESIAN_POINT('',(-44.11148607353,7.037438572679));
#4447 = CARTESIAN_POINT('',(-43.82716248375,7.225490003625));
#4448 = CARTESIAN_POINT('',(-43.33199075798,7.524463637054));
#4449 = CARTESIAN_POINT('',(-43.12487863559,7.641529180962));
#4450 = CARTESIAN_POINT('',(-42.91448285558,7.752726738677));
#4451 = CARTESIAN_POINT('',(-42.70105335134,7.85804080354));
#4452 = CARTESIAN_POINT('',(-42.48482972521,7.957462328722));
#4453 = CARTESIAN_POINT('',(-42.26604064988,8.050987485199));
#4454 = CARTESIAN_POINT('',(-41.88954596779,8.200179059457));
#4455 = CARTESIAN_POINT('',(-41.73303036032,8.258831173068));
#4456 = CARTESIAN_POINT('',(-41.57543218532,8.314572825555));
#4457 = CARTESIAN_POINT('',(-41.41682526292,8.367404539232));
#4458 = CARTESIAN_POINT('',(-41.2572814955,8.417327293736));
#4459 = CARTESIAN_POINT('',(-41.09687086774,8.46434252602));
#4460 = CARTESIAN_POINT('',(-40.52639307206,8.620434416113));
#4461 = CARTESIAN_POINT('',(-40.11199425167,8.713685281375));
#4462 = CARTESIAN_POINT('',(-39.69355395995,8.788238946134));
#4463 = CARTESIAN_POINT('',(-39.27212815949,8.844127265134));
#4464 = CARTESIAN_POINT('',(-38.84873969847,8.881375765193));
#4465 = CARTESIAN_POINT('',(-38.42437820807,8.899999682513));
#4466 = CARTESIAN_POINT('',(-37.57562179193,8.899999682513));
#4467 = CARTESIAN_POINT('',(-37.15126030152,8.881375765193));
#4468 = CARTESIAN_POINT('',(-36.7278718405,8.844127265134));
#4469 = CARTESIAN_POINT('',(-36.30644604005,8.788238946134));
#4470 = CARTESIAN_POINT('',(-35.88800574832,8.713685281375));
#4471 = CARTESIAN_POINT('',(-35.47360692793,8.620434416114));
#4472 = CARTESIAN_POINT('',(-34.90312913226,8.464342526021));
#4473 = CARTESIAN_POINT('',(-34.74271850449,8.417327293736));
#4474 = CARTESIAN_POINT('',(-34.58317473708,8.367404539233));
#4475 = CARTESIAN_POINT('',(-34.42456781467,8.314572825555));
#4476 = CARTESIAN_POINT('',(-34.26696963967,8.258831173069));
#4477 = CARTESIAN_POINT('',(-34.1104540322,8.200179059458));
#4478 = CARTESIAN_POINT('',(-33.73395935011,8.0509874852));
#4479 = CARTESIAN_POINT('',(-33.51517027479,7.957462328723));
#4480 = CARTESIAN_POINT('',(-33.29894664865,7.858040803541));
#4481 = CARTESIAN_POINT('',(-33.08551714442,7.752726738678));
#4482 = CARTESIAN_POINT('',(-32.87512136441,7.641529180963));
#4483 = CARTESIAN_POINT('',(-32.66800924202,7.524463637055));
#4484 = CARTESIAN_POINT('',(-32.17283751624,7.225490003626));
#4485 = CARTESIAN_POINT('',(-31.88851392646,7.03743857268));
#4486 = CARTESIAN_POINT('',(-31.61222580359,6.837465131435));
#4487 = CARTESIAN_POINT('',(-31.34479524401,6.625679834321));
#4488 = CARTESIAN_POINT('',(-31.08709834529,6.402251922051));
#4489 = CARTESIAN_POINT('',(-30.84005324096,6.167424762292));
#4490 = CARTESIAN_POINT('',(-30.40518112148,5.713253837913));
#4491 = CARTESIAN_POINT('',(-30.21407978959,5.497040172708));
#4492 = CARTESIAN_POINT('',(-30.03188265118,5.273098223946));
#4493 = CARTESIAN_POINT('',(-29.8591887501,5.041688151077));
#4494 = CARTESIAN_POINT('',(-29.69660423903,4.803131757906));
#4495 = CARTESIAN_POINT('',(-29.54472895608,4.557822306739));
#4496 = CARTESIAN_POINT('',(-29.15581641982,3.861837933359));
#4497 = CARTESIAN_POINT('',(-28.94259684578,3.397647578479));
#4498 = CARTESIAN_POINT('',(-28.76789913833,2.916554871104));
#4499 = CARTESIAN_POINT('',(-28.63458108109,2.421975853986));
#4500 = CARTESIAN_POINT('',(-28.54483103615,1.917873223821));
#4501 = CARTESIAN_POINT('',(-28.49999994114,1.408794644812));
#4502 = CARTESIAN_POINT('',(-28.5,0.9));
#4503 = ( GEOMETRIC_REPRESENTATION_CONTEXT(2) 
PARAMETRIC_REPRESENTATION_CONTEXT() REPRESENTATION_CONTEXT('2D SPACE',''
  ) );
#4504 = ORIENTED_EDGE('',*,*,#4505,.T.);
#4505 = EDGE_CURVE('',#4013,#2987,#4506,.T.);
#4506 = SEAM_CURVE('',#4507,(#4511,#4518),.PCURVE_S1.);
#4507 = LINE('',#4508,#4509);
#4508 = CARTESIAN_POINT('',(-28.5,0.9,0.));
#4509 = VECTOR('',#4510,1.);
#4510 = DIRECTION('',(0.,0.,1.));
#4511 = PCURVE('',#3003,#4512);
#4512 = DEFINITIONAL_REPRESENTATION('',(#4513),#4517);
#4513 = LINE('',#4514,#4515);
#4514 = CARTESIAN_POINT('',(6.28318530718,0.));
#4515 = VECTOR('',#4516,1.);
#4516 = DIRECTION('',(0.,-1.));
#4517 = ( GEOMETRIC_REPRESENTATION_CONTEXT(2) 
PARAMETRIC_REPRESENTATION_CONTEXT() REPRESENTATION_CONTEXT('2D SPACE',''
  ) );
#4518 = PCURVE('',#3003,#4519);
#4519 = DEFINITIONAL_REPRESENTATION('',(#4520),#4524);
#4520 = LINE('',#4521,#4522);
#4521 = CARTESIAN_POINT('',(0.,0.));
#4522 = VECTOR('',#4523,1.);
#4523 = DIRECTION('',(0.,-1.));
#4524 = ( GEOMETRIC_REPRESENTATION_CONTEXT(2) 
PARAMETRIC_REPRESENTATION_CONTEXT() REPRESENTATION_CONTEXT('2D SPACE',''
  ) );
#4525 = ORIENTED_EDGE('',*,*,#2986,.T.);
#4526 = ORIENTED_EDGE('',*,*,#4505,.F.);
#4527 = ADVANCED_FACE('',(#4528),#3041,.T.);
#4528 = FACE_BOUND('',#4529,.T.);
#4529 = EDGE_LOOP('',(#4530,#4553,#4580,#4581));
#4530 = ORIENTED_EDGE('',*,*,#4531,.T.);
#4531 = EDGE_CURVE('',#3025,#4532,#4534,.T.);
#4532 = VERTEX_POINT('',#4533);
#4533 = CARTESIAN_POINT('',(-51.5,13.5,19.5));
#4534 = SEAM_CURVE('',#4535,(#4539,#4546),.PCURVE_S1.);
#4535 = LINE('',#4536,#4537);
#4536 = CARTESIAN_POINT('',(-51.5,13.5,3.));
#4537 = VECTOR('',#4538,1.);
#4538 = DIRECTION('',(0.,0.,1.));
#4539 = PCURVE('',#3041,#4540);
#4540 = DEFINITIONAL_REPRESENTATION('',(#4541),#4545);
#4541 = LINE('',#4542,#4543);
#4542 = CARTESIAN_POINT('',(6.28318530718,-0.));
#4543 = VECTOR('',#4544,1.);
#4544 = DIRECTION('',(0.,1.));
#4545 = ( GEOMETRIC_REPRESENTATION_CONTEXT(2) 
PARAMETRIC_REPRESENTATION_CONTEXT() REPRESENTATION_CONTEXT('2D SPACE',''
  ) );
#4546 = PCURVE('',#3041,#4547);
#4547 = DEFINITIONAL_REPRESENTATION('',(#4548),#4552);
#4548 = LINE('',#4549,#4550);
#4549 = CARTESIAN_POINT('',(0.,-0.));
#4550 = VECTOR('',#4551,1.);
#4551 = DIRECTION('',(0.,1.));
#4552 = ( GEOMETRIC_REPRESENTATION_CONTEXT(2) 
PARAMETRIC_REPRESENTATION_CONTEXT() REPRESENTATION_CONTEXT('2D SPACE',''
  ) );
#4553 = ORIENTED_EDGE('',*,*,#4554,.F.);
#4554 = EDGE_CURVE('',#4532,#4532,#4555,.T.);
#4555 = SURFACE_CURVE('',#4556,(#4561,#4568),.PCURVE_S1.);
#4556 = CIRCLE('',#4557,1.);
#4557 = AXIS2_PLACEMENT_3D('',#4558,#4559,#4560);
#4558 = CARTESIAN_POINT('',(-52.5,13.5,19.5));
#4559 = DIRECTION('',(0.,0.,1.));
#4560 = DIRECTION('',(1.,0.,0.));
#4561 = PCURVE('',#3041,#4562);
#4562 = DEFINITIONAL_REPRESENTATION('',(#4563),#4567);
#4563 = LINE('',#4564,#4565);
#4564 = CARTESIAN_POINT('',(0.,16.5));
#4565 = VECTOR('',#4566,1.);
#4566 = DIRECTION('',(1.,0.));
#4567 = ( GEOMETRIC_REPRESENTATION_CONTEXT(2) 
PARAMETRIC_REPRESENTATION_CONTEXT() REPRESENTATION_CONTEXT('2D SPACE',''
  ) );
#4568 = PCURVE('',#4569,#4574);
#4569 = PLANE('',#4570);
#4570 = AXIS2_PLACEMENT_3D('',#4571,#4572,#4573);
#4571 = CARTESIAN_POINT('',(-52.5,13.5,19.5));
#4572 = DIRECTION('',(0.,0.,1.));
#4573 = DIRECTION('',(1.,0.,0.));
#4574 = DEFINITIONAL_REPRESENTATION('',(#4575),#4579);
#4575 = CIRCLE('',#4576,1.);
#4576 = AXIS2_PLACEMENT_2D('',#4577,#4578);
#4577 = CARTESIAN_POINT('',(0.,0.));
#4578 = DIRECTION('',(1.,0.));
#4579 = ( GEOMETRIC_REPRESENTATION_CONTEXT(2) 
PARAMETRIC_REPRESENTATION_CONTEXT() REPRESENTATION_CONTEXT('2D SPACE',''
  ) );
#4580 = ORIENTED_EDGE('',*,*,#4531,.F.);
#4581 = ORIENTED_EDGE('',*,*,#3024,.T.);
#4582 = ADVANCED_FACE('',(#4583),#3076,.T.);
#4583 = FACE_BOUND('',#4584,.T.);
#4584 = EDGE_LOOP('',(#4585,#5078,#5099,#5100));
#4585 = ORIENTED_EDGE('',*,*,#4586,.T.);
#4586 = EDGE_CURVE('',#4587,#4587,#4589,.T.);
#4587 = VERTEX_POINT('',#4588);
#4588 = CARTESIAN_POINT('',(47.5,0.9,3.));
#4589 = SURFACE_CURVE('',#4590,(#4749,#4911),.PCURVE_S1.);
#4590 = B_SPLINE_CURVE_WITH_KNOTS('',7,(#4591,#4592,#4593,#4594,#4595,
    #4596,#4597,#4598,#4599,#4600,#4601,#4602,#4603,#4604,#4605,#4606,
    #4607,#4608,#4609,#4610,#4611,#4612,#4613,#4614,#4615,#4616,#4617,
    #4618,#4619,#4620,#4621,#4622,#4623,#4624,#4625,#4626,#4627,#4628,
    #4629,#4630,#4631,#4632,#4633,#4634,#4635,#4636,#4637,#4638,#4639,
    #4640,#4641,#4642,#4643,#4644,#4645,#4646,#4647,#4648,#4649,#4650,
    #4651,#4652,#4653,#4654,#4655,#4656,#4657,#4658,#4659,#4660,#4661,
    #4662,#4663,#4664,#4665,#4666,#4667,#4668,#4669,#4670,#4671,#4672,
    #4673,#4674,#4675,#4676,#4677,#4678,#4679,#4680,#4681,#4682,#4683,
    #4684,#4685,#4686,#4687,#4688,#4689,#4690,#4691,#4692,#4693,#4694,
    #4695,#4696,#4697,#4698,#4699,#4700,#4701,#4702,#4703,#4704,#4705,
    #4706,#4707,#4708,#4709,#4710,#4711,#4712,#4713,#4714,#4715,#4716,
    #4717,#4718,#4719,#4720,#4721,#4722,#4723,#4724,#4725,#4726,#4727,
    #4728,#4729,#4730,#4731,#4732,#4733,#4734,#4735,#4736,#4737,#4738,
    #4739,#4740,#4741,#4742,#4743,#4744,#4745,#4746,#4747,#4748),
  .UNSPECIFIED.,.T.,.F.,(8,6,6,6,6,6,6,6,6,6,6,6,6,6,6,6,6,6,6,6,6,6,6,6
    ,6,6,8),(0.,6.474657112234E-02,0.101401827147,0.144677393013,
    0.174888204733,0.196112428496,0.249995159311,0.303877890125,
    0.325102113888,0.355312925608,0.398588491475,0.436189943919,
    0.456806669839,0.499999002085,0.530239688551,0.563809271846,
    0.601410791894,0.644686435567,0.674897301604,0.696121563526,
    0.750004391217,0.803887218909,0.825111480831,0.855322346868,
    0.898597990541,0.935253312468,1.),.UNSPECIFIED.);
#4591 = CARTESIAN_POINT('',(47.5,0.9,3.));
#4592 = CARTESIAN_POINT('',(47.500000058854,0.391205355191,3.));
#4593 = CARTESIAN_POINT('',(47.455168963849,-0.11787322383,3.));
#4594 = CARTESIAN_POINT('',(47.365418918906,-0.621975853968,3.));
#4595 = CARTESIAN_POINT('',(47.232100861669,-1.116554871123,3.));
#4596 = CARTESIAN_POINT('',(47.057403154214,-1.597647578466,3.));
#4597 = CARTESIAN_POINT('',(46.844183580173,-2.061837933361,3.));
#4598 = CARTESIAN_POINT('',(46.455271043911,-2.757822306737,3.));
#4599 = CARTESIAN_POINT('',(46.303395760971,-3.003131757905,3.));
#4600 = CARTESIAN_POINT('',(46.140811249895,-3.241688151076,3.));
#4601 = CARTESIAN_POINT('',(45.96811734882,-3.473098223945,3.));
#4602 = CARTESIAN_POINT('',(45.785920210405,-3.697040172707,3.));
#4603 = CARTESIAN_POINT('',(45.594818878513,-3.913253837912,3.));
#4604 = CARTESIAN_POINT('',(45.159946759034,-4.367424762291,3.));
#4605 = CARTESIAN_POINT('',(44.912901654702,-4.60225192205,3.));
#4606 = CARTESIAN_POINT('',(44.65520475599,-4.82567983432,3.));
#4607 = CARTESIAN_POINT('',(44.387774196404,-5.037465131434,3.));
#4608 = CARTESIAN_POINT('',(44.111486073538,-5.237438572679,3.));
#4609 = CARTESIAN_POINT('',(43.827162483753,-5.425490003626,3.));
#4610 = CARTESIAN_POINT('',(43.331990757981,-5.724463637055,3.));
#4611 = CARTESIAN_POINT('',(43.124878635591,-5.841529180963,3.));
#4612 = CARTESIAN_POINT('',(42.914482855579,-5.952726738677,3.));
#4613 = CARTESIAN_POINT('',(42.701053351342,-6.05804080354,3.));
#4614 = CARTESIAN_POINT('',(42.48482972521,-6.157462328722,3.));
#4615 = CARTESIAN_POINT('',(42.266040649884,-6.250987485199,3.));
#4616 = CARTESIAN_POINT('',(41.889545967794,-6.400179059457,3.));
#4617 = CARTESIAN_POINT('',(41.733030360328,-6.458831173068,3.));
#4618 = CARTESIAN_POINT('',(41.575432185328,-6.514572825555,3.));
#4619 = CARTESIAN_POINT('',(41.416825262922,-6.567404539232,3.));
#4620 = CARTESIAN_POINT('',(41.257281495504,-6.617327293736,3.));
#4621 = CARTESIAN_POINT('',(41.09687086774,-6.66434252602,3.));
#4622 = CARTESIAN_POINT('',(40.526393072067,-6.820434416113,3.));
#4623 = CARTESIAN_POINT('',(40.111994251677,-6.913685281375,3.));
#4624 = CARTESIAN_POINT('',(39.69355395995,-6.988238946134,3.));
#4625 = CARTESIAN_POINT('',(39.272128159497,-7.044127265134,3.));
#4626 = CARTESIAN_POINT('',(38.848739698474,-7.081375765193,3.));
#4627 = CARTESIAN_POINT('',(38.424378208071,-7.099999682513,3.));
#4628 = CARTESIAN_POINT('',(37.57562179193,-7.099999682513,3.));
#4629 = CARTESIAN_POINT('',(37.151260301528,-7.081375765193,3.));
#4630 = CARTESIAN_POINT('',(36.727871840505,-7.044127265134,3.));
#4631 = CARTESIAN_POINT('',(36.306446040052,-6.988238946134,3.));
#4632 = CARTESIAN_POINT('',(35.888005748324,-6.913685281375,3.));
#4633 = CARTESIAN_POINT('',(35.473606927935,-6.820434416114,3.));
#4634 = CARTESIAN_POINT('',(34.903129132261,-6.664342526021,3.));
#4635 = CARTESIAN_POINT('',(34.742718504497,-6.617327293736,3.));
#4636 = CARTESIAN_POINT('',(34.58317473708,-6.567404539233,3.));
#4637 = CARTESIAN_POINT('',(34.424567814673,-6.514572825555,3.));
#4638 = CARTESIAN_POINT('',(34.266969639674,-6.458831173069,3.));
#4639 = CARTESIAN_POINT('',(34.110454032207,-6.400179059458,3.));
#4640 = CARTESIAN_POINT('',(33.733959350118,-6.2509874852,3.));
#4641 = CARTESIAN_POINT('',(33.515170274791,-6.157462328723,3.));
#4642 = CARTESIAN_POINT('',(33.298946648659,-6.058040803541,3.));
#4643 = CARTESIAN_POINT('',(33.085517144422,-5.952726738678,3.));
#4644 = CARTESIAN_POINT('',(32.875121364411,-5.841529180963,3.));
#4645 = CARTESIAN_POINT('',(32.668009242021,-5.724463637055,3.));
#4646 = CARTESIAN_POINT('',(32.172837516249,-5.425490003626,3.));
#4647 = CARTESIAN_POINT('',(31.888513926463,-5.23743857268,3.));
#4648 = CARTESIAN_POINT('',(31.612225803598,-5.037465131436,3.));
#4649 = CARTESIAN_POINT('',(31.344795244012,-4.825679834321,3.));
#4650 = CARTESIAN_POINT('',(31.087098345299,-4.602251922051,3.));
#4651 = CARTESIAN_POINT('',(30.840053240967,-4.367424762293,3.));
#4652 = CARTESIAN_POINT('',(30.400033201731,-3.907877494449,3.));
#4653 = CARTESIAN_POINT('',(30.20421930618,-3.685872338613,3.));
#4654 = CARTESIAN_POINT('',(30.017790895399,-3.45574042971,3.));
#4655 = CARTESIAN_POINT('',(29.841395265462,-3.217764094871,3.));
#4656 = CARTESIAN_POINT('',(29.675687190549,-2.972294134689,3.));
#4657 = CARTESIAN_POINT('',(29.521313551917,-2.719760976438,3.));
#4658 = CARTESIAN_POINT('',(29.300811930242,-2.318635915172,3.));
#4659 = CARTESIAN_POINT('',(29.22632017721,-2.174618525255,3.));
#4660 = CARTESIAN_POINT('',(29.155525205428,-2.028719735106,3.));
#4661 = CARTESIAN_POINT('',(29.088526497709,-1.881032693249,3.));
#4662 = CARTESIAN_POINT('',(29.025419471817,-1.731658082384,3.));
#4663 = CARTESIAN_POINT('',(28.96629443028,-1.580704582607,3.));
#4664 = CARTESIAN_POINT('',(28.795886311755,-1.108977259065,3.));
#4665 = CARTESIAN_POINT('',(28.698369356458,-0.783210689314,3.));
#4666 = CARTESIAN_POINT('',(28.619485120064,-0.452117516785,3.));
#4667 = CARTESIAN_POINT('',(28.559861862798,-0.116909528842,3.));
#4668 = CARTESIAN_POINT('',(28.51995112414,0.22111751322,3.));
#4669 = CARTESIAN_POINT('',(28.499999971099,0.560580170908,3.));
#4670 = CARTESIAN_POINT('',(28.499999912766,1.137641455153,3.));
#4671 = CARTESIAN_POINT('',(28.509780115125,1.375290489763,3.));
#4672 = CARTESIAN_POINT('',(28.529340721037,1.612452899411,3.));
#4673 = CARTESIAN_POINT('',(28.558625235008,1.84865032439,3.));
#4674 = CARTESIAN_POINT('',(28.597524041629,2.083419969,3.));
#4675 = CARTESIAN_POINT('',(28.645877895126,2.31631432085,3.));
#4676 = CARTESIAN_POINT('',(28.767425648619,2.802870313763,3.));
#4677 = CARTESIAN_POINT('',(28.842772182158,3.056011644773,3.));
#4678 = CARTESIAN_POINT('',(28.929240358393,3.305736331418,3.));
#4679 = CARTESIAN_POINT('',(29.026490379132,3.551515344561,3.));
#4680 = CARTESIAN_POINT('',(29.134135282277,3.792874645136,3.));
#4681 = CARTESIAN_POINT('',(29.251752924991,4.029390671585,3.));
#4682 = CARTESIAN_POINT('',(29.521313551916,4.519760976436,3.));
#4683 = CARTESIAN_POINT('',(29.675687190548,4.772294134687,3.));
#4684 = CARTESIAN_POINT('',(29.84139526546,5.01776409487,3.));
#4685 = CARTESIAN_POINT('',(30.017790895398,5.255740429709,3.));
#4686 = CARTESIAN_POINT('',(30.204219306179,5.485872338611,3.));
#4687 = CARTESIAN_POINT('',(30.400033201729,5.707877494447,3.));
#4688 = CARTESIAN_POINT('',(30.840053240965,6.167424762291,3.));
#4689 = CARTESIAN_POINT('',(31.087098345297,6.40225192205,3.));
#4690 = CARTESIAN_POINT('',(31.34479524401,6.625679834319,3.));
#4691 = CARTESIAN_POINT('',(31.612225803596,6.837465131434,3.));
#4692 = CARTESIAN_POINT('',(31.888513926461,7.037438572679,3.));
#4693 = CARTESIAN_POINT('',(32.172837516247,7.225490003625,3.));
#4694 = CARTESIAN_POINT('',(32.668009242019,7.524463637054,3.));
#4695 = CARTESIAN_POINT('',(32.875121364409,7.641529180962,3.));
#4696 = CARTESIAN_POINT('',(33.08551714442,7.752726738677,3.));
#4697 = CARTESIAN_POINT('',(33.298946648657,7.85804080354,3.));
#4698 = CARTESIAN_POINT('',(33.515170274789,7.957462328722,3.));
#4699 = CARTESIAN_POINT('',(33.733959350116,8.050987485199,3.));
#4700 = CARTESIAN_POINT('',(34.110454032205,8.200179059457,3.));
#4701 = CARTESIAN_POINT('',(34.266969639671,8.258831173068,3.));
#4702 = CARTESIAN_POINT('',(34.424567814671,8.314572825555,3.));
#4703 = CARTESIAN_POINT('',(34.583174737078,8.367404539232,3.));
#4704 = CARTESIAN_POINT('',(34.742718504495,8.417327293736,3.));
#4705 = CARTESIAN_POINT('',(34.903129132259,8.46434252602,3.));
#4706 = CARTESIAN_POINT('',(35.473606927933,8.620434416113,3.));
#4707 = CARTESIAN_POINT('',(35.888005748322,8.713685281375,3.));
#4708 = CARTESIAN_POINT('',(36.306446040049,8.788238946133,3.));
#4709 = CARTESIAN_POINT('',(36.727871840503,8.844127265134,3.));
#4710 = CARTESIAN_POINT('',(37.151260301526,8.881375765193,3.));
#4711 = CARTESIAN_POINT('',(37.575621791928,8.899999682513,3.));
#4712 = CARTESIAN_POINT('',(38.42437820807,8.899999682513,3.));
#4713 = CARTESIAN_POINT('',(38.848739698472,8.881375765193,3.));
#4714 = CARTESIAN_POINT('',(39.272128159495,8.844127265134,3.));
#4715 = CARTESIAN_POINT('',(39.693553959948,8.788238946134,3.));
#4716 = CARTESIAN_POINT('',(40.111994251676,8.713685281375,3.));
#4717 = CARTESIAN_POINT('',(40.526393072065,8.620434416114,3.));
#4718 = CARTESIAN_POINT('',(41.096870867739,8.464342526021,3.));
#4719 = CARTESIAN_POINT('',(41.257281495503,8.417327293736,3.));
#4720 = CARTESIAN_POINT('',(41.41682526292,8.367404539233,3.));
#4721 = CARTESIAN_POINT('',(41.575432185327,8.314572825555,3.));
#4722 = CARTESIAN_POINT('',(41.733030360326,8.258831173069,3.));
#4723 = CARTESIAN_POINT('',(41.889545967793,8.200179059458,3.));
#4724 = CARTESIAN_POINT('',(42.266040649883,8.0509874852,3.));
#4725 = CARTESIAN_POINT('',(42.484829725209,7.957462328723,3.));
#4726 = CARTESIAN_POINT('',(42.701053351341,7.858040803541,3.));
#4727 = CARTESIAN_POINT('',(42.914482855578,7.752726738678,3.));
#4728 = CARTESIAN_POINT('',(43.12487863559,7.641529180963,3.));
#4729 = CARTESIAN_POINT('',(43.331990757979,7.524463637055,3.));
#4730 = CARTESIAN_POINT('',(43.827162483751,7.225490003626,3.));
#4731 = CARTESIAN_POINT('',(44.111486073537,7.03743857268,3.));
#4732 = CARTESIAN_POINT('',(44.387774196403,6.837465131435,3.));
#4733 = CARTESIAN_POINT('',(44.655204755988,6.625679834321,3.));
#4734 = CARTESIAN_POINT('',(44.912901654701,6.402251922051,3.));
#4735 = CARTESIAN_POINT('',(45.159946759034,6.167424762292,3.));
#4736 = CARTESIAN_POINT('',(45.594818878512,5.713253837913,3.));
#4737 = CARTESIAN_POINT('',(45.785920210404,5.497040172708,3.));
#4738 = CARTESIAN_POINT('',(45.968117348819,5.273098223946,3.));
#4739 = CARTESIAN_POINT('',(46.140811249895,5.041688151077,3.));
#4740 = CARTESIAN_POINT('',(46.30339576097,4.803131757906,3.));
#4741 = CARTESIAN_POINT('',(46.455271043911,4.557822306738,3.));
#4742 = CARTESIAN_POINT('',(46.844183580172,3.861837933363,3.));
#4743 = CARTESIAN_POINT('',(47.057403154216,3.397647578464,3.));
#4744 = CARTESIAN_POINT('',(47.232100861663,2.916554871129,3.));
#4745 = CARTESIAN_POINT('',(47.365418918913,2.421975853961,3.));
#4746 = CARTESIAN_POINT('',(47.455168963843,1.917873223835,3.));
#4747 = CARTESIAN_POINT('',(47.500000058855,1.408794644808,3.));
#4748 = CARTESIAN_POINT('',(47.5,0.9,3.));
#4749 = PCURVE('',#3076,#4750);
#4750 = DEFINITIONAL_REPRESENTATION('',(#4751),#4910);
#4751 = B_SPLINE_CURVE_WITH_KNOTS('',7,(#4752,#4753,#4754,#4755,#4756,
    #4757,#4758,#4759,#4760,#4761,#4762,#4763,#4764,#4765,#4766,#4767,
    #4768,#4769,#4770,#4771,#4772,#4773,#4774,#4775,#4776,#4777,#4778,
    #4779,#4780,#4781,#4782,#4783,#4784,#4785,#4786,#4787,#4788,#4789,
    #4790,#4791,#4792,#4793,#4794,#4795,#4796,#4797,#4798,#4799,#4800,
    #4801,#4802,#4803,#4804,#4805,#4806,#4807,#4808,#4809,#4810,#4811,
    #4812,#4813,#4814,#4815,#4816,#4817,#4818,#4819,#4820,#4821,#4822,
    #4823,#4824,#4825,#4826,#4827,#4828,#4829,#4830,#4831,#4832,#4833,
    #4834,#4835,#4836,#4837,#4838,#4839,#4840,#4841,#4842,#4843,#4844,
    #4845,#4846,#4847,#4848,#4849,#4850,#4851,#4852,#4853,#4854,#4855,
    #4856,#4857,#4858,#4859,#4860,#4861,#4862,#4863,#4864,#4865,#4866,
    #4867,#4868,#4869,#4870,#4871,#4872,#4873,#4874,#4875,#4876,#4877,
    #4878,#4879,#4880,#4881,#4882,#4883,#4884,#4885,#4886,#4887,#4888,
    #4889,#4890,#4891,#4892,#4893,#4894,#4895,#4896,#4897,#4898,#4899,
    #4900,#4901,#4902,#4903,#4904,#4905,#4906,#4907,#4908,#4909),
  .UNSPECIFIED.,.F.,.F.,(8,6,6,6,6,6,6,6,6,6,6,6,6,6,6,6,6,6,6,6,6,6,6,6
    ,6,6,8),(0.,6.474657112234E-02,0.101401827147,0.144677393013,
    0.174888204733,0.196112428496,0.249995159311,0.303877890125,
    0.325102113888,0.355312925608,0.398588491475,0.436189943919,
    0.456806669839,0.499999002085,0.530239688551,0.563809271846,
    0.601410791894,0.644686435567,0.674897301604,0.696121563526,
    0.750004391217,0.803887218909,0.825111480831,0.855322346868,
    0.898597990541,0.935253312468,1.),.UNSPECIFIED.);
#4752 = CARTESIAN_POINT('',(6.28318530718,-3.));
#4753 = CARTESIAN_POINT('',(6.219585971979,-3.));
#4754 = CARTESIAN_POINT('',(6.155951181178,-3.));
#4755 = CARTESIAN_POINT('',(6.092518060481,-3.));
#4756 = CARTESIAN_POINT('',(6.029433350913,-3.));
#4757 = CARTESIAN_POINT('',(5.96681258318,-3.));
#4758 = CARTESIAN_POINT('',(5.904754782329,-3.));
#4759 = CARTESIAN_POINT('',(5.80860596463,-3.));
#4760 = CARTESIAN_POINT('',(5.774053813107,-3.));
#4761 = CARTESIAN_POINT('',(5.739716779882,-3.));
#4762 = CARTESIAN_POINT('',(5.705601478971,-3.));
#4763 = CARTESIAN_POINT('',(5.67171088035,-3.));
#4764 = CARTESIAN_POINT('',(5.638044950677,-3.));
#4765 = CARTESIAN_POINT('',(5.565117374803,-3.));
#4766 = CARTESIAN_POINT('',(5.525943972051,-3.));
#4767 = CARTESIAN_POINT('',(5.487075333375,-3.));
#4768 = CARTESIAN_POINT('',(5.44850260016,-3.));
#4769 = CARTESIAN_POINT('',(5.410213791946,-3.));
#4770 = CARTESIAN_POINT('',(5.372193790817,-3.));
#4771 = CARTESIAN_POINT('',(5.308057340785,-3.));
#4772 = CARTESIAN_POINT('',(5.281812951144,-3.));
#4773 = CARTESIAN_POINT('',(5.255685112469,-3.));
#4774 = CARTESIAN_POINT('',(5.229667654748,-3.));
#4775 = CARTESIAN_POINT('',(5.203754185638,-3.));
#4776 = CARTESIAN_POINT('',(5.177937993743,-3.));
#4777 = CARTESIAN_POINT('',(5.134138446483,-3.));
#4778 = CARTESIAN_POINT('',(5.116109506621,-3.));
#4779 = CARTESIAN_POINT('',(5.098122728974,-3.));
#4780 = CARTESIAN_POINT('',(5.080175683692,-3.));
#4781 = CARTESIAN_POINT('',(5.062265914407,-3.));
#4782 = CARTESIAN_POINT('',(5.044390938228,-3.));
#4783 = CARTESIAN_POINT('',(4.981250334881,-3.));
#4784 = CARTESIAN_POINT('',(4.936162362718,-3.));
#4785 = CARTESIAN_POINT('',(4.891240197885,-3.));
#4786 = CARTESIAN_POINT('',(4.84644279423,-3.));
#4787 = CARTESIAN_POINT('',(4.801730000977,-3.));
#4788 = CARTESIAN_POINT('',(4.757060372881,-3.));
#4789 = CARTESIAN_POINT('',(4.667717587889,-3.));
#4790 = CARTESIAN_POINT('',(4.623047959793,-3.));
#4791 = CARTESIAN_POINT('',(4.578335166539,-3.));
#4792 = CARTESIAN_POINT('',(4.533537762885,-3.));
#4793 = CARTESIAN_POINT('',(4.488615598052,-3.));
#4794 = CARTESIAN_POINT('',(4.443527625889,-3.));
#4795 = CARTESIAN_POINT('',(4.380387022541,-3.));
#4796 = CARTESIAN_POINT('',(4.362512046362,-3.));
#4797 = CARTESIAN_POINT('',(4.344602277077,-3.));
#4798 = CARTESIAN_POINT('',(4.326655231796,-3.));
#4799 = CARTESIAN_POINT('',(4.308668454148,-3.));
#4800 = CARTESIAN_POINT('',(4.290639514286,-3.));
#4801 = CARTESIAN_POINT('',(4.246839967026,-3.));
#4802 = CARTESIAN_POINT('',(4.221023775132,-3.));
#4803 = CARTESIAN_POINT('',(4.195110306022,-3.));
#4804 = CARTESIAN_POINT('',(4.1690928483,-3.));
#4805 = CARTESIAN_POINT('',(4.142965009625,-3.));
#4806 = CARTESIAN_POINT('',(4.116720619985,-3.));
#4807 = CARTESIAN_POINT('',(4.052584169952,-3.));
#4808 = CARTESIAN_POINT('',(4.014564168823,-3.));
#4809 = CARTESIAN_POINT('',(3.976275360609,-3.));
#4810 = CARTESIAN_POINT('',(3.937702627395,-3.));
#4811 = CARTESIAN_POINT('',(3.898833988719,-3.));
#4812 = CARTESIAN_POINT('',(3.859660585967,-3.));
#4813 = CARTESIAN_POINT('',(3.785869715939,-3.));
#4814 = CARTESIAN_POINT('',(3.751328846325,-3.));
#4815 = CARTESIAN_POINT('',(3.716551500989,-3.));
#4816 = CARTESIAN_POINT('',(3.681537714236,-3.));
#4817 = CARTESIAN_POINT('',(3.646290850784,-3.));
#4818 = CARTESIAN_POINT('',(3.610818344942,-3.));
#4819 = CARTESIAN_POINT('',(3.555566000778,-3.));
#4820 = CARTESIAN_POINT('',(3.535935314163,-3.));
#4821 = CARTESIAN_POINT('',(3.516242449901,-3.));
#4822 = CARTESIAN_POINT('',(3.496489769117,-3.));
#4823 = CARTESIAN_POINT('',(3.476679998227,-3.));
#4824 = CARTESIAN_POINT('',(3.456816303068,-3.));
#4825 = CARTESIAN_POINT('',(3.395182377133,-3.));
#4826 = CARTESIAN_POINT('',(3.353236830356,-3.));
#4827 = CARTESIAN_POINT('',(3.311106421435,-3.));
#4828 = CARTESIAN_POINT('',(3.268831119554,-3.));
#4829 = CARTESIAN_POINT('',(3.226452947465,-3.));
#4830 = CARTESIAN_POINT('',(3.184020136516,-3.));
#4831 = CARTESIAN_POINT('',(3.11188746885,-3.));
#4832 = CARTESIAN_POINT('',(3.0821813496,-3.));
#4833 = CARTESIAN_POINT('',(3.052493222442,-3.));
#4834 = CARTESIAN_POINT('',(3.022840099735,-3.));
#4835 = CARTESIAN_POINT('',(2.993237811507,-3.));
#4836 = CARTESIAN_POINT('',(2.963701737372,-3.));
#4837 = CARTESIAN_POINT('',(2.901551019308,-3.));
#4838 = CARTESIAN_POINT('',(2.868953412199,-3.));
#4839 = CARTESIAN_POINT('',(2.836475548318,-3.));
#4840 = CARTESIAN_POINT('',(2.804134120887,-3.));
#4841 = CARTESIAN_POINT('',(2.771942615991,-3.));
#4842 = CARTESIAN_POINT('',(2.7399122434,-3.));
#4843 = CARTESIAN_POINT('',(2.672366962238,-3.));
#4844 = CARTESIAN_POINT('',(2.636894456396,-3.));
#4845 = CARTESIAN_POINT('',(2.601647592944,-3.));
#4846 = CARTESIAN_POINT('',(2.566633806191,-3.));
#4847 = CARTESIAN_POINT('',(2.531856460855,-3.));
#4848 = CARTESIAN_POINT('',(2.497315591241,-3.));
#4849 = CARTESIAN_POINT('',(2.423524721213,-3.));
#4850 = CARTESIAN_POINT('',(2.384351318461,-3.));
#4851 = CARTESIAN_POINT('',(2.345482679785,-3.));
#4852 = CARTESIAN_POINT('',(2.30690994657,-3.));
#4853 = CARTESIAN_POINT('',(2.268621138357,-3.));
#4854 = CARTESIAN_POINT('',(2.230601137228,-3.));
#4855 = CARTESIAN_POINT('',(2.166464687195,-3.));
#4856 = CARTESIAN_POINT('',(2.140220297555,-3.));
#4857 = CARTESIAN_POINT('',(2.11409245888,-3.));
#4858 = CARTESIAN_POINT('',(2.088075001158,-3.));
#4859 = CARTESIAN_POINT('',(2.062161532048,-3.));
#4860 = CARTESIAN_POINT('',(2.036345340153,-3.));
#4861 = CARTESIAN_POINT('',(1.992545792893,-3.));
#4862 = CARTESIAN_POINT('',(1.974516853031,-3.));
#4863 = CARTESIAN_POINT('',(1.956530075384,-3.));
#4864 = CARTESIAN_POINT('',(1.938583030103,-3.));
#4865 = CARTESIAN_POINT('',(1.920673260818,-3.));
#4866 = CARTESIAN_POINT('',(1.902798284639,-3.));
#4867 = CARTESIAN_POINT('',(1.839657681291,-3.));
#4868 = CARTESIAN_POINT('',(1.794569709128,-3.));
#4869 = CARTESIAN_POINT('',(1.749647544295,-3.));
#4870 = CARTESIAN_POINT('',(1.70485014064,-3.));
#4871 = CARTESIAN_POINT('',(1.660137347387,-3.));
#4872 = CARTESIAN_POINT('',(1.615467719291,-3.));
#4873 = CARTESIAN_POINT('',(1.526124934299,-3.));
#4874 = CARTESIAN_POINT('',(1.481455306203,-3.));
#4875 = CARTESIAN_POINT('',(1.43674251295,-3.));
#4876 = CARTESIAN_POINT('',(1.391945109295,-3.));
#4877 = CARTESIAN_POINT('',(1.347022944462,-3.));
#4878 = CARTESIAN_POINT('',(1.301934972299,-3.));
#4879 = CARTESIAN_POINT('',(1.238794368951,-3.));
#4880 = CARTESIAN_POINT('',(1.220919392772,-3.));
#4881 = CARTESIAN_POINT('',(1.203009623487,-3.));
#4882 = CARTESIAN_POINT('',(1.185062578206,-3.));
#4883 = CARTESIAN_POINT('',(1.167075800559,-3.));
#4884 = CARTESIAN_POINT('',(1.149046860697,-3.));
#4885 = CARTESIAN_POINT('',(1.105247313437,-3.));
#4886 = CARTESIAN_POINT('',(1.079431121542,-3.));
#4887 = CARTESIAN_POINT('',(1.053517652432,-3.));
#4888 = CARTESIAN_POINT('',(1.027500194711,-3.));
#4889 = CARTESIAN_POINT('',(1.001372356035,-3.));
#4890 = CARTESIAN_POINT('',(0.975127966395,-3.));
#4891 = CARTESIAN_POINT('',(0.910991516362,-3.));
#4892 = CARTESIAN_POINT('',(0.872971515233,-3.));
#4893 = CARTESIAN_POINT('',(0.83468270702,-3.));
#4894 = CARTESIAN_POINT('',(0.796109973805,-3.));
#4895 = CARTESIAN_POINT('',(0.757241335129,-3.));
#4896 = CARTESIAN_POINT('',(0.718067932377,-3.));
#4897 = CARTESIAN_POINT('',(0.645140356502,-3.));
#4898 = CARTESIAN_POINT('',(0.61147442683,-3.));
#4899 = CARTESIAN_POINT('',(0.577583828209,-3.));
#4900 = CARTESIAN_POINT('',(0.543468527297,-3.));
#4901 = CARTESIAN_POINT('',(0.509131494072,-3.));
#4902 = CARTESIAN_POINT('',(0.47457934255,-3.));
#4903 = CARTESIAN_POINT('',(0.378430524851,-3.));
#4904 = CARTESIAN_POINT('',(0.316372723999,-3.));
#4905 = CARTESIAN_POINT('',(0.253751956268,-3.));
#4906 = CARTESIAN_POINT('',(0.190667246698,-3.));
#4907 = CARTESIAN_POINT('',(0.127234126002,-3.));
#4908 = CARTESIAN_POINT('',(6.359933520072E-02,-3.));
#4909 = CARTESIAN_POINT('',(0.,-3.));
#4910 = ( GEOMETRIC_REPRESENTATION_CONTEXT(2) 
PARAMETRIC_REPRESENTATION_CONTEXT() REPRESENTATION_CONTEXT('2D SPACE',''
  ) );
#4911 = PCURVE('',#4912,#4917);
#4912 = PLANE('',#4913);
#4913 = AXIS2_PLACEMENT_3D('',#4914,#4915,#4916);
#4914 = CARTESIAN_POINT('',(-1.568726706104E-19,-2.879505121058E-15,3.)
  );
#4915 = DIRECTION('',(0.,0.,1.));
#4916 = DIRECTION('',(1.,0.,0.));
#4917 = DEFINITIONAL_REPRESENTATION('',(#4918),#5077);
#4918 = B_SPLINE_CURVE_WITH_KNOTS('',7,(#4919,#4920,#4921,#4922,#4923,
    #4924,#4925,#4926,#4927,#4928,#4929,#4930,#4931,#4932,#4933,#4934,
    #4935,#4936,#4937,#4938,#4939,#4940,#4941,#4942,#4943,#4944,#4945,
    #4946,#4947,#4948,#4949,#4950,#4951,#4952,#4953,#4954,#4955,#4956,
    #4957,#4958,#4959,#4960,#4961,#4962,#4963,#4964,#4965,#4966,#4967,
    #4968,#4969,#4970,#4971,#4972,#4973,#4974,#4975,#4976,#4977,#4978,
    #4979,#4980,#4981,#4982,#4983,#4984,#4985,#4986,#4987,#4988,#4989,
    #4990,#4991,#4992,#4993,#4994,#4995,#4996,#4997,#4998,#4999,#5000,
    #5001,#5002,#5003,#5004,#5005,#5006,#5007,#5008,#5009,#5010,#5011,
    #5012,#5013,#5014,#5015,#5016,#5017,#5018,#5019,#5020,#5021,#5022,
    #5023,#5024,#5025,#5026,#5027,#5028,#5029,#5030,#5031,#5032,#5033,
    #5034,#5035,#5036,#5037,#5038,#5039,#5040,#5041,#5042,#5043,#5044,
    #5045,#5046,#5047,#5048,#5049,#5050,#5051,#5052,#5053,#5054,#5055,
    #5056,#5057,#5058,#5059,#5060,#5061,#5062,#5063,#5064,#5065,#5066,
    #5067,#5068,#5069,#5070,#5071,#5072,#5073,#5074,#5075,#5076),
  .UNSPECIFIED.,.F.,.F.,(8,6,6,6,6,6,6,6,6,6,6,6,6,6,6,6,6,6,6,6,6,6,6,6
    ,6,6,8),(0.,6.474657112234E-02,0.101401827147,0.144677393013,
    0.174888204733,0.196112428496,0.249995159311,0.303877890125,
    0.325102113888,0.355312925608,0.398588491475,0.436189943919,
    0.456806669839,0.499999002085,0.530239688551,0.563809271846,
    0.601410791894,0.644686435567,0.674897301604,0.696121563526,
    0.750004391217,0.803887218909,0.825111480831,0.855322346868,
    0.898597990541,0.935253312468,1.),.UNSPECIFIED.);
#4919 = CARTESIAN_POINT('',(47.5,0.9));
#4920 = CARTESIAN_POINT('',(47.500000058854,0.391205355191));
#4921 = CARTESIAN_POINT('',(47.455168963849,-0.11787322383));
#4922 = CARTESIAN_POINT('',(47.365418918906,-0.621975853968));
#4923 = CARTESIAN_POINT('',(47.232100861669,-1.116554871123));
#4924 = CARTESIAN_POINT('',(47.057403154214,-1.597647578466));
#4925 = CARTESIAN_POINT('',(46.844183580173,-2.061837933361));
#4926 = CARTESIAN_POINT('',(46.455271043911,-2.757822306737));
#4927 = CARTESIAN_POINT('',(46.303395760971,-3.003131757905));
#4928 = CARTESIAN_POINT('',(46.140811249895,-3.241688151076));
#4929 = CARTESIAN_POINT('',(45.96811734882,-3.473098223945));
#4930 = CARTESIAN_POINT('',(45.785920210405,-3.697040172707));
#4931 = CARTESIAN_POINT('',(45.594818878513,-3.913253837912));
#4932 = CARTESIAN_POINT('',(45.159946759034,-4.367424762291));
#4933 = CARTESIAN_POINT('',(44.912901654702,-4.60225192205));
#4934 = CARTESIAN_POINT('',(44.65520475599,-4.82567983432));
#4935 = CARTESIAN_POINT('',(44.387774196404,-5.037465131434));
#4936 = CARTESIAN_POINT('',(44.111486073538,-5.237438572679));
#4937 = CARTESIAN_POINT('',(43.827162483753,-5.425490003626));
#4938 = CARTESIAN_POINT('',(43.331990757981,-5.724463637055));
#4939 = CARTESIAN_POINT('',(43.124878635591,-5.841529180963));
#4940 = CARTESIAN_POINT('',(42.914482855579,-5.952726738677));
#4941 = CARTESIAN_POINT('',(42.701053351342,-6.05804080354));
#4942 = CARTESIAN_POINT('',(42.48482972521,-6.157462328722));
#4943 = CARTESIAN_POINT('',(42.266040649884,-6.250987485199));
#4944 = CARTESIAN_POINT('',(41.889545967794,-6.400179059457));
#4945 = CARTESIAN_POINT('',(41.733030360328,-6.458831173068));
#4946 = CARTESIAN_POINT('',(41.575432185328,-6.514572825555));
#4947 = CARTESIAN_POINT('',(41.416825262922,-6.567404539232));
#4948 = CARTESIAN_POINT('',(41.257281495504,-6.617327293736));
#4949 = CARTESIAN_POINT('',(41.09687086774,-6.66434252602));
#4950 = CARTESIAN_POINT('',(40.526393072067,-6.820434416113));
#4951 = CARTESIAN_POINT('',(40.111994251677,-6.913685281375));
#4952 = CARTESIAN_POINT('',(39.69355395995,-6.988238946134));
#4953 = CARTESIAN_POINT('',(39.272128159497,-7.044127265134));
#4954 = CARTESIAN_POINT('',(38.848739698474,-7.081375765193));
#4955 = CARTESIAN_POINT('',(38.424378208071,-7.099999682513));
#4956 = CARTESIAN_POINT('',(37.57562179193,-7.099999682513));
#4957 = CARTESIAN_POINT('',(37.151260301528,-7.081375765193));
#4958 = CARTESIAN_POINT('',(36.727871840505,-7.044127265134));
#4959 = CARTESIAN_POINT('',(36.306446040052,-6.988238946134));
#4960 = CARTESIAN_POINT('',(35.888005748324,-6.913685281375));
#4961 = CARTESIAN_POINT('',(35.473606927935,-6.820434416114));
#4962 = CARTESIAN_POINT('',(34.903129132261,-6.664342526021));
#4963 = CARTESIAN_POINT('',(34.742718504497,-6.617327293736));
#4964 = CARTESIAN_POINT('',(34.58317473708,-6.567404539233));
#4965 = CARTESIAN_POINT('',(34.424567814673,-6.514572825555));
#4966 = CARTESIAN_POINT('',(34.266969639674,-6.458831173069));
#4967 = CARTESIAN_POINT('',(34.110454032207,-6.400179059458));
#4968 = CARTESIAN_POINT('',(33.733959350118,-6.2509874852));
#4969 = CARTESIAN_POINT('',(33.515170274791,-6.157462328723));
#4970 = CARTESIAN_POINT('',(33.298946648659,-6.058040803541));
#4971 = CARTESIAN_POINT('',(33.085517144422,-5.952726738678));
#4972 = CARTESIAN_POINT('',(32.875121364411,-5.841529180963));
#4973 = CARTESIAN_POINT('',(32.668009242021,-5.724463637055));
#4974 = CARTESIAN_POINT('',(32.172837516249,-5.425490003626));
#4975 = CARTESIAN_POINT('',(31.888513926463,-5.23743857268));
#4976 = CARTESIAN_POINT('',(31.612225803598,-5.037465131436));
#4977 = CARTESIAN_POINT('',(31.344795244012,-4.825679834321));
#4978 = CARTESIAN_POINT('',(31.087098345299,-4.602251922051));
#4979 = CARTESIAN_POINT('',(30.840053240967,-4.367424762293));
#4980 = CARTESIAN_POINT('',(30.400033201731,-3.907877494449));
#4981 = CARTESIAN_POINT('',(30.20421930618,-3.685872338613));
#4982 = CARTESIAN_POINT('',(30.017790895399,-3.45574042971));
#4983 = CARTESIAN_POINT('',(29.841395265462,-3.217764094871));
#4984 = CARTESIAN_POINT('',(29.675687190549,-2.972294134689));
#4985 = CARTESIAN_POINT('',(29.521313551917,-2.719760976438));
#4986 = CARTESIAN_POINT('',(29.300811930242,-2.318635915172));
#4987 = CARTESIAN_POINT('',(29.22632017721,-2.174618525255));
#4988 = CARTESIAN_POINT('',(29.155525205428,-2.028719735106));
#4989 = CARTESIAN_POINT('',(29.088526497709,-1.881032693249));
#4990 = CARTESIAN_POINT('',(29.025419471817,-1.731658082384));
#4991 = CARTESIAN_POINT('',(28.96629443028,-1.580704582607));
#4992 = CARTESIAN_POINT('',(28.795886311755,-1.108977259065));
#4993 = CARTESIAN_POINT('',(28.698369356458,-0.783210689314));
#4994 = CARTESIAN_POINT('',(28.619485120064,-0.452117516785));
#4995 = CARTESIAN_POINT('',(28.559861862798,-0.116909528842));
#4996 = CARTESIAN_POINT('',(28.51995112414,0.22111751322));
#4997 = CARTESIAN_POINT('',(28.499999971099,0.560580170908));
#4998 = CARTESIAN_POINT('',(28.499999912766,1.137641455153));
#4999 = CARTESIAN_POINT('',(28.509780115125,1.375290489763));
#5000 = CARTESIAN_POINT('',(28.529340721037,1.612452899411));
#5001 = CARTESIAN_POINT('',(28.558625235008,1.84865032439));
#5002 = CARTESIAN_POINT('',(28.597524041629,2.083419969));
#5003 = CARTESIAN_POINT('',(28.645877895126,2.31631432085));
#5004 = CARTESIAN_POINT('',(28.767425648619,2.802870313763));
#5005 = CARTESIAN_POINT('',(28.842772182158,3.056011644773));
#5006 = CARTESIAN_POINT('',(28.929240358393,3.305736331418));
#5007 = CARTESIAN_POINT('',(29.026490379132,3.551515344561));
#5008 = CARTESIAN_POINT('',(29.134135282277,3.792874645136));
#5009 = CARTESIAN_POINT('',(29.251752924991,4.029390671585));
#5010 = CARTESIAN_POINT('',(29.521313551916,4.519760976436));
#5011 = CARTESIAN_POINT('',(29.675687190548,4.772294134687));
#5012 = CARTESIAN_POINT('',(29.84139526546,5.01776409487));
#5013 = CARTESIAN_POINT('',(30.017790895398,5.255740429709));
#5014 = CARTESIAN_POINT('',(30.204219306179,5.485872338611));
#5015 = CARTESIAN_POINT('',(30.400033201729,5.707877494447));
#5016 = CARTESIAN_POINT('',(30.840053240965,6.167424762291));
#5017 = CARTESIAN_POINT('',(31.087098345297,6.40225192205));
#5018 = CARTESIAN_POINT('',(31.34479524401,6.625679834319));
#5019 = CARTESIAN_POINT('',(31.612225803596,6.837465131434));
#5020 = CARTESIAN_POINT('',(31.888513926461,7.037438572679));
#5021 = CARTESIAN_POINT('',(32.172837516247,7.225490003625));
#5022 = CARTESIAN_POINT('',(32.668009242019,7.524463637054));
#5023 = CARTESIAN_POINT('',(32.875121364409,7.641529180962));
#5024 = CARTESIAN_POINT('',(33.08551714442,7.752726738677));
#5025 = CARTESIAN_POINT('',(33.298946648657,7.85804080354));
#5026 = CARTESIAN_POINT('',(33.515170274789,7.957462328722));
#5027 = CARTESIAN_POINT('',(33.733959350116,8.050987485199));
#5028 = CARTESIAN_POINT('',(34.110454032205,8.200179059457));
#5029 = CARTESIAN_POINT('',(34.266969639671,8.258831173068));
#5030 = CARTESIAN_POINT('',(34.424567814671,8.314572825555));
#5031 = CARTESIAN_POINT('',(34.583174737078,8.367404539232));
#5032 = CARTESIAN_POINT('',(34.742718504495,8.417327293736));
#5033 = CARTESIAN_POINT('',(34.903129132259,8.46434252602));
#5034 = CARTESIAN_POINT('',(35.473606927933,8.620434416113));
#5035 = CARTESIAN_POINT('',(35.888005748322,8.713685281375));
#5036 = CARTESIAN_POINT('',(36.306446040049,8.788238946134));
#5037 = CARTESIAN_POINT('',(36.727871840503,8.844127265134));
#5038 = CARTESIAN_POINT('',(37.151260301526,8.881375765193));
#5039 = CARTESIAN_POINT('',(37.575621791928,8.899999682513));
#5040 = CARTESIAN_POINT('',(38.42437820807,8.899999682513));
#5041 = CARTESIAN_POINT('',(38.848739698472,8.881375765193));
#5042 = CARTESIAN_POINT('',(39.272128159495,8.844127265134));
#5043 = CARTESIAN_POINT('',(39.693553959948,8.788238946134));
#5044 = CARTESIAN_POINT('',(40.111994251676,8.713685281375));
#5045 = CARTESIAN_POINT('',(40.526393072065,8.620434416114));
#5046 = CARTESIAN_POINT('',(41.096870867739,8.464342526021));
#5047 = CARTESIAN_POINT('',(41.257281495503,8.417327293736));
#5048 = CARTESIAN_POINT('',(41.41682526292,8.367404539233));
#5049 = CARTESIAN_POINT('',(41.575432185327,8.314572825555));
#5050 = CARTESIAN_POINT('',(41.733030360326,8.258831173069));
#5051 = CARTESIAN_POINT('',(41.889545967793,8.200179059458));
#5052 = CARTESIAN_POINT('',(42.266040649883,8.0509874852));
#5053 = CARTESIAN_POINT('',(42.484829725209,7.957462328723));
#5054 = CARTESIAN_POINT('',(42.701053351341,7.858040803541));
#5055 = CARTESIAN_POINT('',(42.914482855578,7.752726738678));
#5056 = CARTESIAN_POINT('',(43.12487863559,7.641529180963));
#5057 = CARTESIAN_POINT('',(43.331990757979,7.524463637055));
#5058 = CARTESIAN_POINT('',(43.827162483751,7.225490003626));
#5059 = CARTESIAN_POINT('',(44.111486073537,7.03743857268));
#5060 = CARTESIAN_POINT('',(44.387774196403,6.837465131435));
#5061 = CARTESIAN_POINT('',(44.655204755988,6.625679834321));
#5062 = CARTESIAN_POINT('',(44.912901654701,6.402251922051));
#5063 = CARTESIAN_POINT('',(45.159946759034,6.167424762292));
#5064 = CARTESIAN_POINT('',(45.594818878512,5.713253837913));
#5065 = CARTESIAN_POINT('',(45.785920210404,5.497040172708));
#5066 = CARTESIAN_POINT('',(45.968117348819,5.273098223946));
#5067 = CARTESIAN_POINT('',(46.140811249895,5.041688151077));
#5068 = CARTESIAN_POINT('',(46.30339576097,4.803131757906));
#5069 = CARTESIAN_POINT('',(46.455271043911,4.557822306738));
#5070 = CARTESIAN_POINT('',(46.844183580172,3.861837933363));
#5071 = CARTESIAN_POINT('',(47.057403154216,3.397647578464));
#5072 = CARTESIAN_POINT('',(47.232100861663,2.916554871129));
#5073 = CARTESIAN_POINT('',(47.365418918913,2.421975853961));
#5074 = CARTESIAN_POINT('',(47.455168963843,1.917873223835));
#5075 = CARTESIAN_POINT('',(47.500000058855,1.408794644808));
#5076 = CARTESIAN_POINT('',(47.5,0.9));
#5077 = ( GEOMETRIC_REPRESENTATION_CONTEXT(2) 
PARAMETRIC_REPRESENTATION_CONTEXT() REPRESENTATION_CONTEXT('2D SPACE',''
  ) );
#5078 = ORIENTED_EDGE('',*,*,#5079,.T.);
#5079 = EDGE_CURVE('',#4587,#3060,#5080,.T.);
#5080 = SEAM_CURVE('',#5081,(#5085,#5092),.PCURVE_S1.);
#5081 = LINE('',#5082,#5083);
#5082 = CARTESIAN_POINT('',(47.5,0.9,0.));
#5083 = VECTOR('',#5084,1.);
#5084 = DIRECTION('',(0.,0.,1.));
#5085 = PCURVE('',#3076,#5086);
#5086 = DEFINITIONAL_REPRESENTATION('',(#5087),#5091);
#5087 = LINE('',#5088,#5089);
#5088 = CARTESIAN_POINT('',(6.28318530718,0.));
#5089 = VECTOR('',#5090,1.);
#5090 = DIRECTION('',(0.,-1.));
#5091 = ( GEOMETRIC_REPRESENTATION_CONTEXT(2) 
PARAMETRIC_REPRESENTATION_CONTEXT() REPRESENTATION_CONTEXT('2D SPACE',''
  ) );
#5092 = PCURVE('',#3076,#5093);
#5093 = DEFINITIONAL_REPRESENTATION('',(#5094),#5098);
#5094 = LINE('',#5095,#5096);
#5095 = CARTESIAN_POINT('',(0.,0.));
#5096 = VECTOR('',#5097,1.);
#5097 = DIRECTION('',(0.,-1.));
#5098 = ( GEOMETRIC_REPRESENTATION_CONTEXT(2) 
PARAMETRIC_REPRESENTATION_CONTEXT() REPRESENTATION_CONTEXT('2D SPACE',''
  ) );
#5099 = ORIENTED_EDGE('',*,*,#3059,.T.);
#5100 = ORIENTED_EDGE('',*,*,#5079,.F.);
#5101 = ADVANCED_FACE('',(#5102),#3531,.T.);
#5102 = FACE_BOUND('',#5103,.T.);
#5103 = EDGE_LOOP('',(#5104,#5127,#5128,#5151));
#5104 = ORIENTED_EDGE('',*,*,#5105,.T.);
#5105 = EDGE_CURVE('',#5106,#3514,#5108,.T.);
#5106 = VERTEX_POINT('',#5107);
#5107 = CARTESIAN_POINT('',(-67.5,-16.5,3.));
#5108 = SURFACE_CURVE('',#5109,(#5113,#5120),.PCURVE_S1.);
#5109 = LINE('',#5110,#5111);
#5110 = CARTESIAN_POINT('',(-67.5,-16.5,0.));
#5111 = VECTOR('',#5112,1.);
#5112 = DIRECTION('',(0.,0.,1.));
#5113 = PCURVE('',#3531,#5114);
#5114 = DEFINITIONAL_REPRESENTATION('',(#5115),#5119);
#5115 = LINE('',#5116,#5117);
#5116 = CARTESIAN_POINT('',(0.,0.));
#5117 = VECTOR('',#5118,1.);
#5118 = DIRECTION('',(0.,-1.));
#5119 = ( GEOMETRIC_REPRESENTATION_CONTEXT(2) 
PARAMETRIC_REPRESENTATION_CONTEXT() REPRESENTATION_CONTEXT('2D SPACE',''
  ) );
#5120 = PCURVE('',#3559,#5121);
#5121 = DEFINITIONAL_REPRESENTATION('',(#5122),#5126);
#5122 = LINE('',#5123,#5124);
#5123 = CARTESIAN_POINT('',(0.,0.));
#5124 = VECTOR('',#5125,1.);
#5125 = DIRECTION('',(0.,-1.));
#5126 = ( GEOMETRIC_REPRESENTATION_CONTEXT(2) 
PARAMETRIC_REPRESENTATION_CONTEXT() REPRESENTATION_CONTEXT('2D SPACE',''
  ) );
#5127 = ORIENTED_EDGE('',*,*,#3513,.T.);
#5128 = ORIENTED_EDGE('',*,*,#5129,.F.);
#5129 = EDGE_CURVE('',#5130,#3516,#5132,.T.);
#5130 = VERTEX_POINT('',#5131);
#5131 = CARTESIAN_POINT('',(-67.5,16.5,3.));
#5132 = SURFACE_CURVE('',#5133,(#5137,#5144),.PCURVE_S1.);
#5133 = LINE('',#5134,#5135);
#5134 = CARTESIAN_POINT('',(-67.5,16.5,0.));
#5135 = VECTOR('',#5136,1.);
#5136 = DIRECTION('',(0.,0.,1.));
#5137 = PCURVE('',#3531,#5138);
#5138 = DEFINITIONAL_REPRESENTATION('',(#5139),#5143);
#5139 = LINE('',#5140,#5141);
#5140 = CARTESIAN_POINT('',(33.,0.));
#5141 = VECTOR('',#5142,1.);
#5142 = DIRECTION('',(0.,-1.));
#5143 = ( GEOMETRIC_REPRESENTATION_CONTEXT(2) 
PARAMETRIC_REPRESENTATION_CONTEXT() REPRESENTATION_CONTEXT('2D SPACE',''
  ) );
#5144 = PCURVE('',#3752,#5145);
#5145 = DEFINITIONAL_REPRESENTATION('',(#5146),#5150);
#5146 = LINE('',#5147,#5148);
#5147 = CARTESIAN_POINT('',(0.,0.));
#5148 = VECTOR('',#5149,1.);
#5149 = DIRECTION('',(0.,-1.));
#5150 = ( GEOMETRIC_REPRESENTATION_CONTEXT(2) 
PARAMETRIC_REPRESENTATION_CONTEXT() REPRESENTATION_CONTEXT('2D SPACE',''
  ) );
#5151 = ORIENTED_EDGE('',*,*,#5152,.F.);
#5152 = EDGE_CURVE('',#5106,#5130,#5153,.T.);
#5153 = SURFACE_CURVE('',#5154,(#5158,#5165),.PCURVE_S1.);
#5154 = LINE('',#5155,#5156);
#5155 = CARTESIAN_POINT('',(-67.5,-16.5,3.));
#5156 = VECTOR('',#5157,1.);
#5157 = DIRECTION('',(0.,1.,0.));
#5158 = PCURVE('',#3531,#5159);
#5159 = DEFINITIONAL_REPRESENTATION('',(#5160),#5164);
#5160 = LINE('',#5161,#5162);
#5161 = CARTESIAN_POINT('',(0.,-3.));
#5162 = VECTOR('',#5163,1.);
#5163 = DIRECTION('',(1.,0.));
#5164 = ( GEOMETRIC_REPRESENTATION_CONTEXT(2) 
PARAMETRIC_REPRESENTATION_CONTEXT() REPRESENTATION_CONTEXT('2D SPACE',''
  ) );
#5165 = PCURVE('',#5166,#5171);
#5166 = PLANE('',#5167);
#5167 = AXIS2_PLACEMENT_3D('',#5168,#5169,#5170);
#5168 = CARTESIAN_POINT('',(-66.,-16.5,1.5));
#5169 = DIRECTION('',(0.707106781187,0.,0.707106781187));
#5170 = DIRECTION('',(0.,-1.,-0.));
#5171 = DEFINITIONAL_REPRESENTATION('',(#5172),#5176);
#5172 = LINE('',#5173,#5174);
#5173 = CARTESIAN_POINT('',(-0.,-2.12132034356));
#5174 = VECTOR('',#5175,1.);
#5175 = DIRECTION('',(-1.,0.));
#5176 = ( GEOMETRIC_REPRESENTATION_CONTEXT(2) 
PARAMETRIC_REPRESENTATION_CONTEXT() REPRESENTATION_CONTEXT('2D SPACE',''
  ) );
#5177 = ADVANCED_FACE('',(#5178),#3752,.T.);
#5178 = FACE_BOUND('',#5179,.T.);
#5179 = EDGE_LOOP('',(#5180,#5181,#5182,#5183));
#5180 = ORIENTED_EDGE('',*,*,#5129,.T.);
#5181 = ORIENTED_EDGE('',*,*,#3738,.T.);
#5182 = ORIENTED_EDGE('',*,*,#3797,.F.);
#5183 = ORIENTED_EDGE('',*,*,#5184,.F.);
#5184 = EDGE_CURVE('',#5130,#3768,#5185,.T.);
#5185 = SURFACE_CURVE('',#5186,(#5190,#5197),.PCURVE_S1.);
#5186 = LINE('',#5187,#5188);
#5187 = CARTESIAN_POINT('',(-67.5,16.5,3.));
#5188 = VECTOR('',#5189,1.);
#5189 = DIRECTION('',(0.707106781187,0.707106781187,0.));
#5190 = PCURVE('',#3752,#5191);
#5191 = DEFINITIONAL_REPRESENTATION('',(#5192),#5196);
#5192 = LINE('',#5193,#5194);
#5193 = CARTESIAN_POINT('',(0.,-3.));
#5194 = VECTOR('',#5195,1.);
#5195 = DIRECTION('',(1.,0.));
#5196 = ( GEOMETRIC_REPRESENTATION_CONTEXT(2) 
PARAMETRIC_REPRESENTATION_CONTEXT() REPRESENTATION_CONTEXT('2D SPACE',''
  ) );
#5197 = PCURVE('',#5198,#5203);
#5198 = PLANE('',#5199);
#5199 = AXIS2_PLACEMENT_3D('',#5200,#5201,#5202);
#5200 = CARTESIAN_POINT('',(-66.43933982822,15.43933982822,1.5));
#5201 = DIRECTION('',(0.5,-0.5,0.707106781187));
#5202 = DIRECTION('',(-0.707106781187,-0.707106781187,-0.));
#5203 = DEFINITIONAL_REPRESENTATION('',(#5204),#5208);
#5204 = LINE('',#5205,#5206);
#5205 = CARTESIAN_POINT('',(7.105427357601E-15,-2.12132034356));
#5206 = VECTOR('',#5207,1.);
#5207 = DIRECTION('',(-1.,0.));
#5208 = ( GEOMETRIC_REPRESENTATION_CONTEXT(2) 
PARAMETRIC_REPRESENTATION_CONTEXT() REPRESENTATION_CONTEXT('2D SPACE',''
  ) );
#5209 = ADVANCED_FACE('',(#5210),#3671,.F.);
#5210 = FACE_BOUND('',#5211,.F.);
#5211 = EDGE_LOOP('',(#5212,#5235,#5236,#5237));
#5212 = ORIENTED_EDGE('',*,*,#5213,.T.);
#5213 = EDGE_CURVE('',#5214,#3628,#5216,.T.);
#5214 = VERTEX_POINT('',#5215);
#5215 = CARTESIAN_POINT('',(67.5,16.5,3.));
#5216 = SURFACE_CURVE('',#5217,(#5221,#5228),.PCURVE_S1.);
#5217 = LINE('',#5218,#5219);
#5218 = CARTESIAN_POINT('',(67.5,16.5,0.));
#5219 = VECTOR('',#5220,1.);
#5220 = DIRECTION('',(0.,0.,1.));
#5221 = PCURVE('',#3671,#5222);
#5222 = DEFINITIONAL_REPRESENTATION('',(#5223),#5227);
#5223 = LINE('',#5224,#5225);
#5224 = CARTESIAN_POINT('',(0.,0.));
#5225 = VECTOR('',#5226,1.);
#5226 = DIRECTION('',(0.,-1.));
#5227 = ( GEOMETRIC_REPRESENTATION_CONTEXT(2) 
PARAMETRIC_REPRESENTATION_CONTEXT() REPRESENTATION_CONTEXT('2D SPACE',''
  ) );
#5228 = PCURVE('',#3643,#5229);
#5229 = DEFINITIONAL_REPRESENTATION('',(#5230),#5234);
#5230 = LINE('',#5231,#5232);
#5231 = CARTESIAN_POINT('',(33.,0.));
#5232 = VECTOR('',#5233,1.);
#5233 = DIRECTION('',(0.,-1.));
#5234 = ( GEOMETRIC_REPRESENTATION_CONTEXT(2) 
PARAMETRIC_REPRESENTATION_CONTEXT() REPRESENTATION_CONTEXT('2D SPACE',''
  ) );
#5235 = ORIENTED_EDGE('',*,*,#3655,.T.);
#5236 = ORIENTED_EDGE('',*,*,#3823,.F.);
#5237 = ORIENTED_EDGE('',*,*,#5238,.F.);
#5238 = EDGE_CURVE('',#5214,#3770,#5239,.T.);
#5239 = SURFACE_CURVE('',#5240,(#5244,#5251),.PCURVE_S1.);
#5240 = LINE('',#5241,#5242);
#5241 = CARTESIAN_POINT('',(67.5,16.5,3.));
#5242 = VECTOR('',#5243,1.);
#5243 = DIRECTION('',(-0.707106781187,0.707106781187,0.));
#5244 = PCURVE('',#3671,#5245);
#5245 = DEFINITIONAL_REPRESENTATION('',(#5246),#5250);
#5246 = LINE('',#5247,#5248);
#5247 = CARTESIAN_POINT('',(0.,-3.));
#5248 = VECTOR('',#5249,1.);
#5249 = DIRECTION('',(1.,0.));
#5250 = ( GEOMETRIC_REPRESENTATION_CONTEXT(2) 
PARAMETRIC_REPRESENTATION_CONTEXT() REPRESENTATION_CONTEXT('2D SPACE',''
  ) );
#5251 = PCURVE('',#5252,#5257);
#5252 = PLANE('',#5253);
#5253 = AXIS2_PLACEMENT_3D('',#5254,#5255,#5256);
#5254 = CARTESIAN_POINT('',(66.43933982822,15.43933982822,1.5));
#5255 = DIRECTION('',(0.5,0.5,-0.707106781187));
#5256 = DIRECTION('',(-0.707106781187,0.707106781187,0.));
#5257 = DEFINITIONAL_REPRESENTATION('',(#5258),#5262);
#5258 = LINE('',#5259,#5260);
#5259 = CARTESIAN_POINT('',(-7.105427357601E-15,2.12132034356));
#5260 = VECTOR('',#5261,1.);
#5261 = DIRECTION('',(1.,0.));
#5262 = ( GEOMETRIC_REPRESENTATION_CONTEXT(2) 
PARAMETRIC_REPRESENTATION_CONTEXT() REPRESENTATION_CONTEXT('2D SPACE',''
  ) );
#5263 = ADVANCED_FACE('',(#5264),#3643,.F.);
#5264 = FACE_BOUND('',#5265,.F.);
#5265 = EDGE_LOOP('',(#5266,#5289,#5290,#5291));
#5266 = ORIENTED_EDGE('',*,*,#5267,.T.);
#5267 = EDGE_CURVE('',#5268,#3600,#5270,.T.);
#5268 = VERTEX_POINT('',#5269);
#5269 = CARTESIAN_POINT('',(67.5,-16.5,3.));
#5270 = SURFACE_CURVE('',#5271,(#5275,#5282),.PCURVE_S1.);
#5271 = LINE('',#5272,#5273);
#5272 = CARTESIAN_POINT('',(67.5,-16.5,0.));
#5273 = VECTOR('',#5274,1.);
#5274 = DIRECTION('',(0.,0.,1.));
#5275 = PCURVE('',#3643,#5276);
#5276 = DEFINITIONAL_REPRESENTATION('',(#5277),#5281);
#5277 = LINE('',#5278,#5279);
#5278 = CARTESIAN_POINT('',(0.,0.));
#5279 = VECTOR('',#5280,1.);
#5280 = DIRECTION('',(0.,-1.));
#5281 = ( GEOMETRIC_REPRESENTATION_CONTEXT(2) 
PARAMETRIC_REPRESENTATION_CONTEXT() REPRESENTATION_CONTEXT('2D SPACE',''
  ) );
#5282 = PCURVE('',#3615,#5283);
#5283 = DEFINITIONAL_REPRESENTATION('',(#5284),#5288);
#5284 = LINE('',#5285,#5286);
#5285 = CARTESIAN_POINT('',(14.142135623731,0.));
#5286 = VECTOR('',#5287,1.);
#5287 = DIRECTION('',(0.,-1.));
#5288 = ( GEOMETRIC_REPRESENTATION_CONTEXT(2) 
PARAMETRIC_REPRESENTATION_CONTEXT() REPRESENTATION_CONTEXT('2D SPACE',''
  ) );
#5289 = ORIENTED_EDGE('',*,*,#3627,.T.);
#5290 = ORIENTED_EDGE('',*,*,#5213,.F.);
#5291 = ORIENTED_EDGE('',*,*,#5292,.F.);
#5292 = EDGE_CURVE('',#5268,#5214,#5293,.T.);
#5293 = SURFACE_CURVE('',#5294,(#5298,#5305),.PCURVE_S1.);
#5294 = LINE('',#5295,#5296);
#5295 = CARTESIAN_POINT('',(67.5,-16.5,3.));
#5296 = VECTOR('',#5297,1.);
#5297 = DIRECTION('',(0.,1.,0.));
#5298 = PCURVE('',#3643,#5299);
#5299 = DEFINITIONAL_REPRESENTATION('',(#5300),#5304);
#5300 = LINE('',#5301,#5302);
#5301 = CARTESIAN_POINT('',(0.,-3.));
#5302 = VECTOR('',#5303,1.);
#5303 = DIRECTION('',(1.,0.));
#5304 = ( GEOMETRIC_REPRESENTATION_CONTEXT(2) 
PARAMETRIC_REPRESENTATION_CONTEXT() REPRESENTATION_CONTEXT('2D SPACE',''
  ) );
#5305 = PCURVE('',#5306,#5311);
#5306 = PLANE('',#5307);
#5307 = AXIS2_PLACEMENT_3D('',#5308,#5309,#5310);
#5308 = CARTESIAN_POINT('',(66.,-16.5,1.5));
#5309 = DIRECTION('',(0.707106781187,0.,-0.707106781187));
#5310 = DIRECTION('',(0.,1.,0.));
#5311 = DEFINITIONAL_REPRESENTATION('',(#5312),#5316);
#5312 = LINE('',#5313,#5314);
#5313 = CARTESIAN_POINT('',(0.,2.12132034356));
#5314 = VECTOR('',#5315,1.);
#5315 = DIRECTION('',(1.,0.));
#5316 = ( GEOMETRIC_REPRESENTATION_CONTEXT(2) 
PARAMETRIC_REPRESENTATION_CONTEXT() REPRESENTATION_CONTEXT('2D SPACE',''
  ) );
#5317 = ADVANCED_FACE('',(#5318),#3615,.F.);
#5318 = FACE_BOUND('',#5319,.F.);
#5319 = EDGE_LOOP('',(#5320,#5343,#5344,#5345));
#5320 = ORIENTED_EDGE('',*,*,#5321,.T.);
#5321 = EDGE_CURVE('',#5322,#3572,#5324,.T.);
#5322 = VERTEX_POINT('',#5323);
#5323 = CARTESIAN_POINT('',(57.5,-26.5,3.));
#5324 = SURFACE_CURVE('',#5325,(#5329,#5336),.PCURVE_S1.);
#5325 = LINE('',#5326,#5327);
#5326 = CARTESIAN_POINT('',(57.5,-26.5,0.));
#5327 = VECTOR('',#5328,1.);
#5328 = DIRECTION('',(0.,0.,1.));
#5329 = PCURVE('',#3615,#5330);
#5330 = DEFINITIONAL_REPRESENTATION('',(#5331),#5335);
#5331 = LINE('',#5332,#5333);
#5332 = CARTESIAN_POINT('',(0.,0.));
#5333 = VECTOR('',#5334,1.);
#5334 = DIRECTION('',(0.,-1.));
#5335 = ( GEOMETRIC_REPRESENTATION_CONTEXT(2) 
PARAMETRIC_REPRESENTATION_CONTEXT() REPRESENTATION_CONTEXT('2D SPACE',''
  ) );
#5336 = PCURVE('',#3587,#5337);
#5337 = DEFINITIONAL_REPRESENTATION('',(#5338),#5342);
#5338 = LINE('',#5339,#5340);
#5339 = CARTESIAN_POINT('',(115.,0.));
#5340 = VECTOR('',#5341,1.);
#5341 = DIRECTION('',(0.,-1.));
#5342 = ( GEOMETRIC_REPRESENTATION_CONTEXT(2) 
PARAMETRIC_REPRESENTATION_CONTEXT() REPRESENTATION_CONTEXT('2D SPACE',''
  ) );
#5343 = ORIENTED_EDGE('',*,*,#3599,.T.);
#5344 = ORIENTED_EDGE('',*,*,#5267,.F.);
#5345 = ORIENTED_EDGE('',*,*,#5346,.F.);
#5346 = EDGE_CURVE('',#5322,#5268,#5347,.T.);
#5347 = SURFACE_CURVE('',#5348,(#5352,#5359),.PCURVE_S1.);
#5348 = LINE('',#5349,#5350);
#5349 = CARTESIAN_POINT('',(57.5,-26.5,3.));
#5350 = VECTOR('',#5351,1.);
#5351 = DIRECTION('',(0.707106781187,0.707106781187,0.));
#5352 = PCURVE('',#3615,#5353);
#5353 = DEFINITIONAL_REPRESENTATION('',(#5354),#5358);
#5354 = LINE('',#5355,#5356);
#5355 = CARTESIAN_POINT('',(0.,-3.));
#5356 = VECTOR('',#5357,1.);
#5357 = DIRECTION('',(1.,0.));
#5358 = ( GEOMETRIC_REPRESENTATION_CONTEXT(2) 
PARAMETRIC_REPRESENTATION_CONTEXT() REPRESENTATION_CONTEXT('2D SPACE',''
  ) );
#5359 = PCURVE('',#5360,#5365);
#5360 = PLANE('',#5361);
#5361 = AXIS2_PLACEMENT_3D('',#5362,#5363,#5364);
#5362 = CARTESIAN_POINT('',(56.43933982822,-25.43933982822,1.5));
#5363 = DIRECTION('',(0.5,-0.5,-0.707106781187));
#5364 = DIRECTION('',(0.707106781187,0.707106781187,-2.775557561563E-17)
  );
#5365 = DEFINITIONAL_REPRESENTATION('',(#5366),#5370);
#5366 = LINE('',#5367,#5368);
#5367 = CARTESIAN_POINT('',(0.,2.12132034356));
#5368 = VECTOR('',#5369,1.);
#5369 = DIRECTION('',(1.,0.));
#5370 = ( GEOMETRIC_REPRESENTATION_CONTEXT(2) 
PARAMETRIC_REPRESENTATION_CONTEXT() REPRESENTATION_CONTEXT('2D SPACE',''
  ) );
#5371 = ADVANCED_FACE('',(#5372),#3587,.F.);
#5372 = FACE_BOUND('',#5373,.F.);
#5373 = EDGE_LOOP('',(#5374,#5397,#5398,#5399));
#5374 = ORIENTED_EDGE('',*,*,#5375,.T.);
#5375 = EDGE_CURVE('',#5376,#3544,#5378,.T.);
#5376 = VERTEX_POINT('',#5377);
#5377 = CARTESIAN_POINT('',(-57.5,-26.5,3.));
#5378 = SURFACE_CURVE('',#5379,(#5383,#5390),.PCURVE_S1.);
#5379 = LINE('',#5380,#5381);
#5380 = CARTESIAN_POINT('',(-57.5,-26.5,0.));
#5381 = VECTOR('',#5382,1.);
#5382 = DIRECTION('',(0.,0.,1.));
#5383 = PCURVE('',#3587,#5384);
#5384 = DEFINITIONAL_REPRESENTATION('',(#5385),#5389);
#5385 = LINE('',#5386,#5387);
#5386 = CARTESIAN_POINT('',(0.,0.));
#5387 = VECTOR('',#5388,1.);
#5388 = DIRECTION('',(0.,-1.));
#5389 = ( GEOMETRIC_REPRESENTATION_CONTEXT(2) 
PARAMETRIC_REPRESENTATION_CONTEXT() REPRESENTATION_CONTEXT('2D SPACE',''
  ) );
#5390 = PCURVE('',#3559,#5391);
#5391 = DEFINITIONAL_REPRESENTATION('',(#5392),#5396);
#5392 = LINE('',#5393,#5394);
#5393 = CARTESIAN_POINT('',(14.142135623731,0.));
#5394 = VECTOR('',#5395,1.);
#5395 = DIRECTION('',(0.,-1.));
#5396 = ( GEOMETRIC_REPRESENTATION_CONTEXT(2) 
PARAMETRIC_REPRESENTATION_CONTEXT() REPRESENTATION_CONTEXT('2D SPACE',''
  ) );
#5397 = ORIENTED_EDGE('',*,*,#3571,.T.);
#5398 = ORIENTED_EDGE('',*,*,#5321,.F.);
#5399 = ORIENTED_EDGE('',*,*,#5400,.F.);
#5400 = EDGE_CURVE('',#5376,#5322,#5401,.T.);
#5401 = SURFACE_CURVE('',#5402,(#5406,#5413),.PCURVE_S1.);
#5402 = LINE('',#5403,#5404);
#5403 = CARTESIAN_POINT('',(-57.5,-26.5,3.));
#5404 = VECTOR('',#5405,1.);
#5405 = DIRECTION('',(1.,0.,0.));
#5406 = PCURVE('',#3587,#5407);
#5407 = DEFINITIONAL_REPRESENTATION('',(#5408),#5412);
#5408 = LINE('',#5409,#5410);
#5409 = CARTESIAN_POINT('',(0.,-3.));
#5410 = VECTOR('',#5411,1.);
#5411 = DIRECTION('',(1.,0.));
#5412 = ( GEOMETRIC_REPRESENTATION_CONTEXT(2) 
PARAMETRIC_REPRESENTATION_CONTEXT() REPRESENTATION_CONTEXT('2D SPACE',''
  ) );
#5413 = PCURVE('',#5414,#5419);
#5414 = PLANE('',#5415);
#5415 = AXIS2_PLACEMENT_3D('',#5416,#5417,#5418);
#5416 = CARTESIAN_POINT('',(-57.5,-25.,1.5));
#5417 = DIRECTION('',(0.,-0.707106781187,-0.707106781187));
#5418 = DIRECTION('',(1.,0.,0.));
#5419 = DEFINITIONAL_REPRESENTATION('',(#5420),#5424);
#5420 = LINE('',#5421,#5422);
#5421 = CARTESIAN_POINT('',(0.,2.12132034356));
#5422 = VECTOR('',#5423,1.);
#5423 = DIRECTION('',(1.,0.));
#5424 = ( GEOMETRIC_REPRESENTATION_CONTEXT(2) 
PARAMETRIC_REPRESENTATION_CONTEXT() REPRESENTATION_CONTEXT('2D SPACE',''
  ) );
#5425 = ADVANCED_FACE('',(#5426),#3559,.F.);
#5426 = FACE_BOUND('',#5427,.F.);
#5427 = EDGE_LOOP('',(#5428,#5429,#5430,#5431));
#5428 = ORIENTED_EDGE('',*,*,#5105,.T.);
#5429 = ORIENTED_EDGE('',*,*,#3543,.T.);
#5430 = ORIENTED_EDGE('',*,*,#5375,.F.);
#5431 = ORIENTED_EDGE('',*,*,#5432,.F.);
#5432 = EDGE_CURVE('',#5106,#5376,#5433,.T.);
#5433 = SURFACE_CURVE('',#5434,(#5438,#5445),.PCURVE_S1.);
#5434 = LINE('',#5435,#5436);
#5435 = CARTESIAN_POINT('',(-67.5,-16.5,3.));
#5436 = VECTOR('',#5437,1.);
#5437 = DIRECTION('',(0.707106781187,-0.707106781187,0.));
#5438 = PCURVE('',#3559,#5439);
#5439 = DEFINITIONAL_REPRESENTATION('',(#5440),#5444);
#5440 = LINE('',#5441,#5442);
#5441 = CARTESIAN_POINT('',(0.,-3.));
#5442 = VECTOR('',#5443,1.);
#5443 = DIRECTION('',(1.,0.));
#5444 = ( GEOMETRIC_REPRESENTATION_CONTEXT(2) 
PARAMETRIC_REPRESENTATION_CONTEXT() REPRESENTATION_CONTEXT('2D SPACE',''
  ) );
#5445 = PCURVE('',#5446,#5451);
#5446 = PLANE('',#5447);
#5447 = AXIS2_PLACEMENT_3D('',#5448,#5449,#5450);
#5448 = CARTESIAN_POINT('',(-66.43933982822,-15.43933982822,1.5));
#5449 = DIRECTION('',(-0.5,-0.5,-0.707106781187));
#5450 = DIRECTION('',(-0.707106781187,0.707106781187,-0.));
#5451 = DEFINITIONAL_REPRESENTATION('',(#5452),#5456);
#5452 = LINE('',#5453,#5454);
#5453 = CARTESIAN_POINT('',(7.105427357601E-15,-2.12132034356));
#5454 = VECTOR('',#5455,1.);
#5455 = DIRECTION('',(-1.,0.));
#5456 = ( GEOMETRIC_REPRESENTATION_CONTEXT(2) 
PARAMETRIC_REPRESENTATION_CONTEXT() REPRESENTATION_CONTEXT('2D SPACE',''
  ) );
#5457 = ADVANCED_FACE('',(#5458),#3785,.F.);
#5458 = FACE_BOUND('',#5459,.F.);
#5459 = EDGE_LOOP('',(#5460,#5483,#5511,#5532));
#5460 = ORIENTED_EDGE('',*,*,#5461,.T.);
#5461 = EDGE_CURVE('',#3768,#5462,#5464,.T.);
#5462 = VERTEX_POINT('',#5463);
#5463 = CARTESIAN_POINT('',(-56.25735931288,23.5,3.330669073875E-15));
#5464 = SURFACE_CURVE('',#5465,(#5469,#5476),.PCURVE_S1.);
#5465 = LINE('',#5466,#5467);
#5466 = CARTESIAN_POINT('',(-56.36909430915,23.76975214339,0.26975214339
    ));
#5467 = VECTOR('',#5468,1.);
#5468 = DIRECTION('',(0.281084637715,-0.678598344546,-0.678598344546));
#5469 = PCURVE('',#3785,#5470);
#5470 = DEFINITIONAL_REPRESENTATION('',(#5471),#5475);
#5471 = LINE('',#5472,#5473);
#5472 = CARTESIAN_POINT('',(1.130905690848,-1.739833203899));
#5473 = VECTOR('',#5474,1.);
#5474 = DIRECTION('',(0.281084637715,-0.959682982261));
#5475 = ( GEOMETRIC_REPRESENTATION_CONTEXT(2) 
PARAMETRIC_REPRESENTATION_CONTEXT() REPRESENTATION_CONTEXT('2D SPACE',''
  ) );
#5476 = PCURVE('',#5198,#5477);
#5477 = DEFINITIONAL_REPRESENTATION('',(#5478),#5482);
#5478 = LINE('',#5479,#5480);
#5479 = CARTESIAN_POINT('',(-13.01122993288,1.739833203899));
#5480 = VECTOR('',#5481,1.);
#5481 = DIRECTION('',(0.281084637715,0.959682982261));
#5482 = ( GEOMETRIC_REPRESENTATION_CONTEXT(2) 
PARAMETRIC_REPRESENTATION_CONTEXT() REPRESENTATION_CONTEXT('2D SPACE',''
  ) );
#5483 = ORIENTED_EDGE('',*,*,#5484,.T.);
#5484 = EDGE_CURVE('',#5462,#5485,#5487,.T.);
#5485 = VERTEX_POINT('',#5486);
#5486 = CARTESIAN_POINT('',(56.257359312881,23.5,3.330669073875E-15));
#5487 = SURFACE_CURVE('',#5488,(#5492,#5499),.PCURVE_S1.);
#5488 = LINE('',#5489,#5490);
#5489 = CARTESIAN_POINT('',(-57.5,23.5,0.));
#5490 = VECTOR('',#5491,1.);
#5491 = DIRECTION('',(1.,0.,0.));
#5492 = PCURVE('',#3785,#5493);
#5493 = DEFINITIONAL_REPRESENTATION('',(#5494),#5498);
#5494 = LINE('',#5495,#5496);
#5495 = CARTESIAN_POINT('',(0.,-2.12132034356));
#5496 = VECTOR('',#5497,1.);
#5497 = DIRECTION('',(1.,0.));
#5498 = ( GEOMETRIC_REPRESENTATION_CONTEXT(2) 
PARAMETRIC_REPRESENTATION_CONTEXT() REPRESENTATION_CONTEXT('2D SPACE',''
  ) );
#5499 = PCURVE('',#5500,#5505);
#5500 = PLANE('',#5501);
#5501 = AXIS2_PLACEMENT_3D('',#5502,#5503,#5504);
#5502 = CARTESIAN_POINT('',(38.205366309778,0.9,0.));
#5503 = DIRECTION('',(0.,0.,1.));
#5504 = DIRECTION('',(1.,0.,0.));
#5505 = DEFINITIONAL_REPRESENTATION('',(#5506),#5510);
#5506 = LINE('',#5507,#5508);
#5507 = CARTESIAN_POINT('',(-95.70536630977,22.6));
#5508 = VECTOR('',#5509,1.);
#5509 = DIRECTION('',(1.,0.));
#5510 = ( GEOMETRIC_REPRESENTATION_CONTEXT(2) 
PARAMETRIC_REPRESENTATION_CONTEXT() REPRESENTATION_CONTEXT('2D SPACE',''
  ) );
#5511 = ORIENTED_EDGE('',*,*,#5512,.T.);
#5512 = EDGE_CURVE('',#5485,#3770,#5513,.T.);
#5513 = SURFACE_CURVE('',#5514,(#5518,#5525),.PCURVE_S1.);
#5514 = LINE('',#5515,#5516);
#5515 = CARTESIAN_POINT('',(51.826101329494,12.801996878133,
    -10.69800312186));
#5516 = VECTOR('',#5517,1.);
#5517 = DIRECTION('',(0.281084637715,0.678598344546,0.678598344546));
#5518 = PCURVE('',#3785,#5519);
#5519 = DEFINITIONAL_REPRESENTATION('',(#5520),#5524);
#5520 = LINE('',#5521,#5522);
#5521 = CARTESIAN_POINT('',(109.32610132949,-17.25058144881));
#5522 = VECTOR('',#5523,1.);
#5523 = DIRECTION('',(0.281084637715,0.959682982261));
#5524 = ( GEOMETRIC_REPRESENTATION_CONTEXT(2) 
PARAMETRIC_REPRESENTATION_CONTEXT() REPRESENTATION_CONTEXT('2D SPACE',''
  ) );
#5525 = PCURVE('',#5252,#5526);
#5526 = DEFINITIONAL_REPRESENTATION('',(#5527),#5531);
#5527 = LINE('',#5528,#5529);
#5528 = CARTESIAN_POINT('',(8.468236953225,-17.25058144881));
#5529 = VECTOR('',#5530,1.);
#5530 = DIRECTION('',(0.281084637715,0.959682982261));
#5531 = ( GEOMETRIC_REPRESENTATION_CONTEXT(2) 
PARAMETRIC_REPRESENTATION_CONTEXT() REPRESENTATION_CONTEXT('2D SPACE',''
  ) );
#5532 = ORIENTED_EDGE('',*,*,#3767,.F.);
#5533 = ADVANCED_FACE('',(#5534),#3885,.T.);
#5534 = FACE_BOUND('',#5535,.T.);
#5535 = EDGE_LOOP('',(#5536));
#5536 = ORIENTED_EDGE('',*,*,#3870,.T.);
#5537 = ADVANCED_FACE('',(#5538),#3940,.T.);
#5538 = FACE_BOUND('',#5539,.T.);
#5539 = EDGE_LOOP('',(#5540));
#5540 = ORIENTED_EDGE('',*,*,#3925,.T.);
#5541 = ADVANCED_FACE('',(#5542),#3995,.T.);
#5542 = FACE_BOUND('',#5543,.T.);
#5543 = EDGE_LOOP('',(#5544));
#5544 = ORIENTED_EDGE('',*,*,#3980,.T.);
#5545 = ADVANCED_FACE('',(#5546),#4338,.T.);
#5546 = FACE_BOUND('',#5547,.T.);
#5547 = EDGE_LOOP('',(#5548));
#5548 = ORIENTED_EDGE('',*,*,#4012,.F.);
#5549 = ADVANCED_FACE('',(#5550),#4569,.T.);
#5550 = FACE_BOUND('',#5551,.T.);
#5551 = EDGE_LOOP('',(#5552));
#5552 = ORIENTED_EDGE('',*,*,#4554,.T.);
#5553 = ADVANCED_FACE('',(#5554),#4912,.T.);
#5554 = FACE_BOUND('',#5555,.T.);
#5555 = EDGE_LOOP('',(#5556));
#5556 = ORIENTED_EDGE('',*,*,#4586,.F.);
#5557 = ADVANCED_FACE('',(#5558),#5166,.F.);
#5558 = FACE_BOUND('',#5559,.T.);
#5559 = EDGE_LOOP('',(#5560,#5583,#5584,#5607));
#5560 = ORIENTED_EDGE('',*,*,#5561,.F.);
#5561 = EDGE_CURVE('',#5106,#5562,#5564,.T.);
#5562 = VERTEX_POINT('',#5563);
#5563 = CARTESIAN_POINT('',(-64.5,-15.25735931288,2.886579864025E-15));
#5564 = SURFACE_CURVE('',#5565,(#5569,#5576),.PCURVE_S1.);
#5565 = LINE('',#5566,#5567);
#5566 = CARTESIAN_POINT('',(-66.11851286033,-15.9277692905,
    1.618512860339));
#5567 = VECTOR('',#5568,1.);
#5568 = DIRECTION('',(0.678598344546,0.281084637715,-0.678598344546));
#5569 = PCURVE('',#5166,#5570);
#5570 = DEFINITIONAL_REPRESENTATION('',(#5571),#5575);
#5571 = LINE('',#5572,#5573);
#5572 = CARTESIAN_POINT('',(-0.572230709492,-0.167602494407));
#5573 = VECTOR('',#5574,1.);
#5574 = DIRECTION('',(-0.281084637715,0.959682982261));
#5575 = ( GEOMETRIC_REPRESENTATION_CONTEXT(2) 
PARAMETRIC_REPRESENTATION_CONTEXT() REPRESENTATION_CONTEXT('2D SPACE',''
  ) );
#5576 = PCURVE('',#5446,#5577);
#5577 = DEFINITIONAL_REPRESENTATION('',(#5578),#5582);
#5578 = LINE('',#5579,#5580);
#5579 = CARTESIAN_POINT('',(-0.572230709492,-0.167602494407));
#5580 = VECTOR('',#5581,1.);
#5581 = DIRECTION('',(-0.281084637715,0.959682982261));
#5582 = ( GEOMETRIC_REPRESENTATION_CONTEXT(2) 
PARAMETRIC_REPRESENTATION_CONTEXT() REPRESENTATION_CONTEXT('2D SPACE',''
  ) );
#5583 = ORIENTED_EDGE('',*,*,#5152,.T.);
#5584 = ORIENTED_EDGE('',*,*,#5585,.T.);
#5585 = EDGE_CURVE('',#5130,#5586,#5588,.T.);
#5586 = VERTEX_POINT('',#5587);
#5587 = CARTESIAN_POINT('',(-64.5,15.257359312881,2.886579864025E-15));
#5588 = SURFACE_CURVE('',#5589,(#5593,#5600),.PCURVE_S1.);
#5589 = LINE('',#5590,#5591);
#5590 = CARTESIAN_POINT('',(-62.97124395813,14.62412782678,
    -1.528756041865));
#5591 = VECTOR('',#5592,1.);
#5592 = DIRECTION('',(0.678598344546,-0.281084637715,-0.678598344546));
#5593 = PCURVE('',#5166,#5594);
#5594 = DEFINITIONAL_REPRESENTATION('',(#5595),#5599);
#5595 = LINE('',#5596,#5597);
#5596 = CARTESIAN_POINT('',(-31.12412782678,4.283307871525));
#5597 = VECTOR('',#5598,1.);
#5598 = DIRECTION('',(0.281084637715,0.959682982261));
#5599 = ( GEOMETRIC_REPRESENTATION_CONTEXT(2) 
PARAMETRIC_REPRESENTATION_CONTEXT() REPRESENTATION_CONTEXT('2D SPACE',''
  ) );
#5600 = PCURVE('',#5198,#5601);
#5601 = DEFINITIONAL_REPRESENTATION('',(#5602),#5606);
#5602 = LINE('',#5603,#5604);
#5603 = CARTESIAN_POINT('',(-1.87587217322,4.283307871525));
#5604 = VECTOR('',#5605,1.);
#5605 = DIRECTION('',(-0.281084637715,0.959682982261));
#5606 = ( GEOMETRIC_REPRESENTATION_CONTEXT(2) 
PARAMETRIC_REPRESENTATION_CONTEXT() REPRESENTATION_CONTEXT('2D SPACE',''
  ) );
#5607 = ORIENTED_EDGE('',*,*,#5608,.F.);
#5608 = EDGE_CURVE('',#5562,#5586,#5609,.T.);
#5609 = SURFACE_CURVE('',#5610,(#5614,#5621),.PCURVE_S1.);
#5610 = LINE('',#5611,#5612);
#5611 = CARTESIAN_POINT('',(-64.5,-16.5,0.));
#5612 = VECTOR('',#5613,1.);
#5613 = DIRECTION('',(0.,1.,0.));
#5614 = PCURVE('',#5166,#5615);
#5615 = DEFINITIONAL_REPRESENTATION('',(#5616),#5620);
#5616 = LINE('',#5617,#5618);
#5617 = CARTESIAN_POINT('',(-0.,2.12132034356));
#5618 = VECTOR('',#5619,1.);
#5619 = DIRECTION('',(-1.,0.));
#5620 = ( GEOMETRIC_REPRESENTATION_CONTEXT(2) 
PARAMETRIC_REPRESENTATION_CONTEXT() REPRESENTATION_CONTEXT('2D SPACE',''
  ) );
#5621 = PCURVE('',#5500,#5622);
#5622 = DEFINITIONAL_REPRESENTATION('',(#5623),#5627);
#5623 = LINE('',#5624,#5625);
#5624 = CARTESIAN_POINT('',(-102.7053663097,-17.4));
#5625 = VECTOR('',#5626,1.);
#5626 = DIRECTION('',(0.,1.));
#5627 = ( GEOMETRIC_REPRESENTATION_CONTEXT(2) 
PARAMETRIC_REPRESENTATION_CONTEXT() REPRESENTATION_CONTEXT('2D SPACE',''
  ) );
#5628 = ADVANCED_FACE('',(#5629),#5198,.F.);
#5629 = FACE_BOUND('',#5630,.T.);
#5630 = EDGE_LOOP('',(#5631,#5632,#5633,#5634));
#5631 = ORIENTED_EDGE('',*,*,#5585,.F.);
#5632 = ORIENTED_EDGE('',*,*,#5184,.T.);
#5633 = ORIENTED_EDGE('',*,*,#5461,.T.);
#5634 = ORIENTED_EDGE('',*,*,#5635,.F.);
#5635 = EDGE_CURVE('',#5586,#5462,#5636,.T.);
#5636 = SURFACE_CURVE('',#5637,(#5641,#5648),.PCURVE_S1.);
#5637 = LINE('',#5638,#5639);
#5638 = CARTESIAN_POINT('',(-65.37867965644,14.37867965644,0.));
#5639 = VECTOR('',#5640,1.);
#5640 = DIRECTION('',(0.707106781187,0.707106781187,0.));
#5641 = PCURVE('',#5198,#5642);
#5642 = DEFINITIONAL_REPRESENTATION('',(#5643),#5647);
#5643 = LINE('',#5644,#5645);
#5644 = CARTESIAN_POINT('',(7.105427357601E-15,2.12132034356));
#5645 = VECTOR('',#5646,1.);
#5646 = DIRECTION('',(-1.,0.));
#5647 = ( GEOMETRIC_REPRESENTATION_CONTEXT(2) 
PARAMETRIC_REPRESENTATION_CONTEXT() REPRESENTATION_CONTEXT('2D SPACE',''
  ) );
#5648 = PCURVE('',#5500,#5649);
#5649 = DEFINITIONAL_REPRESENTATION('',(#5650),#5654);
#5650 = LINE('',#5651,#5652);
#5651 = CARTESIAN_POINT('',(-103.5840459662,13.47867965644));
#5652 = VECTOR('',#5653,1.);
#5653 = DIRECTION('',(0.707106781187,0.707106781187));
#5654 = ( GEOMETRIC_REPRESENTATION_CONTEXT(2) 
PARAMETRIC_REPRESENTATION_CONTEXT() REPRESENTATION_CONTEXT('2D SPACE',''
  ) );
#5655 = ADVANCED_FACE('',(#5656),#5252,.T.);
#5656 = FACE_BOUND('',#5657,.T.);
#5657 = EDGE_LOOP('',(#5658,#5681,#5702,#5703));
#5658 = ORIENTED_EDGE('',*,*,#5659,.F.);
#5659 = EDGE_CURVE('',#5660,#5214,#5662,.T.);
#5660 = VERTEX_POINT('',#5661);
#5661 = CARTESIAN_POINT('',(64.5,15.257359312881,2.886579864025E-15));
#5662 = SURFACE_CURVE('',#5663,(#5667,#5674),.PCURVE_S1.);
#5663 = LINE('',#5664,#5665);
#5664 = CARTESIAN_POINT('',(62.971243958135,14.62412782678,
    -1.528756041865));
#5665 = VECTOR('',#5666,1.);
#5666 = DIRECTION('',(0.678598344546,0.281084637715,0.678598344546));
#5667 = PCURVE('',#5252,#5668);
#5668 = DEFINITIONAL_REPRESENTATION('',(#5669),#5673);
#5669 = LINE('',#5670,#5671);
#5670 = CARTESIAN_POINT('',(1.87587217322,-4.283307871525));
#5671 = VECTOR('',#5672,1.);
#5672 = DIRECTION('',(-0.281084637715,0.959682982261));
#5673 = ( GEOMETRIC_REPRESENTATION_CONTEXT(2) 
PARAMETRIC_REPRESENTATION_CONTEXT() REPRESENTATION_CONTEXT('2D SPACE',''
  ) );
#5674 = PCURVE('',#5306,#5675);
#5675 = DEFINITIONAL_REPRESENTATION('',(#5676),#5680);
#5676 = LINE('',#5677,#5678);
#5677 = CARTESIAN_POINT('',(31.12412782678,-4.283307871525));
#5678 = VECTOR('',#5679,1.);
#5679 = DIRECTION('',(0.281084637715,0.959682982261));
#5680 = ( GEOMETRIC_REPRESENTATION_CONTEXT(2) 
PARAMETRIC_REPRESENTATION_CONTEXT() REPRESENTATION_CONTEXT('2D SPACE',''
  ) );
#5681 = ORIENTED_EDGE('',*,*,#5682,.T.);
#5682 = EDGE_CURVE('',#5660,#5485,#5683,.T.);
#5683 = SURFACE_CURVE('',#5684,(#5688,#5695),.PCURVE_S1.);
#5684 = LINE('',#5685,#5686);
#5685 = CARTESIAN_POINT('',(65.37867965644,14.37867965644,0.));
#5686 = VECTOR('',#5687,1.);
#5687 = DIRECTION('',(-0.707106781187,0.707106781187,0.));
#5688 = PCURVE('',#5252,#5689);
#5689 = DEFINITIONAL_REPRESENTATION('',(#5690),#5694);
#5690 = LINE('',#5691,#5692);
#5691 = CARTESIAN_POINT('',(-7.105427357601E-15,-2.12132034356));
#5692 = VECTOR('',#5693,1.);
#5693 = DIRECTION('',(1.,0.));
#5694 = ( GEOMETRIC_REPRESENTATION_CONTEXT(2) 
PARAMETRIC_REPRESENTATION_CONTEXT() REPRESENTATION_CONTEXT('2D SPACE',''
  ) );
#5695 = PCURVE('',#5500,#5696);
#5696 = DEFINITIONAL_REPRESENTATION('',(#5697),#5701);
#5697 = LINE('',#5698,#5699);
#5698 = CARTESIAN_POINT('',(27.173313346662,13.47867965644));
#5699 = VECTOR('',#5700,1.);
#5700 = DIRECTION('',(-0.707106781187,0.707106781187));
#5701 = ( GEOMETRIC_REPRESENTATION_CONTEXT(2) 
PARAMETRIC_REPRESENTATION_CONTEXT() REPRESENTATION_CONTEXT('2D SPACE',''
  ) );
#5702 = ORIENTED_EDGE('',*,*,#5512,.T.);
#5703 = ORIENTED_EDGE('',*,*,#5238,.F.);
#5704 = ADVANCED_FACE('',(#5705),#5306,.T.);
#5705 = FACE_BOUND('',#5706,.T.);
#5706 = EDGE_LOOP('',(#5707,#5730,#5751,#5752));
#5707 = ORIENTED_EDGE('',*,*,#5708,.F.);
#5708 = EDGE_CURVE('',#5709,#5268,#5711,.T.);
#5709 = VERTEX_POINT('',#5710);
#5710 = CARTESIAN_POINT('',(64.5,-15.25735931288,2.886579864025E-15));
#5711 = SURFACE_CURVE('',#5712,(#5716,#5723),.PCURVE_S1.);
#5712 = LINE('',#5713,#5714);
#5713 = CARTESIAN_POINT('',(64.76975214339,-15.36909430915,0.26975214339
    ));
#5714 = VECTOR('',#5715,1.);
#5715 = DIRECTION('',(0.678598344546,-0.281084637715,0.678598344546));
#5716 = PCURVE('',#5306,#5717);
#5717 = DEFINITIONAL_REPRESENTATION('',(#5718),#5722);
#5718 = LINE('',#5719,#5720);
#5719 = CARTESIAN_POINT('',(1.130905690848,-1.739833203899));
#5720 = VECTOR('',#5721,1.);
#5721 = DIRECTION('',(-0.281084637715,0.959682982261));
#5722 = ( GEOMETRIC_REPRESENTATION_CONTEXT(2) 
PARAMETRIC_REPRESENTATION_CONTEXT() REPRESENTATION_CONTEXT('2D SPACE',''
  ) );
#5723 = PCURVE('',#5360,#5724);
#5724 = DEFINITIONAL_REPRESENTATION('',(#5725),#5729);
#5725 = LINE('',#5726,#5727);
#5726 = CARTESIAN_POINT('',(13.011229932883,-1.739833203899));
#5727 = VECTOR('',#5728,1.);
#5728 = DIRECTION('',(0.281084637715,0.959682982261));
#5729 = ( GEOMETRIC_REPRESENTATION_CONTEXT(2) 
PARAMETRIC_REPRESENTATION_CONTEXT() REPRESENTATION_CONTEXT('2D SPACE',''
  ) );
#5730 = ORIENTED_EDGE('',*,*,#5731,.T.);
#5731 = EDGE_CURVE('',#5709,#5660,#5732,.T.);
#5732 = SURFACE_CURVE('',#5733,(#5737,#5744),.PCURVE_S1.);
#5733 = LINE('',#5734,#5735);
#5734 = CARTESIAN_POINT('',(64.5,-16.5,0.));
#5735 = VECTOR('',#5736,1.);
#5736 = DIRECTION('',(0.,1.,0.));
#5737 = PCURVE('',#5306,#5738);
#5738 = DEFINITIONAL_REPRESENTATION('',(#5739),#5743);
#5739 = LINE('',#5740,#5741);
#5740 = CARTESIAN_POINT('',(0.,-2.12132034356));
#5741 = VECTOR('',#5742,1.);
#5742 = DIRECTION('',(1.,0.));
#5743 = ( GEOMETRIC_REPRESENTATION_CONTEXT(2) 
PARAMETRIC_REPRESENTATION_CONTEXT() REPRESENTATION_CONTEXT('2D SPACE',''
  ) );
#5744 = PCURVE('',#5500,#5745);
#5745 = DEFINITIONAL_REPRESENTATION('',(#5746),#5750);
#5746 = LINE('',#5747,#5748);
#5747 = CARTESIAN_POINT('',(26.294633690222,-17.4));
#5748 = VECTOR('',#5749,1.);
#5749 = DIRECTION('',(0.,1.));
#5750 = ( GEOMETRIC_REPRESENTATION_CONTEXT(2) 
PARAMETRIC_REPRESENTATION_CONTEXT() REPRESENTATION_CONTEXT('2D SPACE',''
  ) );
#5751 = ORIENTED_EDGE('',*,*,#5659,.T.);
#5752 = ORIENTED_EDGE('',*,*,#5292,.F.);
#5753 = ADVANCED_FACE('',(#5754),#5360,.T.);
#5754 = FACE_BOUND('',#5755,.T.);
#5755 = EDGE_LOOP('',(#5756,#5779,#5800,#5801));
#5756 = ORIENTED_EDGE('',*,*,#5757,.F.);
#5757 = EDGE_CURVE('',#5758,#5322,#5760,.T.);
#5758 = VERTEX_POINT('',#5759);
#5759 = CARTESIAN_POINT('',(56.257359312881,-23.5,4.440892098501E-16));
#5760 = SURFACE_CURVE('',#5761,(#5765,#5772),.PCURVE_S1.);
#5761 = LINE('',#5762,#5763);
#5762 = CARTESIAN_POINT('',(52.38477631085,-14.15075759508,
    -9.349242404918));
#5763 = VECTOR('',#5764,1.);
#5764 = DIRECTION('',(0.281084637715,-0.678598344546,0.678598344546));
#5765 = PCURVE('',#5360,#5766);
#5766 = DEFINITIONAL_REPRESENTATION('',(#5767),#5771);
#5767 = LINE('',#5768,#5769);
#5768 = CARTESIAN_POINT('',(5.11522368915,-15.3431457505));
#5769 = VECTOR('',#5770,1.);
#5770 = DIRECTION('',(-0.281084637715,0.959682982261));
#5771 = ( GEOMETRIC_REPRESENTATION_CONTEXT(2) 
PARAMETRIC_REPRESENTATION_CONTEXT() REPRESENTATION_CONTEXT('2D SPACE',''
  ) );
#5772 = PCURVE('',#5414,#5773);
#5773 = DEFINITIONAL_REPRESENTATION('',(#5774),#5778);
#5774 = LINE('',#5775,#5776);
#5775 = CARTESIAN_POINT('',(109.88477631085,-15.3431457505));
#5776 = VECTOR('',#5777,1.);
#5777 = DIRECTION('',(0.281084637715,0.959682982261));
#5778 = ( GEOMETRIC_REPRESENTATION_CONTEXT(2) 
PARAMETRIC_REPRESENTATION_CONTEXT() REPRESENTATION_CONTEXT('2D SPACE',''
  ) );
#5779 = ORIENTED_EDGE('',*,*,#5780,.T.);
#5780 = EDGE_CURVE('',#5758,#5709,#5781,.T.);
#5781 = SURFACE_CURVE('',#5782,(#5786,#5793),.PCURVE_S1.);
#5782 = LINE('',#5783,#5784);
#5783 = CARTESIAN_POINT('',(55.37867965644,-24.37867965644,0.));
#5784 = VECTOR('',#5785,1.);
#5785 = DIRECTION('',(0.707106781187,0.707106781187,0.));
#5786 = PCURVE('',#5360,#5787);
#5787 = DEFINITIONAL_REPRESENTATION('',(#5788),#5792);
#5788 = LINE('',#5789,#5790);
#5789 = CARTESIAN_POINT('',(0.,-2.12132034356));
#5790 = VECTOR('',#5791,1.);
#5791 = DIRECTION('',(1.,0.));
#5792 = ( GEOMETRIC_REPRESENTATION_CONTEXT(2) 
PARAMETRIC_REPRESENTATION_CONTEXT() REPRESENTATION_CONTEXT('2D SPACE',''
  ) );
#5793 = PCURVE('',#5500,#5794);
#5794 = DEFINITIONAL_REPRESENTATION('',(#5795),#5799);
#5795 = LINE('',#5796,#5797);
#5796 = CARTESIAN_POINT('',(17.173313346662,-25.27867965644));
#5797 = VECTOR('',#5798,1.);
#5798 = DIRECTION('',(0.707106781187,0.707106781187));
#5799 = ( GEOMETRIC_REPRESENTATION_CONTEXT(2) 
PARAMETRIC_REPRESENTATION_CONTEXT() REPRESENTATION_CONTEXT('2D SPACE',''
  ) );
#5800 = ORIENTED_EDGE('',*,*,#5708,.T.);
#5801 = ORIENTED_EDGE('',*,*,#5346,.F.);
#5802 = ADVANCED_FACE('',(#5803),#5414,.T.);
#5803 = FACE_BOUND('',#5804,.T.);
#5804 = EDGE_LOOP('',(#5805,#5828,#5849,#5850));
#5805 = ORIENTED_EDGE('',*,*,#5806,.T.);
#5806 = EDGE_CURVE('',#5376,#5807,#5809,.T.);
#5807 = VERTEX_POINT('',#5808);
#5808 = CARTESIAN_POINT('',(-56.25735931288,-23.5,3.330669073875E-15));
#5809 = SURFACE_CURVE('',#5810,(#5814,#5821),.PCURVE_S1.);
#5810 = LINE('',#5811,#5812);
#5811 = CARTESIAN_POINT('',(-56.36909430915,-23.76975214339,
    0.26975214339));
#5812 = VECTOR('',#5813,1.);
#5813 = DIRECTION('',(0.281084637715,0.678598344546,-0.678598344546));
#5814 = PCURVE('',#5414,#5815);
#5815 = DEFINITIONAL_REPRESENTATION('',(#5816),#5820);
#5816 = LINE('',#5817,#5818);
#5817 = CARTESIAN_POINT('',(1.130905690848,-1.739833203899));
#5818 = VECTOR('',#5819,1.);
#5819 = DIRECTION('',(0.281084637715,-0.959682982261));
#5820 = ( GEOMETRIC_REPRESENTATION_CONTEXT(2) 
PARAMETRIC_REPRESENTATION_CONTEXT() REPRESENTATION_CONTEXT('2D SPACE',''
  ) );
#5821 = PCURVE('',#5446,#5822);
#5822 = DEFINITIONAL_REPRESENTATION('',(#5823),#5827);
#5823 = LINE('',#5824,#5825);
#5824 = CARTESIAN_POINT('',(-13.01122993288,1.739833203899));
#5825 = VECTOR('',#5826,1.);
#5826 = DIRECTION('',(0.281084637715,0.959682982261));
#5827 = ( GEOMETRIC_REPRESENTATION_CONTEXT(2) 
PARAMETRIC_REPRESENTATION_CONTEXT() REPRESENTATION_CONTEXT('2D SPACE',''
  ) );
#5828 = ORIENTED_EDGE('',*,*,#5829,.T.);
#5829 = EDGE_CURVE('',#5807,#5758,#5830,.T.);
#5830 = SURFACE_CURVE('',#5831,(#5835,#5842),.PCURVE_S1.);
#5831 = LINE('',#5832,#5833);
#5832 = CARTESIAN_POINT('',(-57.5,-23.5,0.));
#5833 = VECTOR('',#5834,1.);
#5834 = DIRECTION('',(1.,0.,0.));
#5835 = PCURVE('',#5414,#5836);
#5836 = DEFINITIONAL_REPRESENTATION('',(#5837),#5841);
#5837 = LINE('',#5838,#5839);
#5838 = CARTESIAN_POINT('',(0.,-2.12132034356));
#5839 = VECTOR('',#5840,1.);
#5840 = DIRECTION('',(1.,0.));
#5841 = ( GEOMETRIC_REPRESENTATION_CONTEXT(2) 
PARAMETRIC_REPRESENTATION_CONTEXT() REPRESENTATION_CONTEXT('2D SPACE',''
  ) );
#5842 = PCURVE('',#5500,#5843);
#5843 = DEFINITIONAL_REPRESENTATION('',(#5844),#5848);
#5844 = LINE('',#5845,#5846);
#5845 = CARTESIAN_POINT('',(-95.70536630977,-24.4));
#5846 = VECTOR('',#5847,1.);
#5847 = DIRECTION('',(1.,0.));
#5848 = ( GEOMETRIC_REPRESENTATION_CONTEXT(2) 
PARAMETRIC_REPRESENTATION_CONTEXT() REPRESENTATION_CONTEXT('2D SPACE',''
  ) );
#5849 = ORIENTED_EDGE('',*,*,#5757,.T.);
#5850 = ORIENTED_EDGE('',*,*,#5400,.F.);
#5851 = ADVANCED_FACE('',(#5852),#5446,.T.);
#5852 = FACE_BOUND('',#5853,.F.);
#5853 = EDGE_LOOP('',(#5854,#5855,#5856,#5857));
#5854 = ORIENTED_EDGE('',*,*,#5561,.F.);
#5855 = ORIENTED_EDGE('',*,*,#5432,.T.);
#5856 = ORIENTED_EDGE('',*,*,#5806,.T.);
#5857 = ORIENTED_EDGE('',*,*,#5858,.F.);
#5858 = EDGE_CURVE('',#5562,#5807,#5859,.T.);
#5859 = SURFACE_CURVE('',#5860,(#5864,#5871),.PCURVE_S1.);
#5860 = LINE('',#5861,#5862);
#5861 = CARTESIAN_POINT('',(-65.37867965644,-14.37867965644,0.));
#5862 = VECTOR('',#5863,1.);
#5863 = DIRECTION('',(0.707106781187,-0.707106781187,0.));
#5864 = PCURVE('',#5446,#5865);
#5865 = DEFINITIONAL_REPRESENTATION('',(#5866),#5870);
#5866 = LINE('',#5867,#5868);
#5867 = CARTESIAN_POINT('',(7.105427357601E-15,2.12132034356));
#5868 = VECTOR('',#5869,1.);
#5869 = DIRECTION('',(-1.,0.));
#5870 = ( GEOMETRIC_REPRESENTATION_CONTEXT(2) 
PARAMETRIC_REPRESENTATION_CONTEXT() REPRESENTATION_CONTEXT('2D SPACE',''
  ) );
#5871 = PCURVE('',#5500,#5872);
#5872 = DEFINITIONAL_REPRESENTATION('',(#5873),#5877);
#5873 = LINE('',#5874,#5875);
#5874 = CARTESIAN_POINT('',(-103.5840459662,-15.27867965644));
#5875 = VECTOR('',#5876,1.);
#5876 = DIRECTION('',(0.707106781187,-0.707106781187));
#5877 = ( GEOMETRIC_REPRESENTATION_CONTEXT(2) 
PARAMETRIC_REPRESENTATION_CONTEXT() REPRESENTATION_CONTEXT('2D SPACE',''
  ) );
#5878 = ADVANCED_FACE('',(#5879),#5500,.F.);
#5879 = FACE_BOUND('',#5880,.F.);
#5880 = EDGE_LOOP('',(#5881,#5882,#5883,#5884,#5885,#5886,#5887,#5888));
#5881 = ORIENTED_EDGE('',*,*,#5608,.F.);
#5882 = ORIENTED_EDGE('',*,*,#5858,.T.);
#5883 = ORIENTED_EDGE('',*,*,#5829,.T.);
#5884 = ORIENTED_EDGE('',*,*,#5780,.T.);
#5885 = ORIENTED_EDGE('',*,*,#5731,.T.);
#5886 = ORIENTED_EDGE('',*,*,#5682,.T.);
#5887 = ORIENTED_EDGE('',*,*,#5484,.F.);
#5888 = ORIENTED_EDGE('',*,*,#5635,.F.);
#5889 = ( GEOMETRIC_REPRESENTATION_CONTEXT(3) 
GLOBAL_UNCERTAINTY_ASSIGNED_CONTEXT((#5893)) 
GLOBAL_UNIT_ASSIGNED_CONTEXT((#5890,#5891,#5892)) REPRESENTATION_CONTEXT
('Context #1','3D Context with UNIT and UNCERTAINTY') );
#5890 = ( LENGTH_UNIT() NAMED_UNIT(*) SI_UNIT(.MILLI.,.METRE.) );
#5891 = ( NAMED_UNIT(*) PLANE_ANGLE_UNIT() SI_UNIT($,.RADIAN.) );
#5892 = ( NAMED_UNIT(*) SI_UNIT($,.STERADIAN.) SOLID_ANGLE_UNIT() );
#5893 = UNCERTAINTY_MEASURE_WITH_UNIT(LENGTH_MEASURE(2.E-07),#5890,
  'distance_accuracy_value','confusion accuracy');
#5894 = PRODUCT_RELATED_PRODUCT_CATEGORY('part',$,(#7));
ENDSEC;
END-ISO-10303-21;
